id,sport,game,betOn,betType,pick,line,ou,prob,ev,evGrade,confidence,ml,grade,outcome,settledAt,hScore,aScore,note,date
2026-09-06_Arsenal_Chelsea_PL_SOC_OVER2.5,PL,,OVER 2.5,ML,,,,,,,,-110,,win,2026-09-06T18:17:48.736000+00:00,,,,2026-09-06
2026-09-06_Frosinone_Venezia_SERIEA_UNDER3.5,SERIEA,,UNDER 3.5,ML,,,,,,,,-110,,loss,2026-09-06T16:24:19.707000+00:00,,,,2026-09-06
2026-09-06_Everton_Manchester United_PL_SOC_ManchesterUnitedWin,PL,,Manchester United Win,ML,,,,,,,,-110,,loss,2026-09-06T16:24:19.170000+00:00,,,,2026-09-06
2026-09-06_Málaga_Levante_LIGA_UNDER2.5,LIGA,,UNDER 2.5,ML,,,,,,,,-110,,win,2026-09-06T18:24:49.631000+00:00,,,,2026-09-06
2026-09-06_Hamburg SV_Mainz_BUND_UNDER2.5,BUND,,UNDER 2.5,ML,,,,,,,,-110,,loss,2026-09-06T16:24:19.463000+00:00,,,,2026-09-06
2026-09-06_Parma_Monza_SERIEA_ParmaWin,SERIEA,,Parma Win,ML,,,,,,,,-110,,loss,2026-09-06T15:15:59.459000+00:00,,,,2026-09-06
2026-09-06_Valencia_Barcelona_LIGA_UNDER3.5,LIGA,,UNDER 3.5,ML,,,,,,,,-110,,loss,2026-09-06T16:24:19.305000+00:00,,,,2026-09-06
2026-09-06_T.Townsend_A.Sabalenka_WTA_A.SabalenkaML,WTA,,A.Sabalenka ML,ML,,,,,,,,-110,,win,2026-09-06T18:18:39.137000+00:00,,,,2026-09-06
2026-09-06_Eintracht Frankfurt_FC Augsburg_BUND_UNDER3.5,BUND,,UNDER 3.5,ML,,,,,,,,-110,,loss,2026-09-06T17:23:26.743000+00:00,,,,2026-09-06
2026-09-06_Valencia_Barcelona_LIGA_BarcelonaWin,LIGA,,Barcelona Win,ML,,,,,,,,-110,,win,2026-09-06T16:24:19.304000+00:00,,,,2026-09-06
2026-09-06_Arsenal_Chelsea_PL_SOC_ArsenalWin,PL,,Arsenal Win,ML,,,,,,,,-110,,win,2026-09-06T18:17:48.736000+00:00,,,,2026-09-06
2026-09-06_Málaga_Levante_LIGA_LevanteWin,LIGA,,Levante Win,ML,,,,,,,,-110,,loss,2026-09-06T18:24:49.632000+00:00,,,,2026-09-06
2026-09-06_Parma_Monza_SERIEA_OVER2.5,SERIEA,,OVER 2.5,ML,,,,,,,,-110,,loss,2026-09-06T15:15:59.459000+00:00,,,,2026-09-06
2026-09-06_Everton_Manchester United_PL_SOC_OVER2.5,PL,,OVER 2.5,ML,,,,,,,,-110,,win,2026-09-06T16:24:19.171000+00:00,,,,2026-09-06
2026-09-06_Hamburg SV_Mainz_BUND_HamburgSVWin,BUND,,Hamburg SV Win,ML,,,,,,,,-110,,loss,2026-09-06T16:10:49.634000+00:00,,,,2026-09-06
2026-09-06_Eintracht Frankfurt_FC Augsburg_BUND_EintrachtFrankfurtWin,BUND,,Eintracht Frankfurt Win,ML,,,,,,,,-110,,loss,2026-09-06T17:23:26.742000+00:00,,,,2026-09-06
2026-09-06_Parma_Monza_SERIEA_UNDER2.5,SERIEA,,UNDER 2.5,ML,,,,,,,,-110,,win,2026-09-06T16:24:19.709000+00:00,,,,2026-09-06
2026-09-06_Frosinone_Venezia_SERIEA_FrosinoneWin,SERIEA,,Frosinone Win,ML,,,,,,,,-110,,win,2026-09-06T15:15:59.457000+00:00,,,,2026-09-06
2026-09-06_Bologna_Sassuolo_SERIEA_UNDER2.5,SERIEA,,UNDER 2.5,ML,,,,,,,,-110,,loss,2026-09-06T18:17:49.250000+00:00,,,,2026-09-06
2026-09-06_Valencia_Barcelona_LIGA_Barcelona,LIGA,,Barcelona,ML,,,,,,,,-400,,win,2026-09-06T18:20:39.322000+00:00,,,,2026-09-06
2026-09-06_Frosinone_Venezia_SERIEA_Frosinone,SERIEA,,Frosinone,ML,,,,,,,,130,,win,2026-09-06T18:19:39.606000+00:00,,,,2026-09-06
2026-09-05_TTU_ACU_CFB_UNDER59.5,CFB,,UNDER 59.5,ML,,,,,,,,-110,,win,2026-09-06T03:14:40.247000+00:00,,,,2026-09-05
2026-09-05_JVST_EKU_CFB_UNDER53.5,CFB,,UNDER 53.5,ML,,,,,,,,-110,,loss,2026-09-06T03:14:40.264000+00:00,,,,2026-09-05
2026-09-05_IU_UNT_CFB_UNT+40.5,CFB,,UNT +40.5,ML,,,,,,,,-110,,win,2026-09-05T19:24:22.488000+00:00,,,,2026-09-05
2026-09-05_UL_LAM_CFB_ULML,CFB,,UL ML,ML,,,,,,,,-316,,win,2026-09-06T03:14:40.244000+00:00,,,,2026-09-05
2026-09-05_Schalke 04_Bayern Munich_BUND_BayernMunichWin,BUND,,Bayern Munich Win,ML,,,,,,,,-110,,loss,2026-09-05T18:23:34.515000+00:00,,,,2026-09-05
2026-09-05_TROY_SHSU_CFB_OVER54.5,CFB,,OVER 54.5,ML,,,,,,,,-110,,loss,2026-09-06T03:14:40.266000+00:00,,,,2026-09-05
2026-09-05_TROY_SHSU_CFB_OVER53.5,CFB,,OVER 53.5,ML,,,,,,,,-110,,loss,2026-09-06T03:14:40.267000+00:00,,,,2026-09-05
2026-09-05_DUKE_TULN_CFB_TULN+7.5,CFB,,TULN +7.5,ML,,,,,,,,-110,,loss,2026-09-06T00:22:58.864000+00:00,,,,2026-09-05
2026-09-05_MICH_WMU_CFB_UNDER49.5,CFB,,UNDER 49.5,ML,,,,,,,,-110,,win,2026-09-06T03:14:40.248000+00:00,,,,2026-09-05
2026-09-05_CIN_BC_CFB_CIN-7.0,CFB,,CIN -7.0,ML,,,,,,,,-110,,win,2026-09-05T23:19:14.752000+00:00,,,,2026-09-05
2026-09-05_TSG Hoffenheim_Borussia Dortmund_BUND_BorussiaDortmundWin,BUND,,Borussia Dortmund Win,ML,,,,,,,,-110,,win,2026-09-05T15:27:35.273000+00:00,,,,2026-09-05
2026-09-05_FLA_FAU_CFB_FAU+26.5,CFB,,FAU +26.5,ML,,,,,,,,-110,,loss,2026-09-06T04:52:16.397000+00:00,,,,2026-09-05
2026-09-05_ODU_NORF_CFB_UNDER52.5,CFB,,UNDER 52.5,ML,,,,,,,,-110,,win,2026-09-06T03:14:40.257000+00:00,,,,2026-09-05
2026-09-05_WVU_CCU_CFB_OVER56.5,CFB,,OVER 56.5,ML,,,,,,,,-110,,loss,2026-09-05T19:34:19.391000+00:00,,,,2026-09-05
2026-09-05_FC Cincinnati_D.C. United_MLS_FCCincinnatiWin,MLS,,FC Cincinnati Win,ML,,,,,,,,-110,,loss,2026-09-06T04:51:25.444000+00:00,,,,2026-09-05
2026-09-05_CLT_CIT_CFB_CLTML,CFB,,CLT ML,ML,,,,,,,,-305,,loss,2026-09-06T03:14:40.253000+00:00,,,,2026-09-05
2026-09-05_Brighton & Hove Albion_Leeds United_PL_SOC_OVER2.5,PL,,OVER 2.5,ML,,,,,,,,-110,,loss,2026-09-05T16:00:22.748000+00:00,,,,2026-09-05
2026-09-05_ISU_SEMO_CFB_ISUML,CFB,,ISU ML,ML,,,,,,,,-434,,win,2026-09-05T21:19:46.419000+00:00,,,,2026-09-05
2026-09-05_CWS_MIN_MLB_MIN+1.5,MLB,,MIN +1.5,ML,,,,,,,,+110,,win,2026-09-06T03:14:40.014000+00:00,,,,2026-09-05
2026-09-05_KC_TOR_MLB_TOR+1.5,MLB,,TOR +1.5,ML,,,,,,,,+110,,win,2026-09-06T03:14:40.015000+00:00,,,,2026-09-05
2026-09-05_AFA_DUQ_CFB_UNDER58.5,CFB,,UNDER 58.5,ML,,,,,,,,-110,,win,2026-09-05T19:54:42.573000+00:00,,,,2026-09-05
2026-09-05_TEX_TXST_CFB_UNDER60.5,CFB,,UNDER 60.5,ML,,,,,,,,-110,,loss,2026-09-05T22:40:34.372000+00:00,,,,2026-09-05
2026-09-05_MEM_ARST_CFB_MEM-10.5,CFB,,MEM -10.5,ML,,,,,,,,-110,,win,2026-09-06T03:14:40.261000+00:00,,,,2026-09-05
2026-09-05_Toronto FC_Chicago Fire FC_MLS_ChicagoFireFCWin,MLS,,Chicago Fire FC Win,ML,,,,,,,,-110,,loss,2026-09-06T04:51:25.439000+00:00,,,,2026-09-05
2026-09-05_PIT_LAA_MLB_PIT-1.5,MLB,,PIT -1.5,ML,,,,,,,,-130,,loss,2026-09-06T03:14:40.014000+00:00,,,,2026-09-05
2026-09-05_C.Gauff_C.Bucsa_WTA_UNDER2.5sets,WTA,,UNDER 2.5 sets,ML,,,,,,,,-110,,win,2026-09-05T21:19:46.275000+00:00,,,,2026-09-05
2026-09-05_USU_IDST_CFB_USUML,CFB,,USU ML,ML,,,,,,,,-502,,loss,2026-09-06T03:14:40.259000+00:00,,,,2026-09-05
2026-09-05_A.Eala_I.Jovic_WTA_A.EalaML,WTA,,A.Eala ML,ML,,,,,,,,-110,,loss,2026-09-06T03:14:40.168000+00:00,,,,2026-09-05
2026-09-05_UTSA_RGV_CFB_UTSAML,CFB,,UTSA ML,ML,,,,,,,,-420,,win,2026-09-05T23:19:14.754000+00:00,,,,2026-09-05
2026-09-05_NDSU_FOR_CFB_UNDER56.5,CFB,,UNDER 56.5,ML,,,,,,,,-110,,win,2026-09-05T22:21:34.224000+00:00,,,,2026-09-05
2026-09-05_IOWA_NIU_CFB_NIU+31.5,CFB,,NIU +31.5,ML,,,,,,,,-110,,loss,2026-09-05T23:24:45.827000+00:00,,,,2026-09-05
2026-09-05_Fulham_Crystal Palace_PL_SOC_FulhamWin,PL,,Fulham Win,ML,,,,,,,,-110,,loss,2026-09-05T15:58:22.373000+00:00,,,,2026-09-05
2026-09-05_Brentford_Sunderland_PL_SOC_BrentfordWin,PL,,Brentford Win,ML,,,,,,,,-110,,loss,2026-09-05T16:03:25.673000+00:00,,,,2026-09-05
2026-09-05_Nottingham Forest_Tottenham Hotspur_PL_SOC_UNDER2.5,PL,,UNDER 2.5,ML,,,,,,,,-110,,win,2026-09-05T15:54:22.713000+00:00,,,,2026-09-05
2026-09-05_TENN_FUR_CFB_UNDER66.5,CFB,,UNDER 66.5,ML,,,,,,,,-110,,win,2026-09-05T22:54:22.493000+00:00,,,,2026-09-05
2026-09-05_WVU_CCU_CFB_CCU+21.0,CFB,,CCU +21.0,ML,,,,,,,,-110,,win,2026-09-05T19:34:19.389000+00:00,,,,2026-09-05
2026-09-05_LT_NWST_CFB_LTML,CFB,,LT ML,ML,,,,,,,,-506,,win,2026-09-06T03:14:40.270000+00:00,,,,2026-09-05
2026-09-05_PIT_LAA_MLB_PITML,MLB,,PIT ML,ML,,,,,,,,-191,,loss,2026-09-06T03:14:40.014000+00:00,,,,2026-09-05
2026-09-05_CLT_CIT_CFB_OVER46.5,CFB,,OVER 46.5,ML,,,,,,,,-110,,win,2026-09-06T03:14:40.253000+00:00,,,,2026-09-05
cfb_2026-09-05_ORE_BOIS_SPREAD_BOIS+24.5,FOOTBALL,,BOIS +24.5,SPREAD,,,,,,,,-110,,win,2026-09-05T23:19:14.744000+00:00,,,,2026-09-05
2026-09-05_AUB_BAY_CFB_AUBML,CFB,,AUB ML,ML,,,,,,,,-286,,win,2026-09-05T23:21:44.523000+00:00,,,,2026-09-05
2026-09-05_TENN_FUR_CFB_TENNML,CFB,,TENN ML,ML,,,,,,,,-510,,win,2026-09-05T22:54:22.490000+00:00,,,,2026-09-05
2026-09-05_SD_NYY_MLB_UNDER7.5,MLB,,UNDER 7.5,ML,,,,,,,,-110,,win,2026-09-06T03:14:40.017000+00:00,,,,2026-09-05
2026-09-05_JMU_LIB_CFB_UNDER50.5,CFB,,UNDER 50.5,ML,,,,,,,,-110,,win,2026-09-05T19:31:19.377000+00:00,,,,2026-09-05
2026-09-05_IU_UNT_CFB_UNDER55.5,CFB,,UNDER 55.5,ML,,,,,,,,-110,,loss,2026-09-05T19:24:22.487000+00:00,,,,2026-09-05
2026-09-05_TLSA_OKST_CFB_TLSA+13.5,CFB,,TLSA +13.5,ML,,,,,,,,-110,,win,2026-09-05T23:19:14.745000+00:00,,,,2026-09-05
2026-09-05_UTSA_RGV_CFB_UNDER59.5,CFB,,UNDER 59.5,ML,,,,,,,,-110,,loss,2026-09-05T23:19:14.753000+00:00,,,,2026-09-05
2026-09-05_LT_NWST_CFB_UNDER55.5,CFB,,UNDER 55.5,ML,,,,,,,,-110,,loss,2026-09-06T03:14:40.270000+00:00,,,,2026-09-05
2026-09-05_Villarreal_Deportivo_LIGA_VillarrealWin,LIGA,,Villarreal Win,ML,,,,,,,,-110,,loss,2026-09-05T21:22:05.979000+00:00,,,,2026-09-05
2026-09-05_USF_FIU_CFB_USFML,CFB,,USF ML,ML,,,,,,,,-255,,win,2026-09-06T03:14:40.263000+00:00,,,,2026-09-05
2026-09-05_HAW_UNLV_CFB_UNDER56.5,CFB,,UNDER 56.5,ML,,,,,,,,-110,,win,2026-09-06T07:11:49.920000+00:00,,,,2026-09-05
2026-09-05_JMU_LIB_CFB_JMU-6.0,CFB,,JMU -6.0,ML,,,,,,,,-110,,win,2026-09-05T19:31:19.376000+00:00,,,,2026-09-05
2026-09-05_A.Tabilo_A.Zverev_ATP_A.TabiloML,ATP,,A.Tabilo ML,ML,,,,,,,,-110,,loss,2026-09-06T07:11:51.800000+00:00,,,,2026-09-05
2026-09-05_ASU_MORG_CFB_UNDER52.5,CFB,,UNDER 52.5,ML,,,,,,,,-110,,loss,2026-09-06T07:11:49.920000+00:00,,,,2026-09-05
2026-09-05_NAVY_TOW_CFB_NAVYML,CFB,,NAVY ML,ML,,,,,,,,-413,,win,2026-09-05T22:25:32.254000+00:00,,,,2026-09-05
2026-09-05_USA_SELA_CFB_UNDER52.5,CFB,,UNDER 52.5,ML,,,,,,,,-110,,loss,2026-09-06T03:14:40.265000+00:00,,,,2026-09-05
2026-09-05_NMSU_MERC_CFB_NMSUML,CFB,,NMSU ML,ML,,,,,,,,-346,,win,2026-09-06T04:52:16.400000+00:00,,,,2026-09-05
2026-09-05_Newcastle United_AFC Bournemouth_PL_SOC_OVER2.5,PL,,OVER 2.5,ML,,,,,,,,-110,,win,2026-09-05T13:29:31.800000+00:00,,,,2026-09-05
2026-09-05_Rayo Vallecano_Racing Santander_LIGA_OVER2.5,LIGA,,OVER 2.5,ML,,,,,,,,-110,,win,2026-09-05T18:30:23.215000+00:00,,,,2026-09-05
2026-09-05_SAC_MVSU_CFB_SACML,CFB,,SAC ML,ML,,,,,,,,-428,,win,2026-09-06T07:11:49.921000+00:00,,,,2026-09-05
2026-09-05_NU_SDST_CFB_UNDER46.5,CFB,,UNDER 46.5,ML,,,,,,,,-110,,loss,2026-09-06T04:52:16.398000+00:00,,,,2026-09-05
2026-09-05_SYR_UNH_CFB_SYRML,CFB,,SYR ML,ML,,,,,,,,-465,,win,2026-09-05T19:33:19.480000+00:00,,,,2026-09-05
2026-09-05_USU_IDST_CFB_UNDER62.5,CFB,,UNDER 62.5,ML,,,,,,,,-110,,win,2026-09-06T03:14:40.259000+00:00,,,,2026-09-05
2026-09-05_UK_YSU_CFB_UKML,CFB,,UK ML,ML,,,,,,,,-349,,win,2026-09-05T20:13:22.878000+00:00,,,,2026-09-05
2026-09-05_Schalke 04_Bayern Munich_BUND_UNDER4.5,BUND,,UNDER 4.5,ML,,,,,,,,-110,,win,2026-09-05T18:23:34.516000+00:00,,,,2026-09-05
2026-09-05_SAC_MVSU_CFB_SAC-37.5,CFB,,SAC -37.5,ML,,,,,,,,-110,,win,2026-09-06T07:11:49.921000+00:00,,,,2026-09-05
2026-09-05_VT_VMI_CFB_VTML,CFB,,VT ML,ML,,,,,,,,-516,,win,2026-09-06T03:14:40.241000+00:00,,,,2026-09-05
2026-09-05_PIT_LAA_MLB_OVER8.5,MLB,,OVER 8.5,ML,,,,,,,,-110,,loss,2026-09-06T03:14:40.014000+00:00,,,,2026-09-05
2026-09-05_KSU_NICH_CFB_UNDER54.5,CFB,,UNDER 54.5,ML,,,,,,,,-110,,loss,2026-09-06T03:14:40.258000+00:00,,,,2026-09-05
2026-09-05_ORE_BOIS_CFB_OREML,CFB,,ORE ML,ML,,,,,,,,-324,,win,2026-09-05T23:19:14.743000+00:00,,,,2026-09-05
2026-09-05_TA&M_MOST_CFB_MOST+40.5,CFB,,MOST +40.5,ML,,,,,,,,-110,,loss,2026-09-06T03:14:40.246000+00:00,,,,2026-09-05
2026-09-05_SDSU_PRST_CFB_UNDER61.5,CFB,,UNDER 61.5,ML,,,,,,,,-110,,loss,2026-09-06T07:11:49.919000+00:00,,,,2026-09-05
2026-09-05_TROY_SHSU_CFB_TROYML,CFB,,TROY ML,ML,,,,,,,,-249,,win,2026-09-06T03:14:40.267000+00:00,,,,2026-09-05
2026-09-05_IOWA_NIU_CFB_UNDER44.5,CFB,,UNDER 44.5,ML,,,,,,,,-110,,win,2026-09-05T23:24:45.827000+00:00,,,,2026-09-05
2026-09-05_TEX_TXST_CFB_UNDER59.5,CFB,,UNDER 59.5,ML,,,,,,,,-110,,loss,2026-09-05T22:40:34.371000+00:00,,,,2026-09-05
2026-09-05_JVST_EKU_CFB_JVST-20.5,CFB,,JVST -20.5,ML,,,,,,,,-110,,win,2026-09-06T03:14:40.263000+00:00,,,,2026-09-05
2026-09-05_CIN_BC_CFB_CIN-7.5,CFB,,CIN -7.5,ML,,,,,,,,-110,,win,2026-09-05T23:19:14.752000+00:00,,,,2026-09-05
2026-09-05_Borussia Mönchengladbach_SV Elversberg_BUND_SVElversbergWin,BUND,,SV Elversberg Win,ML,,,,,,,,-110,,win,2026-09-05T15:26:34.251000+00:00,,,,2026-09-05
2026-09-05_ARK_UNA_CFB_UNDER63.5,CFB,,UNDER 63.5,ML,,,,,,,,-110,,win,2026-09-05T23:40:54.282000+00:00,,,,2026-09-05
2026-09-05_Manchester City_Coventry City_PL_SOC_UNDER3.5,PL,,UNDER 3.5,ML,,,,,,,,-110,,win,2026-09-05T15:54:22.712000+00:00,,,,2026-09-05
2026-09-05_PSU_MRSH_CFB_PSUML,CFB,,PSU ML,ML,,,,,,,,-262,,win,2026-09-05T21:33:56.257000+00:00,,,,2026-09-05
2026-09-05_SC Paderborn 07_SC Freiburg_BUND_UNDER3.5,BUND,,UNDER 3.5,ML,,,,,,,,-110,,win,2026-09-05T16:00:22.920000+00:00,,,,2026-09-05
2026-09-05_UK_YSU_CFB_UNDER62.5,CFB,,UNDER 62.5,ML,,,,,,,,-110,,win,2026-09-05T20:13:22.879000+00:00,,,,2026-09-05
2026-09-05_LAD_WSN_MLB_LAD-1.5,MLB,,LAD -1.5,ML,,,,,,,,-130,,loss,2026-09-06T04:52:15.544000+00:00,,,,2026-09-05
2026-09-05_CONN_LAF_CFB_UNDER52.5,CFB,,UNDER 52.5,ML,,,,,,,,-110,,loss,2026-09-05T19:28:22.505000+00:00,,,,2026-09-05
2026-09-05_COL_STL_MLB_STL+1.5,MLB,,STL +1.5,ML,,,,,,,,+110,,loss,2026-09-06T04:52:15.543000+00:00,,,,2026-09-05
2026-09-05_PHI_ATL_MLB_ATL-1.5,MLB,,ATL -1.5,ML,,,,,,,,-130,,loss,2026-09-06T03:14:40.012000+00:00,,,,2026-09-05
2026-09-05_TEX_TB_MLB_UNDER7.5,MLB,,UNDER 7.5,ML,,,,,,,,-110,,loss,2026-09-06T03:14:40.014000+00:00,,,,2026-09-05
2026-09-05_ARIZ_NAU_CFB_UNDER58.5,CFB,,UNDER 58.5,ML,,,,,,,,-110,,win,2026-09-06T04:52:16.352000+00:00,,,,2026-09-05
2026-09-05_Bayer Leverkusen_1. FC Union Berlin_BUND_BayerLeverkusenWin,BUND,,Bayer Leverkusen Win,ML,,,,,,,,-110,,win,2026-09-05T15:22:33.864000+00:00,,,,2026-09-05
2026-09-05_Bayer Leverkusen_1. FC Union Berlin_BUND_UNDER3.5,BUND,,UNDER 3.5,ML,,,,,,,,-110,,loss,2026-09-05T15:22:33.865000+00:00,,,,2026-09-05
2026-09-05_NEV_WKU_CFB_WKU-1.5,CFB,,WKU -1.5,ML,,,,,,,,-110,,loss,2026-09-06T07:11:49.922000+00:00,,,,2026-09-05
2026-09-05_NYM_SF_MLB_UNDER8.5,MLB,,UNDER 8.5,ML,,,,,,,,-110,,loss,2026-09-06T03:14:09.612000+00:00,,,,2026-09-05
2026-09-05_LSU_CLEM_CFB_CLEM+10.0,CFB,,CLEM +10.0,ML,,,,,,,,-110,,loss,2026-09-06T07:11:49.905000+00:00,,,,2026-09-05
2026-09-05_CAL_UCLA_CFB_OVER53.5,CFB,,OVER 53.5,ML,,,,,,,,-110,,win,2026-09-06T07:11:49.921000+00:00,,,,2026-09-05
2026-09-05_AUB_BAY_CFB_UNDER58.5,CFB,,UNDER 58.5,ML,,,,,,,,-110,,win,2026-09-05T22:25:46.495000+00:00,,,,2026-09-05
2026-09-05_Athletic Club_Atlético Madrid_LIGA_AtléticoMadridWin,LIGA,,Atlético Madrid Win,ML,,,,,,,,-110,,loss,2026-09-05T16:18:23.681000+00:00,,,,2026-09-05
2026-09-05_AFA_DUQ_CFB_AFAML,CFB,,AFA ML,ML,,,,,,,,-398,,win,2026-09-05T19:54:42.572000+00:00,,,,2026-09-05
2026-09-05_AUB_BAY_CFB_UNDER59.5,CFB,,UNDER 59.5,ML,,,,,,,,-110,,win,2026-09-05T22:22:49.858000+00:00,,,,2026-09-05
2026-09-05_APP_ME_CFB_APPML,CFB,,APP ML,ML,,,,,,,,-290,,win,2026-09-05T22:42:34.274000+00:00,,,,2026-09-05
2026-09-05_Seattle Sounders FC_Red Bull New York_MLS_UNDER3.5,MLS,,UNDER 3.5,ML,,,,,,,,-110,,win,2026-09-06T04:51:25.441000+00:00,,,,2026-09-05
2026-09-05_SC Paderborn 07_SC Freiburg_BUND_UNDER2.5,BUND,,UNDER 2.5,ML,,,,,,,,-110,,win,2026-09-05T15:23:34.319000+00:00,,,,2026-09-05
2026-09-05_SYR_UNH_CFB_UNDER55.5,CFB,,UNDER 55.5,ML,,,,,,,,-110,,loss,2026-09-05T19:33:19.480000+00:00,,,,2026-09-05
2026-09-05_LA Galaxy_New England Revolution_MLS_NewEnglandRevolutionWin,MLS,,New England Revolution Win,ML,,,,,,,,-110,,loss,2026-09-06T04:51:25.442000+00:00,,,,2026-09-05
2026-09-05_Hull City_Aston Villa_PL_SOC_HullCityWin,PL,,Hull City Win,ML,,,,,,,,-110,,loss,2026-09-05T18:22:03.657000+00:00,,,,2026-09-05
2026-09-05_BYU_UTU_CFB_BYU-51.5,CFB,,BYU -51.5,ML,,,,,,,,-110,,win,2026-09-06T03:14:40.242000+00:00,,,,2026-09-05
2026-09-05_AS Roma_Atalanta_SERIEA_OVER2.5,SERIEA,,OVER 2.5,ML,,,,,,,,-110,,win,2026-09-05T20:42:07.247000+00:00,,,,2026-09-05
2026-09-05_GASO_CHSO_CFB_GASOML,CFB,,GASO ML,ML,,,,,,,,-367,,win,2026-09-06T03:14:40.264000+00:00,,,,2026-09-05
2026-09-05_ARMY_BRY_CFB_ARMYML,CFB,,ARMY ML,ML,,,,,,,,-482,,win,2026-09-05T19:17:22.489000+00:00,,,,2026-09-05
2026-09-05_Charlotte FC_Houston Dynamo FC_MLS_CharlotteFCWin,MLS,,Charlotte FC Win,ML,,,,,,,,-110,,loss,2026-09-06T04:51:25.434000+00:00,,,,2026-09-05
2026-09-05_ARIZ_NAU_CFB_ARIZML,CFB,,ARIZ ML,ML,,,,,,,,-450,,win,2026-09-06T04:52:16.351000+00:00,,,,2026-09-05
2026-09-05_APP_ME_CFB_UNDER53.5,CFB,,UNDER 53.5,ML,,,,,,,,-110,,loss,2026-09-05T22:42:34.275000+00:00,,,,2026-09-05
2026-09-05_ODU_NORF_CFB_ODUML,CFB,,ODU ML,ML,,,,,,,,-465,,win,2026-09-06T03:14:40.257000+00:00,,,,2026-09-05
2026-09-05_SC Paderborn 07_SC Freiburg_BUND_SCFreiburgWin,BUND,,SC Freiburg Win,ML,,,,,,,,-110,,win,2026-09-05T16:00:22.919000+00:00,,,,2026-09-05
2026-09-05_BGSU_TAR_CFB_UNDER48.5,CFB,,UNDER 48.5,ML,,,,,,,,-110,,win,2026-09-05T19:17:22.492000+00:00,,,,2026-09-05
2026-09-05_ARMY_BRY_CFB_UNDER51.5,CFB,,UNDER 51.5,ML,,,,,,,,-110,,loss,2026-09-05T19:17:22.491000+00:00,,,,2026-09-05
2026-09-05_Internazionale_Napoli_SERIEA_InternazionaleWin,SERIEA,,Internazionale Win,ML,,,,,,,,-110,,win,2026-09-05T17:59:24.172000+00:00,,,,2026-09-05
2026-09-05_NDSU_FOR_CFB_UNDER55.5,CFB,,UNDER 55.5,ML,,,,,,,,-110,,win,2026-09-05T22:21:34.225000+00:00,,,,2026-09-05
2026-09-05_CAL_UCLA_CFB_CAL+2.5,CFB,,CAL +2.5,ML,,,,,,,,-110,,loss,2026-09-06T07:11:49.921000+00:00,,,,2026-09-05
2026-09-05_Hull City_Aston Villa_PL_SOC_UNDER2.5,PL,,UNDER 2.5,ML,,,,,,,,-110,,win,2026-09-05T18:22:03.658000+00:00,,,,2026-09-05
2026-09-05_MTSU_MUR_CFB_UNDER57.5,CFB,,UNDER 57.5,ML,,,,,,,,-110,,win,2026-09-06T07:11:49.917000+00:00,,,,2026-09-05
2026-09-05_MIA_CHC_MLB_CHCML,MLB,,CHC ML,ML,,,,,,,,-126,,win,2026-09-05T23:39:32.610000+00:00,,,,2026-09-05
2026-09-05_CIN_MIL_MLB_MILML,MLB,,MIL ML,ML,,,,,,,,-157,,loss,2026-09-06T04:52:15.541000+00:00,,,,2026-09-05
2026-09-05_VT_VMI_CFB_UNDER61.5,CFB,,UNDER 61.5,ML,,,,,,,,-110,,loss,2026-09-06T03:14:40.240000+00:00,,,,2026-09-05
2026-09-05_TEX_TB_MLB_TEX+1.5,MLB,,TEX +1.5,ML,,,,,,,,+110,,loss,2026-09-06T03:14:40.014000+00:00,,,,2026-09-05
2026-09-05_VAN_APSU_CFB_VANML,CFB,,VAN ML,ML,,,,,,,,-436,,win,2026-09-06T03:14:40.258000+00:00,,,,2026-09-05
2026-09-05_USA_SELA_CFB_USAML,CFB,,USA ML,ML,,,,,,,,-434,,win,2026-09-06T03:14:40.266000+00:00,,,,2026-09-05
2026-09-05_E.Rybakina_Y.Starodubtseva_WTA_UNDER2.5sets,WTA,,UNDER 2.5 sets,ML,,,,,,,,-110,,win,2026-09-06T03:14:40.169000+00:00,,,,2026-09-05
2026-09-05_CSU_WYO_CFB_OVER46.5,CFB,,OVER 46.5,ML,,,,,,,,-110,,win,2026-09-06T03:14:40.256000+00:00,,,,2026-09-05
2026-09-05_BGSU_TAR_CFB_UNDER47.5,CFB,,UNDER 47.5,ML,,,,,,,,-110,,win,2026-09-05T19:17:22.492000+00:00,,,,2026-09-05
2026-09-05_HOU_ARI_MLB_ARIML,MLB,,ARI ML,ML,,,,,,,,89,,win,2026-09-06T03:14:40.016000+00:00,,,,2026-09-05
2026-09-05_SEA_OAK_MLB_OVER7.5,MLB,,OVER 7.5,ML,,,,,,,,-110,,win,2026-09-06T04:52:15.544000+00:00,,,,2026-09-05
2026-09-05_C.Gauff_C.Bucsa_WTA_C.GauffML,WTA,,C.Gauff ML,ML,,,,,,,,-110,,win,2026-09-05T21:19:46.274000+00:00,,,,2026-09-05
2026-09-05_SDSU_PRST_CFB_UNDER62.5,CFB,,UNDER 62.5,ML,,,,,,,,-110,,loss,2026-09-06T07:11:49.919000+00:00,,,,2026-09-05
2026-09-05_NYM_SF_MLB_NYMML,MLB,,NYM ML,ML,,,,,,,,-167,,loss,2026-09-06T03:14:09.610000+00:00,,,,2026-09-05
cfb_2026-09-05_UGA_TNST_ML_UGA,FOOTBALL,,UGA,ML,,,,,,,,-519,,win,2026-09-05T21:29:33.694000+00:00,,,,2026-09-05
2026-09-05_Charlotte FC_Houston Dynamo FC_MLS_UNDER3.5,MLS,,UNDER 3.5,ML,,,,,,,,-110,,win,2026-09-06T04:51:25.434000+00:00,,,,2026-09-05
2026-09-05_ALA_ECU_CFB_UNDER52.5,CFB,,UNDER 52.5,ML,,,,,,,,-110,,loss,2026-09-05T19:21:22.437000+00:00,,,,2026-09-05
2026-09-05_CAL_UCLA_CFB_CAL+1.5,CFB,,CAL +1.5,ML,,,,,,,,-110,,loss,2026-09-06T07:11:49.921000+00:00,,,,2026-09-05
2026-09-05_Austin FC_San Jose Earthquakes_MLS_SanJoseEarthquakesWin,MLS,,San Jose Earthquakes Win,ML,,,,,,,,-110,,loss,2026-09-06T04:51:25.440000+00:00,,,,2026-09-05
2026-09-05_UGA_TNST_CFB_UNDER56.5,CFB,,UNDER 56.5,ML,,,,,,,,-110,,loss,2026-09-05T22:05:23.557000+00:00,,,,2026-09-05
2026-09-05_E.Rybakina_Y.Starodubtseva_WTA_E.RybakinaML,WTA,,E.Rybakina ML,ML,,,,,,,,-110,,win,2026-09-06T03:14:40.168000+00:00,,,,2026-09-05
2026-09-05_E.Mertens_N.Osaka_WTA_E.MertensML,WTA,,E.Mertens ML,ML,,,,,,,,-110,,loss,2026-09-06T03:14:40.167000+00:00,,,,2026-09-05
2026-09-05_OSU_BALL_CFB_UNDER56.5,CFB,,UNDER 56.5,ML,,,,,,,,-110,,loss,2026-09-05T19:48:22.524000+00:00,,,,2026-09-05
2026-09-05_LSU_CLEM_CFB_UNDER50.5,CFB,,UNDER 50.5,ML,,,,,,,,-110,,loss,2026-09-06T07:11:49.904000+00:00,,,,2026-09-05
2026-09-05_Werder Bremen_RB Leipzig_BUND_UNDER3.5,BUND,,UNDER 3.5,ML,,,,,,,,-110,,loss,2026-09-05T15:31:23.685000+00:00,,,,2026-09-05
2026-09-05_FC Dallas_Sporting Kansas City_MLS_FCDallasWin,MLS,,FC Dallas Win,ML,,,,,,,,-110,,win,2026-09-06T04:51:25.441000+00:00,,,,2026-09-05
2026-09-05_AS Roma_Atalanta_SERIEA_ASRomaWin,SERIEA,,AS Roma Win,ML,,,,,,,,-110,,win,2026-09-05T20:42:07.244000+00:00,,,,2026-09-05
2026-09-05_NU_SDST_CFB_NUML,CFB,,NU ML,ML,,,,,,,,-498,,win,2026-09-06T04:52:16.398000+00:00,,,,2026-09-05
2026-09-05_Manchester City_Coventry City_PL_SOC_ManchesterCityWin,PL,,Manchester City Win,ML,,,,,,,,-110,,win,2026-09-05T15:54:22.712000+00:00,,,,2026-09-05
2026-09-05_UGA_TNST_CFB_UGA-46.5,CFB,,UGA -46.5,ML,,,,,,,,-110,,win,2026-09-05T22:05:23.554000+00:00,,,,2026-09-05
2026-09-05_TTU_ACU_CFB_TTUML,CFB,,TTU ML,ML,,,,,,,,-507,,win,2026-09-06T03:14:40.247000+00:00,,,,2026-09-05
2026-09-05_Brentford_Sunderland_PL_SOC_OVER2.5,PL,,OVER 2.5,ML,,,,,,,,-110,,loss,2026-09-05T16:03:25.674000+00:00,,,,2026-09-05
2026-09-05_TA&M_MOST_CFB_UNDER53.5,CFB,,UNDER 53.5,ML,,,,,,,,-110,,win,2026-09-06T03:14:40.246000+00:00,,,,2026-09-05
2026-09-05_Portland Timbers_Minnesota United FC_MLS_PortlandTimbersWin,MLS,,Portland Timbers Win,ML,,,,,,,,-110,,win,2026-09-06T04:51:25.444000+00:00,,,,2026-09-05
2026-09-05_RICE_HCU_CFB_RICEML,CFB,,RICE ML,ML,,,,,,,,-332,,win,2026-09-06T03:14:40.262000+00:00,,,,2026-09-05
2026-09-05_ASU_MORG_CFB_ASUML,CFB,,ASU ML,ML,,,,,,,,-505,,win,2026-09-06T07:11:49.920000+00:00,,,,2026-09-05
2026-09-05_CWS_MIN_MLB_OVER8.5,MLB,,OVER 8.5,ML,,,,,,,,-110,,win,2026-09-06T03:14:40.015000+00:00,,,,2026-09-05
2026-09-05_Rayo Vallecano_Racing Santander_LIGA_RayoVallecanoWin,LIGA,,Rayo Vallecano Win,ML,,,,,,,,-110,,win,2026-09-05T18:30:23.216000+00:00,,,,2026-09-05
2026-09-05_TEM_URI_CFB_TEMML,CFB,,TEM ML,ML,,,,,,,,-238,,win,2026-09-05T21:19:46.421000+00:00,,,,2026-09-05
2026-09-05_MD_HAMP_CFB_UNDER56.5,CFB,,UNDER 56.5,ML,,,,,,,,-110,,loss,2026-09-06T04:52:16.398000+00:00,,,,2026-09-05
cfb_2026-09-05_NAVY_TOW_ML_NAVY,FOOTBALL,,NAVY,ML,,,,,,,,-429,,win,2026-09-05T22:21:40.856000+00:00,,,,2026-09-05
2026-09-05_SAC_MVSU_CFB_UNDER56.5,CFB,,UNDER 56.5,ML,,,,,,,,-110,,win,2026-09-06T07:11:49.921000+00:00,,,,2026-09-05
2026-09-05_L.Tien_J.Mensik_ATP_L.TienML,ATP,,L.Tien ML,ML,,,,,,,,-110,,loss,2026-09-06T04:52:18.447000+00:00,,,,2026-09-05
2026-09-05_FC Cincinnati_D.C. United_MLS_OVER2.5,MLS,,OVER 2.5,ML,,,,,,,,-110,,loss,2026-09-06T04:51:25.444000+00:00,,,,2026-09-05
2026-09-05_F.Cobolli_A.Blockx_ATP_F.CobolliML,ATP,,F.Cobolli ML,ML,,,,,,,,-110,,loss,2026-09-05T17:56:22.834000+00:00,,,,2026-09-05
2026-09-05_KSU_NICH_CFB_KSUML,CFB,,KSU ML,ML,,,,,,,,-465,,win,2026-09-06T03:14:40.258000+00:00,,,,2026-09-05
2026-09-05_CIN_BC_CFB_OVER50.5,CFB,,OVER 50.5,ML,,,,,,,,-110,,loss,2026-09-05T23:19:14.752000+00:00,,,,2026-09-05
2026-09-05_Internazionale_Napoli_SERIEA_OVER2.5,SERIEA,,OVER 2.5,ML,,,,,,,,-110,,win,2026-09-05T17:59:24.174000+00:00,,,,2026-09-05
2026-09-05_PIT_LAA_MLB_OVER7.5,MLB,,OVER 7.5,ML,,,,,,,,-110,,loss,2026-09-06T03:14:40.013000+00:00,,,,2026-09-05
2026-09-05_NMSU_MERC_CFB_UNDER52.5,CFB,,UNDER 52.5,ML,,,,,,,,-110,,loss,2026-09-06T04:52:16.400000+00:00,,,,2026-09-05
2026-09-05_OSU_BALL_CFB_BALL+50.5,CFB,,BALL +50.5,ML,,,,,,,,-110,,loss,2026-09-05T19:48:22.523000+00:00,,,,2026-09-05
2026-09-05_UNM_CMU_CFB_UNMML,CFB,,UNM ML,ML,,,,,,,,-209,,win,2026-09-06T07:11:49.921000+00:00,,,,2026-09-05
2026-09-05_CONN_LAF_CFB_CONNML,CFB,,CONN ML,ML,,,,,,,,-304,,win,2026-09-05T19:28:22.503000+00:00,,,,2026-09-05
2026-09-05_Fiorentina_Torino_SERIEA_UNDER2.5,SERIEA,,UNDER 2.5,ML,,,,,,,,-110,,loss,2026-09-05T15:07:04.440000+00:00,,,,2026-09-05
2026-09-05_CONN_LAF_CFB_UNDER51.5,CFB,,UNDER 51.5,ML,,,,,,,,-110,,loss,2026-09-05T19:28:22.505000+00:00,,,,2026-09-05
2026-09-05_Philadelphia Union_CF Montréal_MLS_PhiladelphiaUnionWin,MLS,,Philadelphia Union Win,ML,,,,,,,,-110,,win,2026-09-06T04:51:25.439000+00:00,,,,2026-09-05
2026-09-05_HOU_ARI_MLB_OVER9.5,MLB,,OVER 9.5,ML,,,,,,,,-110,,loss,2026-09-06T03:14:40.016000+00:00,,,,2026-09-05
2026-09-05_JVST_EKU_CFB_UNDER54.5,CFB,,UNDER 54.5,ML,,,,,,,,-110,,loss,2026-09-06T03:14:40.263000+00:00,,,,2026-09-05
2026-09-05_AFA_DUQ_CFB_UNDER57.5,CFB,,UNDER 57.5,ML,,,,,,,,-110,,win,2026-09-05T19:54:42.573000+00:00,,,,2026-09-05
2026-09-05_BYU_UTU_CFB_BYUML,CFB,,BYU ML,ML,,,,,,,,-519,,win,2026-09-06T03:14:40.243000+00:00,,,,2026-09-05
2026-09-05_Newcastle United_AFC Bournemouth_PL_SOC_NewcastleUnitedWin,PL,,Newcastle United Win,ML,,,,,,,,-110,,loss,2026-09-05T13:29:31.798000+00:00,,,,2026-09-05
2026-09-05_MEM_ARST_CFB_UNDER53.5,CFB,,UNDER 53.5,ML,,,,,,,,-110,,loss,2026-09-06T03:14:40.261000+00:00,,,,2026-09-05
2026-09-05_USM_ALCN_CFB_UNDER50.5,CFB,,UNDER 50.5,ML,,,,,,,,-110,,loss,2026-09-06T00:22:58.937000+00:00,,,,2026-09-05
2026-09-05_MEM_ARST_CFB_MEMML,CFB,,MEM ML,ML,,,,,,,,-243,,win,2026-09-06T03:14:40.260000+00:00,,,,2026-09-05
2026-09-05_BYU_UTU_CFB_UNDER61.5,CFB,,UNDER 61.5,ML,,,,,,,,-110,,loss,2026-09-06T03:14:40.243000+00:00,,,,2026-09-05
2026-09-05_SEA_OAK_MLB_SEAML,MLB,,SEA ML,ML,,,,,,,,-250,,loss,2026-09-06T04:52:15.544000+00:00,,,,2026-09-05
2026-09-05_SDSU_PRST_CFB_SDSUML,CFB,,SDSU ML,ML,,,,,,,,-465,,win,2026-09-06T07:11:49.919000+00:00,,,,2026-09-05
cfb_2026-09-05_TEX_TXST_ML_TEX,FOOTBALL,,TEX,ML,,,,,,,,-290,,win,2026-09-05T21:29:39.435000+00:00,,,,2026-09-05
2026-09-05_USM_ALCN_CFB_USMML,CFB,,USM ML,ML,,,,,,,,-314,,win,2026-09-06T00:22:58.938000+00:00,,,,2026-09-05
2026-09-05_MSST_ULM_CFB_OVER54.5,CFB,,OVER 54.5,ML,,,,,,,,-110,,win,2026-09-06T03:14:40.268000+00:00,,,,2026-09-05
2026-09-05_HAW_UNLV_CFB_UNLVML,CFB,,UNLV ML,ML,,,,,,,,-118,,win,2026-09-06T07:11:49.920000+00:00,,,,2026-09-05
2026-09-05_HOU_ORST_CFB_HOUML,CFB,,HOU ML,ML,,,,,,,,-267,,win,2026-09-05T20:12:22.391000+00:00,,,,2026-09-05
2026-09-05_ISU_SEMO_CFB_UNDER53.5,CFB,,UNDER 53.5,ML,,,,,,,,-110,,win,2026-09-05T21:19:46.419000+00:00,,,,2026-09-05
cfb_2026-09-05_ORE_BOIS_ML_BOIS,FOOTBALL,,BOIS,ML,,,,,,,,+330,,loss,2026-09-05T23:19:14.744000+00:00,,,,2026-09-05
2026-09-05_Columbus Crew_Colorado Rapids_MLS_ColumbusCrewWin,MLS,,Columbus Crew Win,ML,,,,,,,,-110,,win,2026-09-06T04:51:25.436000+00:00,,,,2026-09-05
2026-09-05_CSU_WYO_CFB_WYO+3.0,CFB,,WYO +3.0,ML,,,,,,,,-110,,loss,2026-09-06T03:14:40.256000+00:00,,,,2026-09-05
2026-09-05_MD_HAMP_CFB_UNDER55.5,CFB,,UNDER 55.5,ML,,,,,,,,-110,,loss,2026-09-06T04:52:16.398000+00:00,,,,2026-09-05
2026-09-05_NAVY_TOW_CFB_UNDER49.5,CFB,,UNDER 49.5,ML,,,,,,,,-110,,loss,2026-09-05T22:35:34.309000+00:00,,,,2026-09-05
2026-09-05_ARK_UNA_CFB_ARKML,CFB,,ARK ML,ML,,,,,,,,-499,,win,2026-09-05T23:40:54.281000+00:00,,,,2026-09-05
2026-09-05_MSST_ULM_CFB_ULM+28.5,CFB,,ULM +28.5,ML,,,,,,,,-110,,loss,2026-09-06T03:14:40.269000+00:00,,,,2026-09-05
2026-09-05_MTSU_MUR_CFB_MTSUML,CFB,,MTSU ML,ML,,,,,,,,-304,,win,2026-09-06T07:11:49.918000+00:00,,,,2026-09-05
2026-09-05_Borussia Mönchengladbach_SV Elversberg_BUND_OVER2.5,BUND,,OVER 2.5,ML,,,,,,,,-110,,win,2026-09-05T15:26:11.353000+00:00,,,,2026-09-05
2026-09-05_MD_HAMP_CFB_MDML,CFB,,MD ML,ML,,,,,,,,-511,,win,2026-09-06T04:52:16.397000+00:00,,,,2026-09-05
2026-09-05_VAN_APSU_CFB_UNDER60.5,CFB,,UNDER 60.5,ML,,,,,,,,-110,,win,2026-09-06T03:14:40.258000+00:00,,,,2026-09-05
2026-09-05_Fiorentina_Torino_SERIEA_FiorentinaWin,SERIEA,,Fiorentina Win,ML,,,,,,,,-110,,loss,2026-09-05T16:00:23.102000+00:00,,,,2026-09-05
2026-09-05_WVU_CCU_CFB_OVER54.5,CFB,,OVER 54.5,ML,,,,,,,,-110,,win,2026-09-05T19:34:19.391000+00:00,,,,2026-09-05
2026-09-05_MICH_WMU_CFB_WMU+27.5,CFB,,WMU +27.5,ML,,,,,,,,-110,,win,2026-09-06T03:14:40.248000+00:00,,,,2026-09-05
2026-09-05_Villarreal_Deportivo_LIGA_OVER2.5,LIGA,,OVER 2.5,ML,,,,,,,,-110,,win,2026-09-05T21:22:05.978000+00:00,,,,2026-09-05
2026-09-05_MIA_CHC_MLB_UNDER8.5,MLB,,UNDER 8.5,ML,,,,,,,,-110,,loss,2026-09-05T23:39:32.611000+00:00,,,,2026-09-05
2026-09-04_TEX_TB_MLB_UNDER8.5,MLB,,UNDER 8.5,ML,,,,,,,,-110,,loss,2026-09-05T03:15:15.045000+00:00,,,,2026-09-04
2026-09-04_MSU_TOL_CFB_TOL+10.0,CFB,,TOL +10.0,ML,,,,,,,,-110,,push,2026-09-05T03:25:19.225000+00:00,,,,2026-09-04
2026-09-04_Genoa_Como_SERIEA_ComoWin,SERIEA,,Como Win,ML,,,,,,,,-110,,win,2026-09-04T23:06:42.382000+00:00,,,,2026-09-04
2026-09-04_EMU_SJSU_CFB_OVER56.5,CFB,,OVER 56.5,ML,,,,,,,,-110,,loss,2026-09-05T03:04:10.470000+00:00,,,,2026-09-04
2026-09-04_A.Kalinskaya_E.Svitolina_WTA_A.KalinskayaML,WTA,,A.Kalinskaya ML,ML,,,,,,,,-110,,win,2026-09-05T03:29:20.200000+00:00,,,,2026-09-04
2026-09-04_CIN_MIL_MLB_MIL-1.5,MLB,,MIL -1.5,ML,,,,,,,,-130,,win,2026-09-05T03:04:10.108000+00:00,,,,2026-09-04
2026-09-04_VfB Stuttgart_FC Cologne_BUND_VfBStuttgartWin,BUND,,VfB Stuttgart Win,ML,,,,,,,,-110,,win,2026-09-04T23:06:42.218000+00:00,,,,2026-09-04
2026-09-04_Real Betis_Real Madrid_LIGA_UNDER3.5,LIGA,,UNDER 3.5,ML,,,,,,,,-110,,win,2026-09-04T23:06:42.162000+00:00,,,,2026-09-04
2026-09-04_Real Betis_Real Madrid_LIGA_RealMadridWin,LIGA,,Real Madrid Win,ML,,,,,,,,-110,,loss,2026-09-04T23:06:42.162000+00:00,,,,2026-09-04
2026-09-04_KC_TOR_MLB_UNDER10.5,MLB,,UNDER 10.5,ML,,,,,,,,-110,,loss,2026-09-05T03:04:10.121000+00:00,,,,2026-09-04
2026-09-04_Ipswich Town_Liverpool_PL_SOC_OVER3.5,PL,,OVER 3.5,ML,,,,,,,,-110,,loss,2026-09-04T23:06:42.078000+00:00,,,,2026-09-04
2026-09-04_K.Rakhimova_A.Sabalenka_WTA_A.SabalenkaML,WTA,,A.Sabalenka ML,ML,,,,,,,,-110,,win,2026-09-04T16:54:33.476000+00:00,,,,2026-09-04
2026-09-04_SEA_OAK_MLB_SEAML,MLB,,SEA ML,ML,,,,,,,,-229,,loss,2026-09-05T05:05:33.882000+00:00,,,,2026-09-04
2026-09-04_VfB Stuttgart_FC Cologne_BUND_UNDER3.5,BUND,,UNDER 3.5,ML,,,,,,,,-110,,loss,2026-09-04T23:06:42.218000+00:00,,,,2026-09-04
2026-09-04_STAN_MIA_CFB_UNDER48.5,CFB,,UNDER 48.5,ML,,,,,,,,-110,,loss,2026-09-05T04:26:01.422000+00:00,,,,2026-09-04
2026-09-04_NYM_SF_MLB_UNDER7.5,MLB,,UNDER 7.5,ML,,,,,,,,-110,,loss,2026-09-05T03:04:10.117000+00:00,,,,2026-09-04
2026-09-04_PHI_ATL_MLB_ATLML,MLB,,ATL ML,ML,,,,,,,,83,,win,2026-09-05T03:04:10.114000+00:00,,,,2026-09-04
2026-09-04_BAL_BOS_MLB_BOS+1.5,MLB,,BOS +1.5,ML,,,,,,,,+110,,win,2026-09-05T03:50:49.641000+00:00,,,,2026-09-04
2026-09-04_OU_UTEP_CFB_UTEP+41.5,CFB,,UTEP +41.5,ML,,,,,,,,-110,,loss,2026-09-05T03:16:34.633000+00:00,,,,2026-09-04
2026-09-04_NYM_SF_MLB_NYMML,MLB,,NYM ML,ML,,,,,,,,-193,,win,2026-09-05T03:04:10.116000+00:00,,,,2026-09-04
2026-09-04_LAD_WSN_MLB_OVER6.5,MLB,,OVER 6.5,ML,,,,,,,,-110,,win,2026-09-05T04:54:34.613000+00:00,,,,2026-09-04
2026-09-04_KU_LIU_CFB_UNDER55.5,CFB,,UNDER 55.5,ML,,,,,,,,-110,,loss,2026-09-05T03:29:20.291000+00:00,,,,2026-09-04
2026-09-04_HOU_ARI_MLB_ARIML,MLB,,ARI ML,ML,,,,,,,,76,,loss,2026-09-05T03:04:10.118000+00:00,,,,2026-09-04
2026-09-04_GAST_NCAT_CFB_UNDER62.5,CFB,,UNDER 62.5,ML,,,,,,,,-110,,loss,2026-09-05T03:04:10.473000+00:00,,,,2026-09-04
2026-09-04_EMU_SJSU_CFB_EMUML,CFB,,EMU ML,ML,,,,,,,,-175,,loss,2026-09-05T03:04:10.469000+00:00,,,,2026-09-04
2026-09-04_D.Shapovalov_B.Shelton_ATP_UNDER3.5sets,ATP,,UNDER 3.5 sets,ML,,,,,,,,-110,,win,2026-09-05T03:48:03.398000+00:00,,,,2026-09-04
2026-09-04_HOU_ARI_MLB_OVER9.5,MLB,,OVER 9.5,ML,,,,,,,,-110,,loss,2026-09-05T03:04:10.119000+00:00,,,,2026-09-04
2026-09-04_PUR_INST_CFB_UNDER56.5,CFB,,UNDER 56.5,ML,,,,,,,,-110,,loss,2026-09-05T03:04:10.471000+00:00,,,,2026-09-04
2026-09-04_S.Tsitsipas_J.Lehecka_ATP_S.TsitsipasML,ATP,,S.Tsitsipas ML,ML,,,,,,,,-110,,win,2026-09-04T23:52:50.090000+00:00,,,,2026-09-04
2026-09-04_S.Cirstea_J.Paolini_WTA_S.CirsteaML,WTA,,S.Cirstea ML,ML,,,,,,,,-110,,win,2026-09-04T16:54:33.497000+00:00,,,,2026-09-04
2026-09-04_MSU_TOL_CFB_UNDER47.5,CFB,,UNDER 47.5,ML,,,,,,,,-110,,loss,2026-09-05T03:25:19.226000+00:00,,,,2026-09-04
2026-09-04_GAST_NCAT_CFB_GASTML,CFB,,GAST ML,ML,,,,,,,,-429,,win,2026-09-05T03:04:10.472000+00:00,,,,2026-09-04
2026-09-04_OU_UTEP_CFB_UTEP+40.5,CFB,,UTEP +40.5,ML,,,,,,,,-110,,loss,2026-09-05T03:16:34.633000+00:00,,,,2026-09-04
2026-09-04_CLE_DET_MLB_CLEML,MLB,,CLE ML,ML,,,,,,,,-143,,win,2026-09-04T23:51:21.957000+00:00,,,,2026-09-04
2026-09-04_STAN_MIA_CFB_MIA-24.5,CFB,,MIA -24.5,ML,,,,,,,,-110,,win,2026-09-05T04:26:01.421000+00:00,,,,2026-09-04
2026-09-04_KU_LIU_CFB_KUML,CFB,,KU ML,ML,,,,,,,,-476,,win,2026-09-05T03:29:20.291000+00:00,,,,2026-09-04
2026-09-04_CWS_MIN_MLB_MIN+1.5,MLB,,MIN +1.5,ML,,,,,,,,+110,,loss,2026-09-05T03:04:10.117000+00:00,,,,2026-09-04
2026-09-04_HOU_ARI_MLB_HOU+1.5,MLB,,HOU +1.5,ML,,,,,,,,+110,,win,2026-09-05T03:04:10.119000+00:00,,,,2026-09-04
2026-09-04_COL_STL_MLB_STL-1.5,MLB,,STL -1.5,ML,,,,,,,,-130,,loss,2026-09-05T03:33:50.566000+00:00,,,,2026-09-04
2026-09-04_MIA_CHC_MLB_MIA+1.5,MLB,,MIA +1.5,ML,,,,,,,,+110,,loss,2026-09-05T03:04:10.115000+00:00,,,,2026-09-04
2026-09-04_PIT_LAA_MLB_OVER8.5,MLB,,OVER 8.5,ML,,,,,,,,-110,,loss,2026-09-05T03:04:10.112000+00:00,,,,2026-09-04
2026-09-04_PUR_INST_CFB_PURML,CFB,,PUR ML,ML,,,,,,,,-484,,win,2026-09-05T03:04:10.470000+00:00,,,,2026-09-04
2026-09-04_T.Paul_A.Bublik_ATP_T.PaulML,ATP,,T.Paul ML,ML,,,,,,,,-110,,win,2026-09-04T23:06:42.796000+00:00,,,,2026-09-04
2026-09-04_USC_FRES_CFB_USCML,CFB,,USC ML,ML,,,,,,,,-283,,win,2026-09-05T04:09:49.543000+00:00,,,,2026-09-04
2026-09-04_OU_UTEP_CFB_UNDER51.5,CFB,,UNDER 51.5,ML,,,,,,,,-110,,win,2026-09-05T03:16:34.631000+00:00,,,,2026-09-04
2026-09-04_STAN_MIA_CFB_MIAML,CFB,,MIA ML,ML,,,,,,,,-380,,win,2026-09-05T04:26:01.421000+00:00,,,,2026-09-04
2026-09-04_L.Fernandez_J.Pegula_WTA_L.FernandezML,WTA,,L.Fernandez ML,ML,,,,,,,,-110,,loss,2026-09-04T19:02:04.232000+00:00,,,,2026-09-04
2026-09-04_F.Tiafoe_V.Vacherot_ATP_F.TiafoeML,ATP,,F.Tiafoe ML,ML,,,,,,,,-110,,win,2026-09-05T03:04:10.683000+00:00,,,,2026-09-04
2026-09-04_PIT_LAA_MLB_PITML,MLB,,PIT ML,ML,,,,,,,,-198,,win,2026-09-05T03:04:10.113000+00:00,,,,2026-09-04
2026-09-04_PHI_ATL_MLB_OVER6.5,MLB,,OVER 6.5,ML,,,,,,,,-110,,win,2026-09-05T03:04:10.115000+00:00,,,,2026-09-04
2026-09-04_MSU_TOL_CFB_UNDER48.5,CFB,,UNDER 48.5,ML,,,,,,,,-110,,loss,2026-09-05T03:25:19.226000+00:00,,,,2026-09-04
2026-09-04_KC_TOR_MLB_KCML,MLB,,KC ML,ML,,,,,,,,-119,,loss,2026-09-05T03:04:10.120000+00:00,,,,2026-09-04
2026-09-04_TEX_TB_MLB_TEX+1.5,MLB,,TEX +1.5,ML,,,,,,,,+110,,win,2026-09-05T03:15:15.043000+00:00,,,,2026-09-04
2026-09-04_STAN_MIA_CFB_UNDER47.5,CFB,,UNDER 47.5,ML,,,,,,,,-110,,loss,2026-09-05T04:26:01.422000+00:00,,,,2026-09-04
2026-09-04_USC_FRES_CFB_UNDER51.5,CFB,,UNDER 51.5,ML,,,,,,,,-110,,win,2026-09-05T04:09:49.543000+00:00,,,,2026-09-04
2026-09-04_GAST_NCAT_CFB_UNDER59.5,CFB,,UNDER 59.5,ML,,,,,,,,-110,,loss,2026-09-05T03:04:10.473000+00:00,,,,2026-09-04
2026-09-04_F.Tiafoe_V.Vacherot_ATP_UNDER3.5sets,ATP,,UNDER 3.5 sets,ML,,,,,,,,-110,,win,2026-09-05T03:04:10.683000+00:00,,,,2026-09-04
2026-09-04_LAD_WSN_MLB_LAD-1.5,MLB,,LAD -1.5,ML,,,,,,,,-130,,win,2026-09-05T04:54:34.611000+00:00,,,,2026-09-04
2026-09-03_GT_COLO_CFB_GT-6.5,CFB,,GT -6.5,ML,,,,,,,,-110,,loss,2026-09-04T03:45:42.637000+00:00,,,,2026-09-03
2026-09-03_MINN_EIU_CFB_UNDER51.5,CFB,,UNDER 51.5,ML,,,,,,,,-110,,loss,2026-09-04T03:23:44.413000+00:00,,,,2026-09-03
2026-09-03_BUFF_ALB_CFB_BUFFML,CFB,,BUFF ML,ML,,,,,,,,-295,,win,2026-09-04T05:23:49.510000+00:00,,,,2026-09-03
2026-09-03_RUTG_MASS_CFB_OVER51.5,CFB,,OVER 51.5,ML,,,,,,,,-110,,win,2026-09-04T01:15:39.729000+00:00,,,,2026-09-03
2026-09-03_Real Sociedad_Celta Vigo_LIGA_UNDER3.5,LIGA,,UNDER 3.5,ML,,,,,,,,-110,,win,2026-09-03T20:58:24.492000+00:00,,,,2026-09-03
2026-09-03_MIZ_UAPB_CFB_UNDER60.5,CFB,,UNDER 60.5,ML,,,,,,,,-110,,loss,2026-09-04T03:22:42.305000+00:00,,,,2026-09-03
2026-09-03_UCF_BCU_CFB_UCFML,CFB,,UCF ML,ML,,,,,,,,-524,,win,2026-09-04T01:54:35.750000+00:00,,,,2026-09-03
2026-09-03_BAL_BOS_MLB_UNDER8.5,MLB,,UNDER 8.5,ML,,,,,,,,-110,,loss,2026-09-04T01:56:08.891000+00:00,,,,2026-09-03
2026-09-03_SEA_OAK_MLB_OVER7.5,MLB,,OVER 7.5,ML,,,,,,,,-110,,win,2026-09-04T05:12:12.302000+00:00,,,,2026-09-03
2026-09-03_I.Swiatek_N.Podoroska_TEN_I.Swiatek,WTA,,I.Swiatek,ML,,,,,,,,-112,,win,2026-09-03T17:03:11.776000+00:00,,,,2026-09-03
2026-09-03_J.Mensik_J.Rodionov_TEN_J.Mensik,ATP,,J.Mensik,ML,,,,,,,,-110,,win,2026-09-03T20:59:24.408000+00:00,,,,2026-09-03
2026-09-03_MIZ_UAPB_CFB_MIZML,CFB,,MIZ ML,ML,,,,,,,,-538,,win,2026-09-04T03:22:42.304000+00:00,,,,2026-09-03
2026-09-03_M.Trungelliti_A.Blockx_ATP_M.TrungellitiML,ATP,,M.Trungelliti ML,ML,,,,,,,,-110,,loss,2026-09-03T22:06:20.986000+00:00,,,,2026-09-03
2026-09-03_ILL_UAB_CFB_ILLML,CFB,,ILL ML,ML,,,,,,,,-303,,win,2026-09-04T04:23:42.856000+00:00,,,,2026-09-03
2026-09-03_HOU_CWS_MLB_OVER8.5,MLB,,OVER 8.5,ML,,,,,,,,-110,,loss,2026-09-03T20:39:45.049000+00:00,,,,2026-09-03
2026-09-03_BAL_BOS_MLB_BOS+1.5,MLB,,BOS +1.5,ML,,,,,,,,+110,,win,2026-09-04T01:56:08.889000+00:00,,,,2026-09-03
2026-09-03_MIZ_UAPB_CFB_UNDER61.5,CFB,,UNDER 61.5,ML,,,,,,,,-110,,loss,2026-09-04T03:22:42.305000+00:00,,,,2026-09-03
2026-09-03_UTAH_IDHO_CFB_UTAHML,CFB,,UTAH ML,ML,,,,,,,,-498,,win,2026-09-04T04:28:37.830000+00:00,,,,2026-09-03
2026-09-03_SEA_OAK_MLB_SEAML,MLB,,SEA ML,ML,,,,,,,,-217,,loss,2026-09-04T05:12:12.317000+00:00,,,,2026-09-03
2026-09-03_RUTG_MASS_CFB_OVER52.5,CFB,,OVER 52.5,ML,,,,,,,,-110,,win,2026-09-04T01:22:42.938000+00:00,,,,2026-09-03
2026-09-03_C.Gauff_P.Badosa_WTA_C.GauffML,WTA,,C.Gauff ML,ML,,,,,,,,-110,,win,2026-09-04T01:16:15.141000+00:00,,,,2026-09-03
2026-09-03_HOU_CWS_MLB_CWS+1.5,MLB,,CWS +1.5,ML,,,,,,,,+110,,loss,2026-09-03T20:39:45.041000+00:00,,,,2026-09-03
2026-09-03_Real Sociedad_Celta Vigo_LIGA_UNDER2.5,LIGA,,UNDER 2.5,ML,,,,,,,,-110,,win,2026-09-03T20:58:24.492000+00:00,,,,2026-09-03
2026-09-03_TEX_TB_MLB_UNDER8.5,MLB,,UNDER 8.5,ML,,,,,,,,-110,,win,2026-09-04T02:26:08.927000+00:00,,,,2026-09-03
2026-09-03_KC_MIA_MLB_MIA+1.5,MLB,,MIA +1.5,ML,,,,,,,,+110,,loss,2026-09-04T02:21:08.730000+00:00,,,,2026-09-03
2026-09-03_ILL_UAB_CFB_UAB+27.5,CFB,,UAB +27.5,ML,,,,,,,,-110,,win,2026-09-04T04:23:42.856000+00:00,,,,2026-09-03
2026-09-03_RUTG_MASS_CFB_RUTGML,CFB,,RUTG ML,ML,,,,,,,,-299,,loss,2026-09-04T01:20:43.033000+00:00,,,,2026-09-03
2026-09-03_A.Tabilo_A.Popyrin_ATP_A.TabiloML,ATP,,A.Tabilo ML,ML,,,,,,,,-110,,win,2026-09-03T22:09:20.326000+00:00,,,,2026-09-03
2026-09-03_A.Tabilo_A.Popyrin_TEN_A.Tabilo,ATP,,A.Tabilo,ML,,,,,,,,-261,,win,2026-09-03T22:09:20.360000+00:00,,,,2026-09-03
2026-09-03_BUFF_ALB_CFB_UNDER48.5,CFB,,UNDER 48.5,ML,,,,,,,,-110,,win,2026-09-04T05:23:49.514000+00:00,,,,2026-09-03
2026-09-03_KENN_WES_CFB_UNDER50.5,CFB,,UNDER 50.5,ML,,,,,,,,-110,,win,2026-09-04T03:41:44.312000+00:00,,,,2026-09-03
2026-09-03_UCF_BCU_CFB_UNDER57.5,CFB,,UNDER 57.5,ML,,,,,,,,-110,,loss,2026-09-04T02:29:48.675000+00:00,,,,2026-09-03
2026-09-03_WAKE_AKR_CFB_WAKEML,CFB,,WAKE ML,ML,,,,,,,,-294,,win,2026-09-04T01:54:52.009000+00:00,,,,2026-09-03
2026-09-03_KENN_WES_CFB_UNDER51.5,CFB,,UNDER 51.5,ML,,,,,,,,-110,,win,2026-09-04T03:41:44.312000+00:00,,,,2026-09-03
2026-09-03_LAD_STL_MLB_LAD-1.5,MLB,,LAD -1.5,ML,,,,,,,,-130,,loss,2026-09-04T05:12:12.322000+00:00,,,,2026-09-03
2026-09-03_UTAH_IDHO_CFB_UNDER57.5,CFB,,UNDER 57.5,ML,,,,,,,,-110,,loss,2026-09-04T04:28:37.826000+00:00,,,,2026-09-03
2026-09-03_GT_COLO_CFB_OVER50.5,CFB,,OVER 50.5,ML,,,,,,,,-110,,loss,2026-09-04T03:45:42.637000+00:00,,,,2026-09-03
2026-09-03_A.Bondar_M.Keys_WTA_M.KeysML,WTA,,M.Keys ML,ML,,,,,,,,-110,,win,2026-09-03T18:08:26.663000+00:00,,,,2026-09-03
2026-09-03_Real Sociedad_Celta Vigo_LIGA_RealSociedadWin,LIGA,,Real Sociedad Win,ML,,,,,,,,-110,,loss,2026-09-03T20:58:24.490000+00:00,,,,2026-09-03
2026-09-03_CHC_MIL_MLB_CHC+1.5,MLB,,CHC +1.5,ML,,,,,,,,+110,,win,2026-09-04T01:31:07.517000+00:00,,,,2026-09-03
2026-09-03_ILL_UAB_CFB_OVER54.5,CFB,,OVER 54.5,ML,,,,,,,,-110,,win,2026-09-04T04:23:42.821000+00:00,,,,2026-09-03
2026-09-03_LAD_STL_MLB_LADML,MLB,,LAD ML,ML,,,,,,,,-311,,win,2026-09-04T05:12:12.320000+00:00,,,,2026-09-03
2026-09-03_UTAH_IDHO_CFB_UNDER58.5,CFB,,UNDER 58.5,ML,,,,,,,,-110,,loss,2026-09-04T04:28:37.832000+00:00,,,,2026-09-03
2026-09-03_KENN_WES_CFB_KENNML,CFB,,KENN ML,ML,,,,,,,,-352,,win,2026-09-04T03:41:44.311000+00:00,,,,2026-09-03
cfb_2026-09-03_GT_COLO_OU_OVER48.5,FOOTBALL,,OVER 48.5,OU,,,,,,,,-110,,loss,2026-09-04T03:45:42.637000+00:00,,,,2026-09-03
2026-09-03_MINN_EIU_CFB_MINNML,CFB,,MINN ML,ML,,,,,,,,-525,,win,2026-09-04T03:23:44.413000+00:00,,,,2026-09-03
2026-09-03_TEX_TB_MLB_TB+1.5,MLB,,TB +1.5,ML,,,,,,,,+110,,loss,2026-09-04T02:26:08.925000+00:00,,,,2026-09-03
2026-09-03_GT_COLO_CFB_OVER51.5,CFB,,OVER 51.5,ML,,,,,,,,-110,,loss,2026-09-04T03:45:42.637000+00:00,,,,2026-09-03
2026-09-03_DEL_MRMK_CFB_UNDER55.5,CFB,,UNDER 55.5,ML,,,,,,,,-110,,win,2026-09-04T02:27:43.352000+00:00,,,,2026-09-03
cfb_2026-09-03_ILL_UAB_OU_OVER54.5,FOOTBALL,,OVER 54.5,OU,,,,,,,,-110,,win,2026-09-04T04:23:42.857000+00:00,,,,2026-09-03
2026-09-03_KC_MIA_MLB_UNDER9.5,MLB,,UNDER 9.5,ML,,,,,,,,-110,,loss,2026-09-04T02:21:08.732000+00:00,,,,2026-09-03
2026-09-02_I.Jovic_M.Frech_WTA_UNDER2.5sets,WTA,,UNDER 2.5 sets,ML,,,,,,,,-110,,win,2026-09-02T23:31:56.422000+00:00,,,,2026-09-02
2026-09-02_S.Tsitsipas_L.Harris_TEN_S.Tsitsipas,ATP,,S.Tsitsipas,ML,,,,,,,,0,,win,2026-09-03T01:14:23.313000+00:00,,,,2026-09-02
2026-09-02_HOU_CWS_MLB_OVER8.5,MLB,,OVER 8.5,ML,,,,,,,,-110,,loss,2026-09-03T02:31:39.489000+00:00,,,,2026-09-02
2026-09-02_I.Jovic_M.Frech_WTA_I.JovicML,WTA,,I.Jovic ML,ML,,,,,,,,-110,,win,2026-09-02T23:31:56.411000+00:00,,,,2026-09-02
2026-09-02_ARI_PHI_MLB_ARIML,MLB,,ARI ML,ML,,,,,,,,74,,win,2026-09-02T21:47:27.677000+00:00,,,,2026-09-02
2026-09-02_KC_MIA_MLB_MIA+1.5,MLB,,MIA +1.5,ML,,,,,,,,+110,,win,2026-09-03T02:45:30.057000+00:00,,,,2026-09-02
2026-09-02_WSN_ATL_MLB_ATL-1.5,MLB,,ATL -1.5,ML,,,,,,,,-115,,win,2026-09-02T23:40:56.047000+00:00,,,,2026-09-02
2026-09-02_ARI_PHI_MLB_OVER8.5,MLB,,OVER 8.5,ML,,,,,,,,-110,,loss,2026-09-02T21:47:27.680000+00:00,,,,2026-09-02
2026-09-02_PIT_SF_MLB_PITML,MLB,,PIT ML,ML,,,,,,,,-156,,loss,2026-09-03T01:42:46.293000+00:00,,,,2026-09-02
2026-09-02_PIT_SF_MLB_UNDER8.5,MLB,,UNDER 8.5,ML,,,,,,,,-110,,loss,2026-09-03T01:42:46.297000+00:00,,,,2026-09-02
2026-09-02_F.Marozsan_M.Zheng_ATP_UNDER3.5sets,ATP,,UNDER 3.5 sets,ML,,,,,,,,-110,,win,2026-09-02T18:55:25.250000+00:00,,,,2026-09-02
2026-09-02_CLE_TOR_MLB_UNDER7.5,MLB,,UNDER 7.5,ML,,,,,,,,-110,,loss,2026-09-03T02:30:43.660000+00:00,,,,2026-09-02
2026-09-02_A.Bublik_A.Mannarino_TEN_A.Bublik,ATP,,A.Bublik,ML,,,,,,,,+168,,win,2026-09-03T01:18:26.116000+00:00,,,,2026-09-02
2026-09-02_BOS_SEA_ML_SEA,MLB,,SEA,ML,,,,,,,,-101,,win,2026-09-02T23:40:37.503000+00:00,,,,2026-09-02
2026-09-02_S.Tsitsipas_L.Harris_TEN_OVER3.5SETS,ATP,,OVER 3.5 SETS,ML,,,,,,,,-110,,win,2026-09-03T01:19:48.271000+00:00,,,,2026-09-02
2026-09-02_COL_BAL_MLB_BAL+1.5,MLB,,BAL +1.5,ML,,,,,,,,+110,,win,2026-09-02T22:43:33.151000+00:00,,,,2026-09-02
2026-09-02_COL_BAL_ML_COL,MLB,,COL,ML,,,,,,,,-122,,win,2026-09-02T23:40:46.473000+00:00,,,,2026-09-02
2026-09-02_M.Linette_F.Jones_WTA_UNDER2.5sets,WTA,,UNDER 2.5 sets,ML,,,,,,,,-110,,loss,2026-09-02T21:51:53.222000+00:00,,,,2026-09-02
2026-09-02_W.Yibing_J.Duckworth_TEN_W.Yibing,ATP,,W.Yibing,ML,,,,,,,,0,,win,2026-09-03T01:14:23.328000+00:00,,,,2026-09-02
2026-09-02_F.Tiafoe_R.Sakamoto_TEN_F.Tiafoe,ATP,,F.Tiafoe,ML,,,,,,,,-110,,win,2026-09-03T01:47:58.585000+00:00,,,,2026-09-02
2026-09-02_M.Navone_M.Berrettini_TEN_OVER3.5SETS,ATP,,OVER 3.5 SETS,ML,,,,,,,,-110,,win,2026-09-03T03:47:04.713000+00:00,,,,2026-09-02
2026-09-02_COL_BAL_OU_OVER9.5,MLB,,OVER 9.5,OU,,,,,,,,-110,,win,2026-09-02T23:40:42.157000+00:00,,,,2026-09-02
2026-09-02_CLE_TOR_MLB_TOR+1.5,MLB,,TOR +1.5,ML,,,,,,,,+110,,win,2026-09-03T01:24:37.481000+00:00,,,,2026-09-02
2026-09-02_C.Alcaraz_J.Faria_TEN_OVER3.5SETS,ATP,,OVER 3.5 SETS,ML,,,,,,,,-110,,win,2026-09-03T03:47:04.715000+00:00,,,,2026-09-02
2026-09-02_LAA_NYY_MLB_OVER6.5,MLB,,OVER 6.5,ML,,,,,,,,-110,,win,2026-09-03T04:44:03.904000+00:00,,,,2026-09-02
2026-09-02_L.Noskova_L.Tararudee_TEN_UNDER2.5SETS,WTA,,UNDER 2.5 SETS,ML,,,,,,,,-110,,win,2026-09-03T03:47:04.738000+00:00,,,,2026-09-02
2026-09-02_LAD_STL_MLB_LADML,MLB,,LAD ML,ML,,,,,,,,-249,,loss,2026-09-03T07:14:56.477000+00:00,,,,2026-09-02
2026-09-02_MIN_DET_MLB_OVER8.5,MLB,,OVER 8.5,ML,,,,,,,,-110,,win,2026-09-03T01:25:44.027000+00:00,,,,2026-09-02
2026-09-02_E.Svitolina_M.Joint_TEN_E.Svitolina,WTA,,E.Svitolina,ML,,,,,,,,+167,,win,2026-09-03T02:19:49.985000+00:00,,,,2026-09-02
2026-09-02_M.Linette_F.Jones_WTA_M.LinetteML,WTA,,M.Linette ML,ML,,,,,,,,-110,,loss,2026-09-02T21:51:53.220000+00:00,,,,2026-09-02
2026-09-02_WSN_ATL_ML_ATL,MLB,,ATL,ML,,,,,,,,-172,,win,2026-09-02T23:41:04.957000+00:00,,,,2026-09-02
2026-09-02_TEX_OAK_MLB_OAK+1.5,MLB,,OAK +1.5,ML,,,,,,,,-115,,win,2026-09-02T23:40:51.406000+00:00,,,,2026-09-02
2026-09-02_T.Maria_J.Ostapenko_WTA_T.MariaML,WTA,,T.Maria ML,ML,,,,,,,,-110,,win,2026-09-02T22:24:56.395000+00:00,,,,2026-09-02
2026-09-02_HOU_CWS_MLB_CWS+1.5,MLB,,CWS +1.5,ML,,,,,,,,+110,,loss,2026-09-03T02:31:39.488000+00:00,,,,2026-09-02
2026-09-02_A.Mannarino_A.Bublik_TEN_UNDER43.5GAMES,ATP,,UNDER 43.5 GAMES,ML,,,,,,,,-110,,win,2026-09-03T01:18:26.117000+00:00,,,,2026-09-02
2026-09-02_M.Navone_M.Berrettini_TEN_M.Navone,ATP,,M.Navone,ML,,,,,,,,+117,,win,2026-09-03T03:47:04.714000+00:00,,,,2026-09-02
2026-09-02_TEX_OAK_MLB_TEXML,MLB,,TEX ML,ML,,,,,,,,-167,,loss,2026-09-02T21:32:29.756000+00:00,,,,2026-09-02
2026-09-02_MIN_DET_MLB_DET+1.5,MLB,,DET +1.5,ML,,,,,,,,+110,,win,2026-09-03T01:25:09.398000+00:00,,,,2026-09-02
2026-09-02_L.Noskova_L.Tararudee_TEN_L.Noskova,WTA,,L.Noskova,ML,,,,,,,,-242,,win,2026-09-03T03:40:11.329000+00:00,,,,2026-09-02
2026-09-02_CIN_SD_MLB_SDML,MLB,,SD ML,ML,,,,,,,,-167,,loss,2026-09-02T19:22:05.761000+00:00,,,,2026-09-02
2026-09-02_WSN_ATL_OU_OVER8.5,MLB,,OVER 8.5,OU,,,,,,,,-110,,win,2026-09-02T23:41:00.557000+00:00,,,,2026-09-02
2026-09-02_LAA_NYY_MLB_NYY-1.5,MLB,,NYY -1.5,ML,,,,,,,,-130,,win,2026-09-03T04:44:03.903000+00:00,,,,2026-09-02
2026-09-02_WSN_ATL_MLB_ATLML,MLB,,ATL ML,ML,,,,,,,,-151,,win,2026-09-02T23:41:14.062000+00:00,,,,2026-09-02
2026-09-02_BOS_SEA_MLB_SEA+1.5,MLB,,SEA +1.5,ML,,,,,,,,+110,,win,2026-09-02T22:45:29.982000+00:00,,,,2026-09-02
2026-09-01_WSN_ATL_MLB_ATL+1.5,MLB,,ATL +1.5,ML,,,,,,,,+110,,loss,2026-09-02T01:46:23.357000+00:00,,,,2026-09-01
2026-09-01_ARI_PHI_MLB_ARIML,MLB,,ARI ML,ML,,,,,,,,78,,loss,2026-09-02T04:32:54.908000+00:00,,,,2026-09-01
2026-09-01_BOS_SEA_MLB_SEA+1.5,MLB,,SEA +1.5,ML,,,,,,,,+110,,win,2026-09-02T02:15:47.300000+00:00,,,,2026-09-01
2026-09-01_LAD_STL_MLB_OVER7.5,MLB,,OVER 7.5,ML,,,,,,,,-110,,win,2026-09-02T03:57:22.067000+00:00,,,,2026-09-01
2026-09-01_M.Bellucci_Z.Piros_TEN_M.Bellucci,ATP,,M.Bellucci,ML,,,,,,,,-110,,win,2026-09-02T03:35:23.913000+00:00,,,,2026-09-01
2026-09-01_M.Bellucci_Z.Piros_TEN_OVER3.5SETS,ATP,,OVER 3.5 SETS,ML,,,,,,,,-110,,win,2026-09-02T03:35:28.889000+00:00,,,,2026-09-01
2026-09-01_A.Zverev_L.Sonego_ATP_UNDER3.5sets,ATP,,UNDER 3.5 sets,ML,,,,,,,,-110,,loss,2026-09-02T16:36:16.552000+00:00,,,,2026-09-01
2026-09-01_KC_MIA_MLB_MIA+1.5,MLB,,MIA +1.5,ML,,,,,,,,+110,,win,2026-09-02T02:06:38.893000+00:00,,,,2026-09-01
2026-09-01_MIN_DET_MLB_UNDER8.5,MLB,,UNDER 8.5,ML,,,,,,,,-110,,loss,2026-09-02T02:35:48.615000+00:00,,,,2026-09-01
2026-09-01_L.Musetti_A.Fery_TEN_L.Musetti,ATP,,L.Musetti,ML,,,,,,,,-110,,win,2026-09-02T03:35:48.292000+00:00,,,,2026-09-01
2026-09-01_A.Potapova_T.Valentova_WTA_UNDER2.5sets,WTA,,UNDER 2.5 sets,ML,,,,,,,,-110,,win,2026-09-02T01:19:28.540000+00:00,,,,2026-09-01
2026-09-01_CLE_TOR_MLB_UNDER8.5,MLB,,UNDER 8.5,ML,,,,,,,,-110,,win,2026-09-02T01:12:20.829000+00:00,,,,2026-09-01
2026-09-01_HOU_CWS_MLB_CWSML,MLB,,CWS ML,ML,,,,,,,,91,,win,2026-09-02T03:34:16.169000+00:00,,,,2026-09-01
2026-09-01_Y.Starodubtseva_E.Seidel_WTA_Y.StarodubtsevaML,WTA,,Y.Starodubtseva ML,ML,,,,,,,,-110,,win,2026-09-01T21:24:36.098000+00:00,,,,2026-09-01
2026-09-01_A.Zverev_L.Sonego_ATP_A.ZverevML,ATP,,A.Zverev ML,ML,,,,,,,,-110,,win,2026-09-02T16:23:37.660000+00:00,,,,2026-09-01
2026-09-01_TEX_OAK_MLB_OAK+1.5,MLB,,OAK +1.5,ML,,,,,,,,+110,,loss,2026-09-02T03:34:16.161000+00:00,,,,2026-09-01
2026-09-01_PIT_SF_MLB_PITML,MLB,,PIT ML,ML,,,,,,,,-171,,win,2026-09-02T02:25:49.040000+00:00,,,,2026-09-01
2026-09-01_Y.Starodubtseva_E.Seidel_WTA_UNDER2.5sets,WTA,,UNDER 2.5 sets,ML,,,,,,,,-110,,win,2026-09-01T21:24:29.207000+00:00,,,,2026-09-01
2026-09-01_LAD_STL_MLB_STL+1.5,MLB,,STL +1.5,ML,,,,,,,,+110,,win,2026-09-02T04:02:02.860000+00:00,,,,2026-09-01
2026-09-01_CIN_SD_MLB_SD+1.5,MLB,,SD +1.5,ML,,,,,,,,+110,,win,2026-09-02T01:46:23.354000+00:00,,,,2026-09-01
2026-09-01_MIN_DET_MLB_DET+1.5,MLB,,DET +1.5,ML,,,,,,,,+110,,loss,2026-09-02T02:35:48.613000+00:00,,,,2026-09-01
2026-09-01_T.Maria_J.Ostapenko_WTA_T.MariaML,WTA,,T.Maria ML,ML,,,,,,,,-110,,win,2026-09-02T22:42:49.479000+00:00,,,,2026-09-01
2026-09-01_A.Potapova_T.Valentova_WTA_A.PotapovaML,WTA,,A.Potapova ML,ML,,,,,,,,-110,,win,2026-09-02T01:19:35.344000+00:00,,,,2026-09-01
2026-09-01_Z.Svajda_D.Altmaier_ATP_UNDER3.5sets,ATP,,UNDER 3.5 sets,ML,,,,,,,,-110,,loss,2026-09-02T19:26:02.260000+00:00,,,,2026-09-01
2026-09-01_LAA_NYY_MLB_OVER7.5,MLB,,OVER 7.5,ML,,,,,,,,-110,,win,2026-09-02T04:01:06.369000+00:00,,,,2026-09-01
2026-09-01_WSN_ATL_MLB_OVER9.5,MLB,,OVER 9.5,ML,,,,,,,,-110,,win,2026-09-02T01:46:23.358000+00:00,,,,2026-09-01
2026-09-01_COL_BAL_MLB_BAL+1.5,MLB,,BAL +1.5,ML,,,,,,,,+110,,loss,2026-09-02T03:34:16.177000+00:00,,,,2026-09-01
2026-09-01_CLE_TOR_MLB_TOR+1.5,MLB,,TOR +1.5,ML,,,,,,,,+110,,loss,2026-09-02T01:12:20.825000+00:00,,,,2026-09-01
2026-09-01_TEX_OAK_MLB_OVER7.5,MLB,,OVER 7.5,ML,,,,,,,,-110,,win,2026-09-02T03:34:16.167000+00:00,,,,2026-09-01
2026-09-01_CIN_SD_MLB_UNDER9.5,MLB,,UNDER 9.5,ML,,,,,,,,-110,,win,2026-09-02T01:46:23.356000+00:00,,,,2026-09-01
2026-09-01_KC_MIA_MLB_UNDER9.5,MLB,,UNDER 9.5,ML,,,,,,,,-110,,win,2026-09-02T02:06:38.921000+00:00,,,,2026-09-01
2026-09-01_CHC_MIL_MLB_MIL+1.5,MLB,,MIL +1.5,ML,,,,,,,,+110,,win,2026-09-02T03:07:28.784000+00:00,,,,2026-09-01
2026-09-01_M.Linette_F.Jones_WTA_UNDER2.5sets,WTA,,UNDER 2.5 sets,ML,,,,,,,,-110,,loss,2026-09-02T22:43:50.738000+00:00,,,,2026-09-01
2026-09-01_TB_NYM_MLB_TBML,MLB,,TB ML,ML,,,,,,,,-143,,win,2026-09-02T01:06:04.699000+00:00,,,,2026-09-01
2026-09-01_BOS_SEA_MLB_OVER7.5,MLB,,OVER 7.5,ML,,,,,,,,-110,,win,2026-09-02T02:15:47.292000+00:00,,,,2026-09-01
2026-09-01_HOU_CWS_MLB_OVER8.5,MLB,,OVER 8.5,ML,,,,,,,,-110,,loss,2026-09-02T03:34:16.170000+00:00,,,,2026-09-01
2026-09-01_M.Andreeva_J.Tjen_WTA_M.AndreevaML,WTA,,M.Andreeva ML,ML,,,,,,,,-110,,win,2026-09-01T21:25:03.558000+00:00,,,,2026-09-01
2026-09-01_M.Andreeva_J.Tjen_WTA_UNDER2.5sets,WTA,,UNDER 2.5 sets,ML,,,,,,,,-110,,win,2026-09-01T21:24:56.204000+00:00,,,,2026-09-01
2026-09-01_T.Fritz_D.Blanch_TEN_T.Fritz,ATP,,T.Fritz,ML,,,,,,,,-110,,win,2026-09-02T03:35:32.999000+00:00,,,,2026-09-01
2026-08-31_Barcelona_Rayo Vallecano_LIGA_OVER3.5,LIGA,,OVER 3.5,ML,,,,,,,,-110,,win,2026-08-31T21:31:14.858000+00:00,,,,2026-08-31
2026-08-31_M.Linette_F.Jones_WTA_M.LinetteML,WTA,,M.Linette ML,ML,,,,,,,,-110,,loss,2026-09-02T23:23:42.666000+00:00,,,,2026-08-31
2026-08-31_M.Berrettini_S.Wawrinka_ATP_M.BerrettiniML,ATP,,M.Berrettini ML,ML,,,,,,,,-110,,win,2026-09-01T17:32:57.436000+00:00,,,,2026-08-31
2026-08-31_MIN_DET_MLB_DET+1.5,MLB,,DET +1.5,ML,,,,,,,,+110,,loss,2026-09-01T05:22:06.879000+00:00,,,,2026-08-31
2026-08-31_CHC_MIL_MLB_MIL+1.5,MLB,,MIL +1.5,ML,,,,,,,,+110,,loss,2026-09-01T05:22:06.880000+00:00,,,,2026-08-31
2026-08-31_Lecce_AS Roma_SERIEA_ASRoma,SERIEA,,AS Roma,ML,,,,,,,,-235,,win,2026-08-31T19:27:21.989000+00:00,,,,2026-08-31
2026-08-31_A.Ito_O.Selekhmeteva_WTA_A.ItoML,WTA,,A.Ito ML,ML,,,,,,,,-110,,loss,2026-09-01T17:35:13.819000+00:00,,,,2026-08-31
2026-08-31_ARI_PHI_MLB_ARIML,MLB,,ARI ML,ML,,,,,,,,85,,loss,2026-09-01T05:22:06.881000+00:00,,,,2026-08-31
2026-08-31_N.Osaka_A.Zakharova_WTA_N.OsakaML,WTA,,N.Osaka ML,ML,,,,,,,,-110,,win,2026-09-01T17:36:35.603000+00:00,,,,2026-08-31
2026-08-31_MIN_DET_MLB_MINML,MLB,,MIN ML,ML,,,,,,,,-118,,win,2026-09-01T05:22:06.879000+00:00,,,,2026-08-31
2026-08-31_F.Auger-Aliassime_R.Hijikata_ATP_F.Auger-AliassimeML,ATP,,F.Auger-Aliassime ML,ML,,,,,,,,-110,,win,2026-09-01T17:29:23.855000+00:00,,,,2026-08-31
2026-08-31_CIN_SD_MLB_SD+1.5,MLB,,SD +1.5,ML,,,,,,,,+110,,win,2026-09-01T17:27:06.080000+00:00,,,,2026-08-31
2026-08-31_A.Sabalenka_C.Osorio_WTA_A.SabalenkaML,WTA,,A.Sabalenka ML,ML,,,,,,,,-110,,win,2026-09-01T17:34:49.623000+00:00,,,,2026-08-31
2026-08-31_N.Osaka_A.Zakharova_WTA_UNDER2.5sets,WTA,,UNDER 2.5 sets,ML,,,,,,,,-110,,win,2026-09-01T17:36:32.377000+00:00,,,,2026-08-31
2026-08-31_Barcelona_Rayo Vallecano_LIGA_Barcelona,LIGA,,Barcelona,ML,,,,,,,,-900,,win,2026-08-31T21:31:14.859000+00:00,,,,2026-08-31
2026-08-31_CHC_MIL_MLB_UNDER9.5,MLB,,UNDER 9.5,ML,,,,,,,,-110,,loss,2026-09-01T05:22:06.880000+00:00,,,,2026-08-31
2026-08-31_ATL_SF_MLB_UNDER9.5,MLB,,UNDER 9.5,ML,,,,,,,,-110,,loss,2026-09-01T00:42:14.219000+00:00,,,,2026-08-31
2026-08-31_CIN_SD_MLB_UNDER9.5,MLB,,UNDER 9.5,ML,,,,,,,,-110,,win,2026-09-01T17:27:03.608000+00:00,,,,2026-08-31
2026-08-31_COL_BAL_MLB_UNDER11.5,MLB,,UNDER 11.5,ML,,,,,,,,-110,,win,2026-09-01T05:22:06.881000+00:00,,,,2026-08-31
2026-08-31_HOU_CWS_MLB_CWS+1.5,MLB,,CWS +1.5,ML,,,,,,,,+110,,loss,2026-09-01T05:22:06.881000+00:00,,,,2026-08-31
2026-08-31_A.Li_A.Ruzic_WTA_UNDER2.5sets,WTA,,UNDER 2.5 sets,ML,,,,,,,,-110,,win,2026-09-01T17:41:54.584000+00:00,,,,2026-08-31
2026-08-31_A.Li_A.Ruzic_WTA_A.LiML,WTA,,A.Li ML,ML,,,,,,,,-110,,win,2026-09-01T17:41:50.659000+00:00,,,,2026-08-31
2026-08-31_BOS_SEA_MLB_SEA+1.5,MLB,,SEA +1.5,ML,,,,,,,,+110,,win,2026-09-01T05:22:06.879000+00:00,,,,2026-08-31
2026-08-31_TB_NYM_MLB_OVER8.5,MLB,,OVER 8.5,ML,,,,,,,,-110,,loss,2026-09-01T05:22:06.878000+00:00,,,,2026-08-31
2026-08-31_M.Chwalinska_T.Townsend_WTA_UNDER2.5sets,WTA,,UNDER 2.5 sets,ML,,,,,,,,-110,,win,2026-09-01T17:35:33.661000+00:00,,,,2026-08-31
2026-08-31_Aston Villa_Arsenal_PL_SOC_OVER2.5,PL,,OVER 2.5,ML,,,,,,,,-110,,loss,2026-08-31T21:31:14.800000+00:00,,,,2026-08-31
2026-08-31_Lecce_AS Roma_SERIEA_OVER2.5,SERIEA,,OVER 2.5,ML,,,,,,,,-110,,win,2026-08-31T19:27:21.990000+00:00,,,,2026-08-31
2026-08-31_D.Kasatkina_P.Badosa_WTA_D.KasatkinaML,WTA,,D.Kasatkina ML,ML,,,,,,,,-110,,loss,2026-09-02T19:25:43.748000+00:00,,,,2026-08-31
2026-08-31_COL_BAL_MLB_BAL+1.5,MLB,,BAL +1.5,ML,,,,,,,,+110,,win,2026-09-01T05:22:06.881000+00:00,,,,2026-08-31
2026-08-31_LAA_NYY_MLB_NYY+1.5,MLB,,NYY +1.5,ML,,,,,,,,+110,,loss,2026-09-01T05:22:06.881000+00:00,,,,2026-08-31
2026-08-31_S.Tsitsipas_A.Fils_ATP_S.TsitsipasML,ATP,,S.Tsitsipas ML,ML,,,,,,,,-110,,win,2026-09-01T17:30:51.906000+00:00,,,,2026-08-31
2026-08-31_TEX_OAK_MLB_OVER7.5,MLB,,OVER 7.5,ML,,,,,,,,-110,,win,2026-09-01T05:22:06.880000+00:00,,,,2026-08-31
2026-08-31_TEX_OAK_MLB_OAK+1.5,MLB,,OAK +1.5,ML,,,,,,,,+110,,loss,2026-09-01T05:22:06.880000+00:00,,,,2026-08-31
2026-08-31_V.Vacherot_A.Kovacevic_ATP_V.VacherotML,ATP,,V.Vacherot ML,ML,,,,,,,,-110,,win,2026-09-01T17:32:05.833000+00:00,,,,2026-08-31
2026-08-31_Z.Sonmez_C.Gauff_WTA_Z.SonmezML,WTA,,Z.Sonmez ML,ML,,,,,,,,-110,,loss,2026-09-02T16:36:07.254000+00:00,,,,2026-08-31
2026-08-31_WSN_MIA_MLB_WSNML,MLB,,WSN ML,ML,,,,,,,,92,,win,2026-09-01T05:22:06.879000+00:00,,,,2026-08-31
2026-08-31_H.Dart_P.Stearns_WTA_H.DartML,WTA,,H.Dart ML,ML,,,,,,,,-110,,win,2026-09-01T17:40:01.517000+00:00,,,,2026-08-31
2026-08-31_A.Ito_O.Selekhmeteva_WTA_UNDER2.5sets,WTA,,UNDER 2.5 sets,ML,,,,,,,,-110,,win,2026-09-01T17:35:10.824000+00:00,,,,2026-08-31
2026-08-31_Osasuna_Getafe_LIGA_OVER1.5,LIGA,,OVER 1.5,ML,,,,,,,,-110,,loss,2026-08-31T19:34:57.423000+00:00,,,,2026-08-31
2026-08-31_HOU_CWS_MLB_UNDER9.5,MLB,,UNDER 9.5,ML,,,,,,,,-110,,win,2026-09-01T05:22:06.880000+00:00,,,,2026-08-31
2026-08-31_Aston Villa_Arsenal_PL_SOC_Arsenal,PL,,Arsenal,ML,,,,,,,,-190,,win,2026-08-31T21:31:14.800000+00:00,,,,2026-08-31
2026-08-31_Barcelona_Rayo Vallecano_LIGA_BarcelonaWin,LIGA,,Barcelona Win,ML,,,,,,,,-110,,win,2026-08-31T21:31:14.858000+00:00,,,,2026-08-31
2026-08-31_Lecce_AS Roma_SERIEA_ASRomaWin,SERIEA,,AS Roma Win,ML,,,,,,,,-110,,win,2026-08-31T19:27:21.989000+00:00,,,,2026-08-31
2026-08-31_M.Berrettini_S.Wawrinka_ATP_UNDER3.5sets,ATP,,UNDER 3.5 sets,ML,,,,,,,,-110,,win,2026-09-01T17:33:06.629000+00:00,,,,2026-08-31
2026-08-31_S.Bejlek_C.Bucsa_WTA_S.BejlekML,WTA,,S.Bejlek ML,ML,,,,,,,,-110,,loss,2026-09-02T16:36:07.247000+00:00,,,,2026-08-31
2026-08-31_B.Nakashima_S.Baez_ATP_UNDER3.5sets,ATP,,UNDER 3.5 sets,ML,,,,,,,,-110,,win,2026-09-01T17:31:49.256000+00:00,,,,2026-08-31
2026-08-31_TB_NYM_MLB_TB-1.5,MLB,,TB -1.5,ML,,,,,,,,-130,,loss,2026-09-01T05:22:06.878000+00:00,,,,2026-08-31
2026-08-31_B.Nakashima_S.Baez_ATP_B.NakashimaML,ATP,,B.Nakashima ML,ML,,,,,,,,-110,,win,2026-09-01T17:31:46.177000+00:00,,,,2026-08-31
2026-08-31_ARI_PHI_MLB_OVER7.5,MLB,,OVER 7.5,ML,,,,,,,,-110,,loss,2026-09-01T05:22:06.882000+00:00,,,,2026-08-31
2026-08-31_MIN_DET_MLB_UNDER9.5,MLB,,UNDER 9.5,ML,,,,,,,,-110,,loss,2026-09-01T05:22:06.879000+00:00,,,,2026-08-31
2026-08-31_Osasuna_Getafe_LIGA_Osasuna,LIGA,,Osasuna,ML,,,,,,,,120,,win,2026-08-31T19:34:57.422000+00:00,,,,2026-08-31
2026-08-31_V.Vacherot_A.Kovacevic_ATP_UNDER3.5sets,ATP,,UNDER 3.5 sets,ML,,,,,,,,-110,,win,2026-09-01T17:32:12.139000+00:00,,,,2026-08-31
2026-08-31_Osasuna_Getafe_LIGA_OsasunaWin,LIGA,,Osasuna Win,ML,,,,,,,,-110,,win,2026-08-31T19:34:57.423000+00:00,,,,2026-08-31
2026-08-31_A.Sabalenka_C.Osorio_WTA_UNDER2.5sets,WTA,,UNDER 2.5 sets,ML,,,,,,,,-110,,win,2026-09-01T17:34:41.331000+00:00,,,,2026-08-31
2026-08-31_Aston Villa_Arsenal_PL_SOC_ArsenalWin,PL,,Arsenal Win,ML,,,,,,,,-110,,win,2026-08-31T21:31:14.800000+00:00,,,,2026-08-31
2026-08-31_B.Shelton_T.Griekspoor_ATP_B.SheltonML,ATP,,B.Shelton ML,ML,,,,,,,,-110,,win,2026-09-01T17:30:27.124000+00:00,,,,2026-08-31
2026-08-30_Manchester United_Ipswich Town_PL_SOC_UNDER3.5,PL,,UNDER 3.5,ML,,,,,,,,-110,,loss,2026-08-30T17:42:44.105000+00:00,,,,2026-08-30
2026-08-30_SEA_LA_WNBA_LAML,WNBA,,LA ML,ML,,,,,,,,-110,,win,2026-08-30T23:37:24.486000+00:00,,,,2026-08-30
2026-08-30_K.Majchrzak_H.Medjedovic_ATP_K.MajchrzakML,ATP,,K.Majchrzak ML,ML,,,,,,,,-110,,win,2026-08-30T18:20:58.736000+00:00,,,,2026-08-30
2026-08-30_OAK_BAL_MLB_UNDER10.5,MLB,,UNDER 10.5,ML,,,,,,,,-110,,loss,2026-08-30T23:37:23.243000+00:00,,,,2026-08-30
2026-08-30_DET_LAD_MLB_DET+1.5,MLB,,DET +1.5,ML,,,,,,,,+110,,win,2026-08-30T18:12:38.220000+00:00,,,,2026-08-30
2026-08-30_Sunderland_Fulham_PL_SOC_UNDER2.5,PL,,UNDER 2.5,ML,,,,,,,,-110,,win,2026-08-30T15:21:36.147000+00:00,,,,2026-08-30
2026-08-30_D.Kasatkina_P.Badosa_WTA_D.KasatkinaML,WTA,,D.Kasatkina ML,ML,,,,,,,,-110,,loss,2026-09-02T19:25:27.755000+00:00,,,,2026-08-30
2026-08-30_T.Etcheverry_V.Kopriva_ATP_T.EtcheverryML,ATP,,T.Etcheverry ML,ML,,,,,,,,-110,,win,2026-08-31T11:42:23.739000+00:00,,,,2026-08-30
2026-08-30_N.Podoroska_S.Waltert_WTA_N.PodoroskaML,WTA,,N.Podoroska ML,ML,,,,,,,,-110,,win,2026-09-02T16:35:58.881000+00:00,,,,2026-08-30
2026-08-30_M.Giron_I.Buse_ATP_M.GironML,ATP,,M.Giron ML,ML,,,,,,,,-110,,loss,2026-09-02T19:25:27.738000+00:00,,,,2026-08-30
2026-08-30_SEA_LA_WNBA_UNDER174.5,WNBA,,UNDER 174.5,ML,,,,,,,,-110,,win,2026-08-30T23:37:24.486000+00:00,,,,2026-08-30
2026-08-30_Napoli_Como_SERIEA_OVER2.5,SERIEA,,OVER 2.5,ML,,,,,,,,-110,,win,2026-08-30T20:14:36.230000+00:00,,,,2026-08-30
2026-08-30_TOR_SEA_MLB_SEA+1.5,MLB,,SEA +1.5,ML,,,,,,,,+110,,win,2026-08-30T18:12:38.218000+00:00,,,,2026-08-30
2026-08-30_E.Svitolina_S.Sierra_WTA_UNDER2.5sets,WTA,,UNDER 2.5 sets,ML,,,,,,,,-110,,win,2026-08-31T11:46:13.865000+00:00,,,,2026-08-30
2026-08-30_Real Madrid_Málaga_LIGA_Málaga,LIGA,,Málaga,ML,,,,,,,,2200,,loss,2026-08-30T17:16:21.460000+00:00,,,,2026-08-30
2026-08-30_POR_GS_WNBA_OVER158.5,WNBA,,OVER 158.5,ML,,,,,,,,-110,,loss,2026-08-31T05:49:38.275000+00:00,,,,2026-08-30
2026-08-30_L.Tagger_T.Korpatsch_WTA_UNDER2.5sets,WTA,,UNDER 2.5 sets,ML,,,,,,,,-110,,win,2026-09-02T16:35:58.880000+00:00,,,,2026-08-30
2026-08-30_FC Augsburg_Schalke 04_BUND_UNDER2.5,BUND,,UNDER 2.5,ML,,,,,,,,-110,,loss,2026-08-30T17:26:31.054000+00:00,,,,2026-08-30
2026-08-30_J.Paolini_V.Erjavec_WTA_J.PaoliniML,WTA,,J.Paolini ML,ML,,,,,,,,-110,,win,2026-08-30T20:30:03.948000+00:00,,,,2026-08-30
2026-08-30_DET_LAD_MLB_OVER7.5,MLB,,OVER 7.5,ML,,,,,,,,-110,,loss,2026-08-30T18:12:38.220000+00:00,,,,2026-08-30
2026-08-30_NYY_BOS_MLB_NYYML,MLB,,NYY ML,ML,,,,,,,,71,,win,2026-08-30T20:16:35.707000+00:00,,,,2026-08-30
2026-08-30_DAL_CON_WNBA_CON+14.5,WNBA,,CON +14.5,ML,,,,,,,,-110,,loss,2026-08-31T05:49:38.276000+00:00,,,,2026-08-30
2026-08-30_L.Van Assche_C.Norrie_ATP_L.VanAsscheML,ATP,,L.Van Assche ML,ML,,,,,,,,-110,,win,2026-08-31T11:42:45.603000+00:00,,,,2026-08-30
2026-08-30_N.Borges_L.Tien_ATP_N.BorgesML,ATP,,N.Borges ML,ML,,,,,,,,-110,,loss,2026-09-02T16:35:58.854000+00:00,,,,2026-08-30
2026-08-30_D.Prizmic_A.Shevchenko_ATP_UNDER3.5sets,ATP,,UNDER 3.5 sets,ML,,,,,,,,-110,,loss,2026-08-30T20:25:03.176000+00:00,,,,2026-08-30
2026-08-30_J.Pegula_E.Ruse_WTA_J.PegulaML,WTA,,J.Pegula ML,ML,,,,,,,,-110,,win,2026-08-30T20:29:15.038000+00:00,,,,2026-08-30
2026-08-30_LAA_PHI_MLB_OVER7.5,MLB,,OVER 7.5,ML,,,,,,,,-110,,loss,2026-08-30T23:37:23.243000+00:00,,,,2026-08-30
2026-08-30_M.Andreeva_J.Tjen_WTA_UNDER2.5sets,WTA,,UNDER 2.5 sets,ML,,,,,,,,-110,,win,2026-09-01T21:28:42.148000+00:00,,,,2026-08-30
2026-08-30_Real Madrid_Málaga_LIGA_OVER3.5,LIGA,,OVER 3.5,ML,,,,,,,,-110,,win,2026-08-30T17:16:21.461000+00:00,,,,2026-08-30
2026-08-30_SC Freiburg_Werder Bremen_BUND_SCFreiburg,BUND,,SC Freiburg,ML,,,,,,,,-141,,win,2026-08-30T15:56:32.935000+00:00,,,,2026-08-30
2026-08-30_TB_SD_MLB_UNDER7.5,MLB,,UNDER 7.5,ML,,,,,,,,-110,,loss,2026-08-30T23:37:23.242000+00:00,,,,2026-08-30
2026-08-30_J.Lehecka_P.Carreno Busta_ATP_UNDER3.5sets,ATP,,UNDER 3.5 sets,ML,,,,,,,,-110,,loss,2026-08-30T20:23:51.667000+00:00,,,,2026-08-30
2026-08-30_E.Cocciaretto_K.Siniakova_WTA_UNDER2.5sets,WTA,,UNDER 2.5 sets,ML,,,,,,,,-110,,win,2026-09-02T16:35:58.882000+00:00,,,,2026-08-30
2026-08-30_M.Kessler_E.Alexandrova_WTA_UNDER2.5sets,WTA,,UNDER 2.5 sets,ML,,,,,,,,-110,,win,2026-08-31T11:45:22.525000+00:00,,,,2026-08-30
2026-08-30_CHC_CIN_MLB_UNDER9.5,MLB,,UNDER 9.5,ML,,,,,,,,-110,,loss,2026-08-30T18:12:38.221000+00:00,,,,2026-08-30
2026-08-30_M.Navone_N.Djokovic_ATP_M.NavoneML,ATP,,M.Navone ML,ML,,,,,,,,-110,,win,2026-08-31T11:42:30.757000+00:00,,,,2026-08-30
2026-08-30_Leeds United_Brentford_PL_SOC_UNDER2.5,PL,,UNDER 2.5,ML,,,,,,,,-110,,win,2026-08-30T15:56:30.629000+00:00,,,,2026-08-30
2026-08-30_Manchester United_Ipswich Town_PL_SOC_ManchesterUnited,PL,,Manchester United,ML,,,,,,,,-270,,win,2026-08-30T18:13:38.296000+00:00,,,,2026-08-30
2026-08-30_MIL_TEX_MLB_MILML,MLB,,MIL ML,ML,,,,,,,,-155,,loss,2026-08-30T23:37:23.242000+00:00,,,,2026-08-30
2026-08-30_E.Jacquemot_M.Bouzkova_WTA_E.JacquemotML,WTA,,E.Jacquemot ML,ML,,,,,,,,-110,,loss,2026-09-02T16:35:58.880000+00:00,,,,2026-08-30
2026-08-30_T.Etcheverry_V.Kopriva_ATP_UNDER3.5sets,ATP,,UNDER 3.5 sets,ML,,,,,,,,-110,,win,2026-08-31T11:42:27.777000+00:00,,,,2026-08-30
2026-08-30_Deportivo_Valencia_LIGA_UNDER2.5,LIGA,,UNDER 2.5,ML,,,,,,,,-110,,loss,2026-08-30T18:16:22.407000+00:00,,,,2026-08-30
2026-08-30_Y.Starodubtseva_E.Seidel_WTA_UNDER2.5sets,WTA,,UNDER 2.5 sets,ML,,,,,,,,-110,,win,2026-09-02T16:35:58.882000+00:00,,,,2026-08-30
2026-08-30_SEA_LA_WNBA_LA-1.5,WNBA,,LA -1.5,ML,,,,,,,,-110,,win,2026-08-30T23:37:24.486000+00:00,,,,2026-08-30
2026-08-30_ATL_COL_MLB_ATLML,MLB,,ATL ML,ML,,,,,,,,-235,,win,2026-08-30T20:24:55.576000+00:00,,,,2026-08-30
2026-08-30_J.Pegula_E.Ruse_WTA_UNDER2.5sets,WTA,,UNDER 2.5 sets,ML,,,,,,,,-110,,win,2026-08-30T20:29:19.630000+00:00,,,,2026-08-30
2026-08-30_WSN_MIA_MLB_WSNML,MLB,,WSN ML,ML,,,,,,,,-316,,loss,2026-08-30T19:22:19.323000+00:00,,,,2026-08-30
2026-08-30_Chelsea_Brighton & Hove Albion_PL_SOC_Brighton&HoveAlbionWin,PL,,Brighton & Hove Albion Win,ML,,,,,,,,-110,,loss,2026-08-30T16:29:28.291000+00:00,,,,2026-08-30
2026-08-30_STL_PIT_MLB_PIT+1.5,MLB,,PIT +1.5,ML,,,,,,,,+110,,win,2026-08-30T18:12:38.221000+00:00,,,,2026-08-30
2026-08-30_S.Kraus_K.Muchova_WTA_S.KrausML,WTA,,S.Kraus ML,ML,,,,,,,,-110,,loss,2026-09-02T16:35:58.879000+00:00,,,,2026-08-30
2026-08-30_J.Paolini_V.Erjavec_WTA_UNDER2.5sets,WTA,,UNDER 2.5 sets,ML,,,,,,,,-110,,loss,2026-08-30T20:30:08.591000+00:00,,,,2026-08-30
2026-08-30_DAL_CON_WNBA_OVER165.5,WNBA,,OVER 165.5,ML,,,,,,,,-110,,win,2026-08-31T05:49:38.276000+00:00,,,,2026-08-30
2026-08-30_M.Kessler_E.Alexandrova_WTA_M.KesslerML,WTA,,M.Kessler ML,ML,,,,,,,,-110,,loss,2026-08-31T11:45:26.652000+00:00,,,,2026-08-30
2026-08-30_N.Osaka_A.Zakharova_WTA_UNDER2.5sets,WTA,,UNDER 2.5 sets,ML,,,,,,,,-110,,win,2026-09-02T16:35:58.882000+00:00,,,,2026-08-30
2026-08-30_Y.Putintseva_B.Bencic_WTA_Y.PutintsevaML,WTA,,Y.Putintseva ML,ML,,,,,,,,-110,,win,2026-09-02T16:35:58.883000+00:00,,,,2026-08-30
2026-08-30_MIN_CWS_MLB_UNDER9.5,MLB,,UNDER 9.5,ML,,,,,,,,-110,,win,2026-08-30T20:30:01.433000+00:00,,,,2026-08-30
2026-08-30_POR_GS_WNBA_GSML,WNBA,,GS ML,ML,,,,,,,,-110,,win,2026-08-31T05:49:38.276000+00:00,,,,2026-08-30
2026-08-30_E.Cocciaretto_K.Siniakova_WTA_E.CocciarettoML,WTA,,E.Cocciaretto ML,ML,,,,,,,,-110,,loss,2026-09-02T16:35:58.882000+00:00,,,,2026-08-30
2026-08-30_DAL_CON_WNBA_DALML,WNBA,,DAL ML,ML,,,,,,,,-110,,win,2026-08-31T05:49:38.276000+00:00,,,,2026-08-30
2026-08-30_SC Freiburg_Werder Bremen_BUND_OVER2.5,BUND,,OVER 2.5,ML,,,,,,,,-110,,win,2026-08-30T15:56:32.936000+00:00,,,,2026-08-30
2026-08-30_POR_GS_WNBA_POR+5.5,WNBA,,POR +5.5,ML,,,,,,,,-110,,loss,2026-08-31T05:49:38.276000+00:00,,,,2026-08-30
2026-08-30_OAK_BAL_MLB_BAL+1.5,MLB,,BAL +1.5,ML,,,,,,,,+110,,win,2026-08-30T23:37:23.243000+00:00,,,,2026-08-30
2026-08-30_LAA_PHI_MLB_PHI+1.5,MLB,,PHI +1.5,ML,,,,,,,,+110,,win,2026-08-30T23:37:23.244000+00:00,,,,2026-08-30
2026-08-30_Cagliari_Internazionale_SERIEA_Internazionale,SERIEA,,Internazionale,ML,,,,,,,,-255,,win,2026-08-30T23:36:32.901000+00:00,,,,2026-08-30
2026-08-30_D.Prizmic_A.Shevchenko_ATP_D.PrizmicML,ATP,,D.Prizmic ML,ML,,,,,,,,-110,,win,2026-08-30T20:24:58.366000+00:00,,,,2026-08-30
2026-08-30_TB_SD_MLB_SD+1.5,MLB,,SD +1.5,ML,,,,,,,,+110,,win,2026-08-30T23:37:23.242000+00:00,,,,2026-08-30
2026-08-30_NYM_HOU_MLB_NYMML,MLB,,NYM ML,ML,,,,,,,,-118,,win,2026-08-30T18:12:38.221000+00:00,,,,2026-08-30
2026-08-30_J.Munar_T.Atmane_ATP_J.MunarML,ATP,,J.Munar ML,ML,,,,,,,,-110,,win,2026-08-31T11:41:45.261000+00:00,,,,2026-08-30
2026-08-30_E.Svitolina_S.Sierra_WTA_E.SvitolinaML,WTA,,E.Svitolina ML,ML,,,,,,,,-110,,win,2026-08-31T11:46:17.642000+00:00,,,,2026-08-30
2026-08-30_K.Rakhimova_B.Krejcikova_WTA_K.RakhimovaML,WTA,,K.Rakhimova ML,ML,,,,,,,,-110,,win,2026-08-30T20:27:52.608000+00:00,,,,2026-08-30
2026-08-30_J.Lehecka_P.Carreno Busta_ATP_J.LeheckaML,ATP,,J.Lehecka ML,ML,,,,,,,,-110,,win,2026-08-30T20:23:39.701000+00:00,,,,2026-08-30
2026-08-30_Real Madrid_Málaga_LIGA_RealMadridWin,LIGA,,Real Madrid Win,ML,,,,,,,,-110,,win,2026-08-30T17:16:21.461000+00:00,,,,2026-08-30
2026-08-30_SC Freiburg_Werder Bremen_BUND_SCFreiburgWin,BUND,,SC Freiburg Win,ML,,,,,,,,-110,,win,2026-08-30T15:22:28.056000+00:00,,,,2026-08-30
2026-08-29_UNLV_MEM_CFB_MEM+4.0,CFB,,MEM +4.0,ML,,,,,,,,-110,,win,2026-08-30T05:47:27.622000+00:00,,,,2026-08-29
2026-08-29_STAN_HAW_CFB_HAWML,CFB,,HAW ML,ML,,,,,,,,-210,,loss,2026-08-30T02:46:10.223000+00:00,,,,2026-08-29
cfb_2026-08-29_USC_SJSU_ML_USC,FOOTBALL,,USC,ML,,,,,,,,-362,,win,2026-08-30T03:39:14.811000+00:00,,,,2026-08-29
cfb_2026-08-29_TCU_UNC_ML_UNC,FOOTBALL,,UNC,ML,,,,,,,,+248,,win,2026-08-30T03:32:20.652000+00:00,,,,2026-08-29
2026-08-29_Juventus_Parma_SERIEA_Juventus,SERIEA,,Juventus,ML,,,,,,,,-500,,win,2026-08-29T20:44:46.031000+00:00,,,,2026-08-29
2026-08-29_Real Sociedad_Espanyol_LIGA_UNDER2.5,LIGA,,UNDER 2.5,ML,,,,,,,,-110,,loss,2026-08-29T19:07:32.179000+00:00,,,,2026-08-29
2026-08-29_EMU_SAC_CFB_SAC+8.5,CFB,,SAC +8.5,ML,,,,,,,,-110,,loss,2026-08-30T01:53:46.386000+00:00,,,,2026-08-29
2026-08-29_Liverpool_Nottingham Forest_PL_SOC_Liverpool,PL,,Liverpool,ML,,,,,,,,-161,,loss,2026-08-29T19:12:20.269000+00:00,,,,2026-08-29
2026-08-29_AFC Bournemouth_Everton_PL_SOC_UNDER2.5,PL,,UNDER 2.5,ML,,,,,,,,-110,,win,2026-08-29T19:08:27.908000+00:00,,,,2026-08-29
2026-08-29_Juventus_Parma_SERIEA_UNDER2.5,SERIEA,,UNDER 2.5,ML,,,,,,,,-110,,win,2026-08-29T20:44:46.122000+00:00,,,,2026-08-29
2026-08-29_STAN_HAW_CFB_OVER48.5,CFB,,OVER 48.5,ML,,,,,,,,-110,,win,2026-08-30T02:46:10.224000+00:00,,,,2026-08-29
2026-08-29_USC_SJSU_CFB_UNDER60.5,CFB,,UNDER 60.5,ML,,,,,,,,-110,,loss,2026-08-29T22:11:57.812000+00:00,,,,2026-08-29
2026-08-29_NDSU_JVST_CFB_NDSUML,CFB,,NDSU ML,ML,,,,,,,,-166,,win,2026-08-30T00:46:46.118000+00:00,,,,2026-08-29
2026-08-29_NDSU_JVST_CFB_UNDER46.5,CFB,,UNDER 46.5,ML,,,,,,,,-110,,win,2026-08-30T00:46:46.136000+00:00,,,,2026-08-29
2026-08-29_FSU_NMSU_CFB_UNDER53.5,CFB,,UNDER 53.5,ML,,,,,,,,-110,,win,2026-08-30T02:23:48.629000+00:00,,,,2026-08-29
2026-08-29_FSU_NMSU_CFB_FSUML,CFB,,FSU ML,ML,,,,,,,,-348,,win,2026-08-30T02:23:48.628000+00:00,,,,2026-08-29
2026-08-29_Coventry City_Hull City_PL_SOC_HullCity,PL,,Hull City,ML,,,,,,,,-190,,win,2026-08-29T19:08:27.912000+00:00,,,,2026-08-29
2026-08-29_Monza_Udinese_SERIEA_Udinese,SERIEA,,Udinese,ML,,,,,,,,-160,,win,2026-08-29T19:12:20.734000+00:00,,,,2026-08-29
2026-08-29_Sevilla_Atlético Madrid_LIGA_AtléticoMadrid,LIGA,,Atlético Madrid,ML,,,,,,,,-105,,win,2026-08-29T21:30:30.598000+00:00,,,,2026-08-29
cfb_2026-08-29_TCU_UNC_OU_UNDER50.5,FOOTBALL,,UNDER 50.5,OU,,,,,,,,-110,,win,2026-08-30T03:35:56.677000+00:00,,,,2026-08-29
2026-08-29_UVA_NCSU_CFB_UVA-4.0,CFB,,UVA -4.0,ML,,,,,,,,-110,,win,2026-08-29T22:41:34.628000+00:00,,,,2026-08-29
2026-08-29_UVA_NCSU_CFB_UVAML,CFB,,UVA ML,ML,,,,,,,,-431,,win,2026-08-29T22:41:34.631000+00:00,,,,2026-08-29
2026-08-29_EMU_SAC_CFB_EMUML,CFB,,EMU ML,ML,,,,,,,,-149,,win,2026-08-30T01:53:46.378000+00:00,,,,2026-08-29
2026-08-29_UNLV_MEM_CFB_UNDER55.5,CFB,,UNDER 55.5,ML,,,,,,,,-110,,win,2026-08-30T05:47:27.661000+00:00,,,,2026-08-29
2026-08-29_UVA_NCSU_CFB_UNDER51.5,CFB,,UNDER 51.5,ML,,,,,,,,-110,,win,2026-08-29T22:41:34.618000+00:00,,,,2026-08-29
2026-08-29_STAN_HAW_CFB_HAW+4.0,CFB,,HAW +4.0,ML,,,,,,,,-110,,loss,2026-08-30T02:46:10.221000+00:00,,,,2026-08-29
2026-08-29_Sevilla_Atlético Madrid_LIGA_OVER2.5,LIGA,,OVER 2.5,ML,,,,,,,,-110,,win,2026-08-29T21:27:22.817000+00:00,,,,2026-08-29
2026-08-29_Liverpool_Nottingham Forest_PL_SOC_OVER2.5,PL,,OVER 2.5,ML,,,,,,,,-110,,win,2026-08-29T19:07:32.047000+00:00,,,,2026-08-29
2026-08-29_EMU_SAC_CFB_UNDER53.5,CFB,,UNDER 53.5,ML,,,,,,,,-110,,win,2026-08-30T01:53:46.386000+00:00,,,,2026-08-29
2026-08-29_Monza_Udinese_SERIEA_OVER2.5,SERIEA,,OVER 2.5,ML,,,,,,,,-110,,win,2026-08-29T19:12:20.735000+00:00,,,,2026-08-29
2026-08-29_Sassuolo_Torino_SERIEA_Sassuolo,SERIEA,,Sassuolo,ML,,,,,,,,-105,,win,2026-08-29T19:12:20.736000+00:00,,,,2026-08-29
2026-08-29_1. FC Union Berlin_Eintracht Frankfurt_BUND_OVER3.5,BUND,,OVER 3.5,ML,,,,,,,,-110,,win,2026-08-29T17:24:41.083000+00:00,,,,2026-08-29
2026-08-29_FC Cologne_TSG Hoffenheim_BUND_UNDER3.5,BUND,,UNDER 3.5,ML,,,,,,,,-110,,loss,2026-08-29T17:24:41.087000+00:00,,,,2026-08-29
2026-08-28_Racing Santander_Elche_LIGA_OVER2.5,LIGA,,OVER 2.5,ML,,,,,,,,-110,,win,2026-08-28T20:33:16.547000+00:00,,,,2026-08-28
2026-08-28_Bayern Munich_VfB Stuttgart_BUND_BayernMunich,BUND,,Bayern Munich,ML,,,,,,,,-200,,win,2026-08-28T20:32:24.451000+00:00,,,,2026-08-28
2026-08-28_Crystal Palace_Manchester City_PL_SOC_OVER2.5,PL,,OVER 2.5,ML,,,,,,,,-110,,win,2026-08-28T20:33:20.863000+00:00,,,,2026-08-28
2026-08-28_Bayern Munich_VfB Stuttgart_BUND_OVER4.5,BUND,,OVER 4.5,ML,,,,,,,,-110,,win,2026-08-28T20:32:24.451000+00:00,,,,2026-08-28
2026-08-28_Racing Santander_Elche_LIGA_RacingSantander,LIGA,,Racing Santander,ML,,,,,,,,-143,,win,2026-08-28T20:33:11.470000+00:00,,,,2026-08-28
2026-08-28_AC Milan_Venezia_SERIEA_OVER2.5,SERIEA,,OVER 2.5,ML,,,,,,,,-110,,loss,2026-08-28T20:53:08.268000+00:00,,,,2026-08-28
2026-08-28_AC Milan_Venezia_SERIEA_ACMilan,SERIEA,,AC Milan,ML,,,,,,,,-215,,win,2026-08-28T20:44:16.903000+00:00,,,,2026-08-28
2026-08-28_Crystal Palace_Manchester City_PL_SOC_ManchesterCity,PL,,Manchester City,ML,,,,,,,,-160,,win,2026-08-28T20:44:01.840000+00:00,,,,2026-08-28
2026-08-28_Alavés_Villarreal_LIGA_OVER2.5,LIGA,,OVER 2.5,ML,,,,,,,,-110,,loss,2026-08-28T21:22:04.243000+00:00,,,,2026-08-28
2026-08-27_SF_ARI_MLB_ARI+1.5,MLB,,ARI +1.5,ML,,,,,,,,+110,,loss,2026-08-28T05:31:22.405000+00:00,,,,2026-08-27
2026-08-27_SF_ARI_MLB_UNDER8.5,MLB,,UNDER 8.5,ML,,,,,,,,-110,,win,2026-08-28T05:29:47.399000+00:00,,,,2026-08-27
2026-08-27_Barcelona_Athletic Club_LIGA_BarcelonaWin,LIGA,,Barcelona Win,ML,,,,,,,,-110,,win,2026-08-28T00:59:23.743000+00:00,,,,2026-08-27
2026-08-27_TOR_KC_MLB_TORML,MLB,,TOR ML,ML,,,,,,,,-182,,loss,2026-08-28T05:29:47.398000+00:00,,,,2026-08-27
2026-08-27_WSN_COL_MLB_WSNML,MLB,,WSN ML,ML,,,,,,,,-486,,win,2026-08-28T01:00:26.464000+00:00,,,,2026-08-27
2026-08-27_NYM_MIL_MLB_MILML,MLB,,MIL ML,ML,,,,,,,,-214,,win,2026-08-28T05:31:22.404000+00:00,,,,2026-08-27
2026-08-27_ATL_LAD_MLB_ATLML,MLB,,ATL ML,ML,,,,,,,,-158,,win,2026-08-28T05:31:22.405000+00:00,,,,2026-08-27
2026-08-27_NY_GS_WNBA_OVER162.5,WNBA,,OVER 162.5,ML,,,,,,,,-110,,loss,2026-08-28T05:29:47.490000+00:00,,,,2026-08-27
2026-08-27_STL_BAL_MLB_STLML,MLB,,STL ML,ML,,,,,,,,-211,,win,2026-08-28T00:59:16.830000+00:00,,,,2026-08-27
2026-08-27_WSN_COL_MLB_WSN-1.5,MLB,,WSN -1.5,ML,,,,,,,,-130,,win,2026-08-28T01:00:26.464000+00:00,,,,2026-08-27
2026-08-27_WSN_COL_MLB_OVER10.5,MLB,,OVER 10.5,ML,,,,,,,,-110,,loss,2026-08-28T01:00:26.464000+00:00,,,,2026-08-27
2026-08-27_NY_GS_WNBA_GS+3.5,WNBA,,GS +3.5,ML,,,,,,,,-110,,win,2026-08-28T05:29:47.490000+00:00,,,,2026-08-27
2026-08-27_NY_GS_WNBA_NYML,WNBA,,NY ML,ML,,,,,,,,-110,,loss,2026-08-28T05:29:47.490000+00:00,,,,2026-08-27
2026-08-27_TOR_KC_MLB_KC+1.5,MLB,,KC +1.5,ML,,,,,,,,+110,,win,2026-08-28T05:31:22.404000+00:00,,,,2026-08-27
2026-08-27_NYY_HOU_MLB_NYYML,MLB,,NYY ML,ML,,,,,,,,-396,,loss,2026-08-28T05:29:47.398000+00:00,,,,2026-08-27
2026-08-27_NYY_HOU_MLB_OVER9.5,MLB,,OVER 9.5,ML,,,,,,,,-110,,loss,2026-08-28T05:29:47.397000+00:00,,,,2026-08-27
2026-08-26_ATL_LAD_MLB_OVER9.5,MLB,,OVER 9.5,ML,,,,,,,,-110,,win,2026-08-27T02:40:00.514000+00:00,,,,2026-08-26
2026-08-26_DET_TB_MLB_OVER7.5,MLB,,OVER 7.5,ML,,,,,,,,-110,,loss,2026-08-26T19:40:58.692000+00:00,,,,2026-08-26
2026-08-26_LAA_CLE_MLB_LAAML,MLB,,LAA ML,ML,,,,,,,,-156,,loss,2026-08-26T22:56:11.383000+00:00,,,,2026-08-26
2026-08-26_SD_PIT_MLB_SD+1.5,MLB,,SD +1.5,ML,,,,,,,,+110,,win,2026-08-27T00:06:37.086000+00:00,,,,2026-08-26
2026-08-26_DET_TB_MLB_TB+1.5,MLB,,TB +1.5,ML,,,,,,,,+110,,win,2026-08-26T19:40:58.692000+00:00,,,,2026-08-26
2026-08-26_SF_CIN_MLB_UNDER7.5,MLB,,UNDER 7.5,ML,,,,,,,,-110,,loss,2026-08-27T00:06:37.085000+00:00,,,,2026-08-26
2026-08-26_MIA_BOS_MLB_MIAML,MLB,,MIA ML,ML,,,,,,,,-168,,win,2026-08-27T01:36:39.889000+00:00,,,,2026-08-26
2026-08-26_CON_GS_WNBA_CON+13.5,WNBA,,CON +13.5,ML,,,,,,,,-110,,loss,2026-08-27T02:19:59.418000+00:00,,,,2026-08-26
2026-08-26_Real Madrid_Real Sociedad_LIGA_RealMadridWin,LIGA,,Real Madrid Win,ML,,,,,,,,-110,,win,2026-08-26T21:21:53.964000+00:00,,,,2026-08-26
2026-08-26_SEA_TOR_WNBA_SEAML,WNBA,,SEA ML,ML,,,,,,,,-110,,win,2026-08-27T10:02:32.127000+00:00,,,,2026-08-26
2026-08-26_ARI_CHC_MLB_ARI+1.5,MLB,,ARI +1.5,ML,,,,,,,,+110,,win,2026-08-26T22:02:45.776000+00:00,,,,2026-08-26
2026-08-26_ARI_CHC_MLB_OVER8.5,MLB,,OVER 8.5,ML,,,,,,,,-110,,loss,2026-08-26T22:02:45.776000+00:00,,,,2026-08-26
2026-08-26_DET_TB_MLB_DETML,MLB,,DET ML,ML,,,,,,,,-144,,loss,2026-08-26T19:40:58.691000+00:00,,,,2026-08-26
2026-08-26_NYY_HOU_MLB_NYYML,MLB,,NYY ML,ML,,,,,,,,-962,,win,2026-08-27T02:40:00.508000+00:00,,,,2026-08-26
2026-08-26_CON_GS_WNBA_OVER150.5,WNBA,,OVER 150.5,ML,,,,,,,,-110,,win,2026-08-27T02:19:59.413000+00:00,,,,2026-08-26
2026-08-26_ATL_LAD_MLB_ATLML,MLB,,ATL ML,ML,,,,,,,,-161,,win,2026-08-27T02:40:00.513000+00:00,,,,2026-08-26
2026-08-26_STL_BAL_MLB_STLML,MLB,,STL ML,ML,,,,,,,,-212,,loss,2026-08-27T03:33:39.408000+00:00,,,,2026-08-26
2026-08-26_NYM_MIL_MLB_MILML,MLB,,MIL ML,ML,,,,,,,,-154,,win,2026-08-27T02:40:00.511000+00:00,,,,2026-08-26
2026-08-26_Real Madrid_Real Sociedad_LIGA_UNDER3.5,LIGA,,UNDER 3.5,ML,,,,,,,,-110,,loss,2026-08-26T20:59:36.675000+00:00,,,,2026-08-26
2026-08-26_MIA_BOS_MLB_BOS+1.5,MLB,,BOS +1.5,ML,,,,,,,,+110,,loss,2026-08-27T01:36:39.890000+00:00,,,,2026-08-26
2026-08-26_SEA_PHI_MLB_PHI+1.5,MLB,,PHI +1.5,ML,,,,,,,,+110,,win,2026-08-27T15:35:06.161000+00:00,,,,2026-08-26
2026-08-26_SF_CIN_MLB_CIN+1.5,MLB,,CIN +1.5,ML,,,,,,,,+110,,win,2026-08-27T00:06:37.066000+00:00,,,,2026-08-26
2026-08-26_CON_GS_WNBA_GSML,WNBA,,GS ML,ML,,,,,,,,-110,,win,2026-08-27T02:40:00.745000+00:00,,,,2026-08-26
2026-08-26_TOR_KC_MLB_KC+1.5,MLB,,KC +1.5,ML,,,,,,,,+110,,loss,2026-08-27T01:36:39.892000+00:00,,,,2026-08-26
2026-08-26_TOR_KC_MLB_TORML,MLB,,TOR ML,ML,,,,,,,,-228,,win,2026-08-27T01:36:39.893000+00:00,,,,2026-08-26
2026-08-26_SF_CIN_MLB_SFML,MLB,,SF ML,ML,,,,,,,,-244,,loss,2026-08-27T00:06:37.080000+00:00,,,,2026-08-26
2026-08-26_LAA_CLE_MLB_CLE+1.5,MLB,,CLE +1.5,ML,,,,,,,,+110,,win,2026-08-26T22:56:11.375000+00:00,,,,2026-08-26
2026-08-26_STL_BAL_MLB_BAL+1.5,MLB,,BAL +1.5,ML,,,,,,,,+110,,win,2026-08-27T03:33:39.404000+00:00,,,,2026-08-26
2026-08-26_SEA_TOR_WNBA_TOR+6.5,WNBA,,TOR +6.5,ML,,,,,,,,-110,,loss,2026-08-27T10:02:32.126000+00:00,,,,2026-08-26
2026-08-25_Valencia_Real Betis_LIGA_UNDER2.5,LIGA,,UNDER 2.5,ML,,,,,,,,-110,,win,2026-08-25T21:31:33.719000+00:00,,,,2026-08-25
2026-08-25_NYY_HOU_MLB_NYYML,MLB,,NYY ML,ML,,,,,,,,-964,,loss,2026-08-26T19:53:30.037000+00:00,,,,2026-08-25
2026-08-25_NYM_MIL_MLB_OVER7.5,MLB,,OVER 7.5,ML,,,,,,,,-110,,loss,2026-08-26T19:53:30.037000+00:00,,,,2026-08-25
2026-08-25_LAA_CLE_MLB_CLE+1.5,MLB,,CLE +1.5,ML,,,,,,,,+110,,win,2026-08-26T19:53:30.038000+00:00,,,,2026-08-25
2026-08-25_CON_CHI_WNBA_UNDER169.5,WNBA,,UNDER 169.5,ML,,,,,,,,-110,,win,2026-08-26T01:06:38.474000+00:00,,,,2026-08-25
2026-08-25_CON_CHI_WNBA_CHIML,WNBA,,CHI ML,ML,,,,,,,,-110,,win,2026-08-26T21:20:17.867000+00:00,,,,2026-08-25
2026-08-25_SEA_PHI_MLB_PHI+1.5,MLB,,PHI +1.5,ML,,,,,,,,+110,,loss,2026-08-26T19:53:30.039000+00:00,,,,2026-08-25
2026-08-25_SD_PIT_MLB_SD+1.5,MLB,,SD +1.5,ML,,,,,,,,+110,,win,2026-08-26T21:21:33.418000+00:00,,,,2026-08-25
2026-08-25_SF_CIN_MLB_SFML,MLB,,SF ML,ML,,,,,,,,-249,,win,2026-08-26T19:53:30.040000+00:00,,,,2026-08-25
2026-08-25_LAA_CLE_MLB_LAAML,MLB,,LAA ML,ML,,,,,,,,-167,,loss,2026-08-26T19:53:30.039000+00:00,,,,2026-08-25
2026-08-25_SEA_PHI_MLB_SEAML,MLB,,SEA ML,ML,,,,,,,,-297,,win,2026-08-26T19:53:30.039000+00:00,,,,2026-08-25
2026-08-25_STL_BAL_MLB_BAL+1.5,MLB,,BAL +1.5,ML,,,,,,,,+110,,win,2026-08-26T19:53:30.038000+00:00,,,,2026-08-25
2026-08-25_SEA_PHI_MLB_UNDER8.5,MLB,,UNDER 8.5,ML,,,,,,,,-110,,win,2026-08-26T19:53:30.039000+00:00,,,,2026-08-25
2026-08-25_TOR_KC_MLB_KC+1.5,MLB,,KC +1.5,ML,,,,,,,,+110,,win,2026-08-26T19:53:30.037000+00:00,,,,2026-08-25
2026-08-25_DET_TB_MLB_DETML,MLB,,DET ML,ML,,,,,,,,-148,,win,2026-08-26T19:53:30.036000+00:00,,,,2026-08-25
2026-08-25_SF_CIN_MLB_CIN+1.5,MLB,,CIN +1.5,ML,,,,,,,,+110,,loss,2026-08-26T19:53:30.040000+00:00,,,,2026-08-25
2026-08-25_SF_CIN_MLB_UNDER8.5,MLB,,UNDER 8.5,ML,,,,,,,,-110,,win,2026-08-26T19:53:30.040000+00:00,,,,2026-08-25
2026-08-25_ATL_LAD_MLB_ATLML,MLB,,ATL ML,ML,,,,,,,,-160,,win,2026-08-26T19:53:30.038000+00:00,,,,2026-08-25
2026-08-25_MIA_BOS_MLB_BOS+1.5,MLB,,BOS +1.5,ML,,,,,,,,+110,,win,2026-08-26T19:53:30.035000+00:00,,,,2026-08-25
2026-08-25_MIA_BOS_MLB_MIAML,MLB,,MIA ML,ML,,,,,,,,-148,,loss,2026-08-26T19:53:30.036000+00:00,,,,2026-08-25
2026-08-25_ARI_CHC_MLB_OVER8.5,MLB,,OVER 8.5,ML,,,,,,,,-110,,win,2026-08-26T19:53:30.039000+00:00,,,,2026-08-25
2026-08-25_ARI_CHC_MLB_ARI+1.5,MLB,,ARI +1.5,ML,,,,,,,,+110,,win,2026-08-26T19:53:30.039000+00:00,,,,2026-08-25
2026-08-25_TOR_KC_MLB_TORML,MLB,,TOR ML,ML,,,,,,,,-181,,loss,2026-08-26T19:53:30.037000+00:00,,,,2026-08-25
2026-08-25_STL_BAL_MLB_STLML,MLB,,STL ML,ML,,,,,,,,-165,,loss,2026-08-26T19:53:30.038000+00:00,,,,2026-08-25
2026-08-25_DET_TB_MLB_TB+1.5,MLB,,TB +1.5,ML,,,,,,,,+110,,loss,2026-08-26T19:53:30.036000+00:00,,,,2026-08-25
2026-08-25_NYM_MIL_MLB_MILML,MLB,,MIL ML,ML,,,,,,,,-148,,loss,2026-08-26T19:53:30.037000+00:00,,,,2026-08-25
2026-08-25_ATL_LAD_MLB_OVER8.5,MLB,,OVER 8.5,ML,,,,,,,,-110,,loss,2026-08-26T19:53:30.038000+00:00,,,,2026-08-25
2026-08-25_PHX_WSH_WNBA_PHX-2.5,WNBA,,PHX -2.5,ML,,,,,,,,-110,,loss,2026-08-26T03:55:43.605000+00:00,,,,2026-08-25
2026-08-25_PHX_WSH_WNBA_PHXML,WNBA,,PHX ML,ML,,,,,,,,-110,,win,2026-08-26T21:21:05.987000+00:00,,,,2026-08-25
2026-08-25_DAL_POR_WNBA_DALML,WNBA,,DAL ML,ML,,,,,,,,-110,,win,2026-08-26T21:21:13.658000+00:00,,,,2026-08-25
2026-08-24_MIN_GS_WNBA_MINML,WNBA,,MIN ML,ML,,,,,,,,-336,,loss,2026-08-25T21:33:24.935000+00:00,,,,2026-08-24
2026-08-24_AS Roma_Fiorentina_SERIEA_ASRoma,SERIEA,,AS Roma,ML,,,,,,,,-230,,win,2026-08-24T21:13:28.019000+00:00,,,,2026-08-24
2026-08-24_Málaga_Deportivo_LIGA_UNDER2.5,LIGA,,UNDER 2.5,ML,,,,,,,,-110,,win,2026-08-24T21:46:32.465000+00:00,,,,2026-08-24
2026-08-24_Osasuna_Levante_LIGA_UNDER2.5,LIGA,,UNDER 2.5,ML,,,,,,,,-110,,win,2026-08-24T19:21:42.763000+00:00,,,,2026-08-24
2026-08-24_MIN_GS_WNBA_OVER161.5,WNBA,,OVER 161.5,ML,,,,,,,,-110,,loss,2026-08-25T03:27:54.460000+00:00,,,,2026-08-24
2026-08-24_AS Roma_Fiorentina_SERIEA_OVER2.5,SERIEA,,OVER 2.5,ML,,,,,,,,-110,,win,2026-08-24T21:13:28.718000+00:00,,,,2026-08-24
2026-08-23_Manchester City_AFC Bournemouth_PL_SOC_UNDER3.5,PL,,UNDER 3.5,ML,,,,,,,,-110,,win,2026-08-23T16:44:47.435000+00:00,,,,2026-08-23
2026-08-23_Manchester City_AFC Bournemouth_PL_SOC_ManchesterCity,PL,,Manchester City,ML,,,,,,,,-162,,win,2026-08-23T16:44:44.187000+00:00,,,,2026-08-23
2026-08-23_Venezia_Lecce_SERIEA_UNDER2.5,SERIEA,,UNDER 2.5,ML,,,,,,,,-110,,win,2026-08-23T18:44:43.280000+00:00,,,,2026-08-23
2026-08-23_Torino_AC Milan_SERIEA_UNDER2.5,SERIEA,,UNDER 2.5,ML,,,,,,,,-110,,loss,2026-08-23T21:13:12.438000+00:00,,,,2026-08-23
2026-08-23_Elche_Barcelona_LIGA_Barcelona,LIGA,,Barcelona,ML,,,,,,,,-310,,win,2026-08-23T21:11:42.216000+00:00,,,,2026-08-23
2026-08-23_Frosinone_Juventus_SERIEA_UNDER3.5,SERIEA,,UNDER 3.5,ML,,,,,,,,-110,,win,2026-08-23T18:44:51.736000+00:00,,,,2026-08-23
2026-08-23_Frosinone_Juventus_SERIEA_UNDER2.5,SERIEA,,UNDER 2.5,ML,,,,,,,,-110,,win,2026-08-23T18:44:35.001000+00:00,,,,2026-08-23
2026-08-23_Torino_AC Milan_SERIEA_ACMilan,SERIEA,,AC Milan,ML,,,,,,,,-120,,win,2026-08-23T21:12:32.643000+00:00,,,,2026-08-23
2026-08-23_Newcastle United_Liverpool_PL_SOC_UNDER3.5,PL,,UNDER 3.5,ML,,,,,,,,-110,,loss,2026-08-23T17:31:12.159000+00:00,,,,2026-08-23
2026-08-23_Getafe_Racing Santander_LIGA_UNDER2.5,LIGA,,UNDER 2.5,ML,,,,,,,,-110,,win,2026-08-23T19:39:02.540000+00:00,,,,2026-08-23
2026-08-23_Atalanta_Sassuolo_SERIEA_UNDER3.5,SERIEA,,UNDER 3.5,ML,,,,,,,,-110,,win,2026-08-23T21:13:02.332000+00:00,,,,2026-08-23
2026-08-23_Frosinone_Juventus_SERIEA_Juventus,SERIEA,,Juventus,ML,,,,,,,,-240,,win,2026-08-23T18:44:28.616000+00:00,,,,2026-08-23
2026-08-23_Atlético Madrid_Villarreal_LIGA_OVER2.5,LIGA,,OVER 2.5,ML,,,,,,,,-110,,win,2026-08-23T17:00:44.727000+00:00,,,,2026-08-23
2026-08-23_Atalanta_Sassuolo_SERIEA_UNDER2.5,SERIEA,,UNDER 2.5,ML,,,,,,,,-110,,loss,2026-08-26T19:53:10.712000+00:00,,,,2026-08-23
2026-08-23_Brighton & Hove Albion_Aston Villa_PL_SOC_OVER2.5,PL,,OVER 2.5,ML,,,,,,,,-110,,win,2026-08-23T16:44:39.651000+00:00,,,,2026-08-23
2026-08-23_Elche_Barcelona_LIGA_UNDER3.5,LIGA,,UNDER 3.5,ML,,,,,,,,-110,,loss,2026-08-23T21:11:28.705000+00:00,,,,2026-08-23
2026-08-22_NYY_TOR_ML_NYY,MLB,,NYY,ML,,,,,,,,-105,,loss,2026-08-22T21:00:12.694000+00:00,,,,2026-08-22
2026-08-22_Brentford_Tottenham Hotspur_PL_SOC_OVER2.5,PL,,OVER 2.5,ML,,,,,,,,-110,,win,2026-08-22T21:25:01.107000+00:00,,,,2026-08-22
tst2,TEN,,Kenta Miyoshi,,,,,,,,,,,loss,2026-08-29T03:46:24.265000+00:00,,,,2026-08-22
tst1,TEN,,Pierre-Hugues Herbert,,,,,,,,,,,win,2026-08-29T03:46:24.264000+00:00,,,,2026-08-22
2026-08-22_COL_CLE_OU_OVER9.5,MLB,,OVER 9.5,OU,,,,,,,,-110,,loss,2026-08-23T03:49:39.085000+00:00,,,,2026-08-22
2026-08-22_Genoa_Napoli_SERIEA_Napoli,SERIEA,,Napoli,ML,,,,,,,,+127,,win,2026-08-22T21:26:28.799000+00:00,,,,2026-08-22
2026-08-22_Inter Miami CF_Toronto FC_MLS_InterMiamiCF,MLS,,Inter Miami CF,ML,,,,,,,,-154,,loss,2026-08-23T02:14:11.918000+00:00,,,,2026-08-22
2026-08-22_KC_DET_OU_UNDER8.5,MLB,,UNDER 8.5,OU,,,,,,,,-110,,win,2026-08-23T01:45:49.288000+00:00,,,,2026-08-22
2026-08-22_SD_MIN_MLB_MIN+1.5,MLB,,MIN +1.5,ML,,,,,,,,-115,,loss,2026-08-23T03:58:32.898000+00:00,,,,2026-08-22
2026-08-22_ARI_CIN_OU_UNDER9.5,MLB,,UNDER 9.5,OU,,,,,,,,-110,,loss,2026-08-23T03:49:39.089000+00:00,,,,2026-08-22
2026-08-22_Everton_Crystal Palace_PL_SOC_UNDER2.5,PL,,UNDER 2.5,ML,,,,,,,,-110,,win,2026-08-22T17:13:59.369000+00:00,,,,2026-08-22
2026-08-22_ATL_PHX_WNBA_ATLML,WNBA,,ATL ML,ML,,,,,,,,-122,,win,2026-08-23T04:03:02.682000+00:00,,,,2026-08-22
2026-08-22_Genoa_Napoli_SERIEA_UNDER2.5,SERIEA,,UNDER 2.5,ML,,,,,,,,-110,,win,2026-08-22T21:26:33.244000+00:00,,,,2026-08-22
2026-08-22_CWS_NYM_ML_CWS,MLB,,CWS,ML,,,,,,,,-109,,loss,2026-08-23T03:49:39.067000+00:00,,,,2026-08-22
2026-08-22_NY_IND_WNBA_IND+8.5,WNBA,,IND +8.5,ML,,,,,,,,-115,,win,2026-08-23T04:02:06.255000+00:00,,,,2026-08-22
tst4,TEN,,UNDER 2.5 sets,,,,,,,,,,,loss,2026-08-29T03:46:24.265000+00:00,,,,2026-08-22
2026-08-22_Vancouver Whitecaps FC_FC Dallas_MLS_VancouverWhitecapsFC,MLS,,Vancouver Whitecaps FC,ML,,,,,,,,-208,,win,2026-08-23T04:00:17.223000+00:00,,,,2026-08-22
2026-08-22_Ipswich Town_Sunderland_PL_SOC_UNDER2.5,PL,,UNDER 2.5,ML,,,,,,,,-110,,loss,2026-08-22T17:14:41.110000+00:00,,,,2026-08-22
2026-08-22_MIL_ATL_ML_MIL,MLB,,MIL,ML,,,,,,,,-158,,win,2026-08-22T20:54:31.682000+00:00,,,,2026-08-22
2026-08-22_PHX_ATL_WNBA_PHX+9.5,WNBA,,PHX +9.5,ML,,,,,,,,-115,,win,2026-08-23T05:31:21.454000+00:00,,,,2026-08-22
2026-08-22_Internazionale_Monza_SERIEA_UNDER3.5,SERIEA,,UNDER 3.5,ML,,,,,,,,-110,,loss,2026-08-22T20:35:35.956000+00:00,,,,2026-08-22
2026-08-22_BAL_TB_ML_BAL,MLB,,BAL,ML,,,,,,,,81,,win,2026-08-23T01:45:49.284000+00:00,,,,2026-08-22
2026-08-22_Parma_Cagliari_SERIEA_UNDER2.5,SERIEA,,UNDER 2.5,ML,,,,,,,,-110,,win,2026-08-22T21:25:41.490000+00:00,,,,2026-08-22
2026-08-22_FC Cincinnati_Seattle Sounders FC_MLS_UNDER3.5,MLS,,UNDER 3.5,ML,,,,,,,,-110,,win,2026-08-23T02:14:30.684000+00:00,,,,2026-08-22
tst6,TEN,,UNDER 25.5 games,,,,,,,,,,,loss,2026-08-29T03:46:24.265000+00:00,,,,2026-08-22
2026-08-22_Espanyol_Real Madrid_LIGA_RealMadrid,LIGA,,Real Madrid,ML,,,,,,,,+131,,win,2026-08-22T21:26:58.031000+00:00,,,,2026-08-22
2026-08-22_SD_MIN_ML_SD,MLB,,SD,ML,,,,,,,,-135,,win,2026-08-23T03:49:39.092000+00:00,,,,2026-08-22
2026-08-22_SEA_CHC_MLB_CHC+1.5,MLB,,CHC +1.5,ML,,,,,,,,-115,,win,2026-08-23T02:11:21.992000+00:00,,,,2026-08-22
tst5,TEN,,OVER 25.5 games,,,,,,,,,,,win,2026-08-29T03:46:24.265000+00:00,,,,2026-08-22
2026-08-22_Charlotte FC_D.C. United_MLS_OVER2.5,MLS,,OVER 2.5,ML,,,,,,,,-110,,win,2026-08-23T02:14:38.971000+00:00,,,,2026-08-22
2026-08-22_ARI_CIN_ML_ARI,MLB,,ARI,ML,,,,,,,,-165,,loss,2026-08-23T03:49:39.088000+00:00,,,,2026-08-22
2026-08-22_BAL_TB_OU_UNDER9.5,MLB,,UNDER 9.5,OU,,,,,,,,-110,,win,2026-08-23T01:45:49.285000+00:00,,,,2026-08-22
2026-08-22_CF Montréal_LA Galaxy_MLS_UNDER3.5,MLS,,UNDER 3.5,ML,,,,,,,,-110,,loss,2026-08-23T02:14:05.670000+00:00,,,,2026-08-22
2026-08-22_Internazionale_Monza_SERIEA_Internazionale,SERIEA,,Internazionale,ML,,,,,,,,-195,,win,2026-08-22T21:25:15.975000+00:00,,,,2026-08-22
2026-08-22_MIA_WSN_MLB_WSN+1.5,MLB,,WSN +1.5,ML,,,,,,,,-115,,loss,2026-08-23T05:32:20.358000+00:00,,,,2026-08-22
tst3,TEN,,OVER 2.5 sets,,,,,,,,,,,win,2026-08-29T03:46:24.265000+00:00,,,,2026-08-22
2026-08-22_MIL_ATL_OU_OVER8.5,MLB,,OVER 8.5,OU,,,,,,,,-110,,loss,2026-08-22T20:54:31.685000+00:00,,,,2026-08-22
2026-08-22_Athletic Club_Sevilla_LIGA_OVER2.5,LIGA,,OVER 2.5,ML,,,,,,,,-110,,win,2026-08-22T17:10:28.117000+00:00,,,,2026-08-22
2026-08-22_San Diego FC_Colorado Rapids_MLS_UNDER3.5,MLS,,UNDER 3.5,ML,,,,,,,,-110,,win,2026-08-23T05:30:33.091000+00:00,,,,2026-08-22
2026-08-22_PHI_STL_ML_STL,MLB,,STL,ML,,,,,,,,68,,loss,2026-08-23T01:45:49.272000+00:00,,,,2026-08-22
2026-08-22_PHI_STL_OU_OVER8.5,MLB,,OVER 8.5,OU,,,,,,,,-110,,win,2026-08-23T01:45:49.278000+00:00,,,,2026-08-22
2026-08-22_KC_DET_MLB_DET+1.5,MLB,,DET +1.5,ML,,,,,,,,-115,,loss,2026-08-23T05:32:17.314000+00:00,,,,2026-08-22
2026-08-22_St. Louis CITY SC_Houston Dynamo FC_MLS_St.LouisCITYSC,MLS,,St. Louis CITY SC,ML,,,,,,,,-118,,win,2026-08-23T03:59:34.450000+00:00,,,,2026-08-22
2026-08-22_BOS_SF_MLB_SF+1.5,MLB,,SF +1.5,ML,,,,,,,,-115,,win,2026-08-23T03:58:37.064000+00:00,,,,2026-08-22
2026-08-22_Austin FC_Philadelphia Union_MLS_UNDER3.5,MLS,,UNDER 3.5,ML,,,,,,,,-110,,win,2026-08-23T04:00:08.315000+00:00,,,,2026-08-22
2026-08-22_CWS_NYM_MLB_NYM+1.5,MLB,,NYM +1.5,ML,,,,,,,,-115,,win,2026-08-23T03:58:46.792000+00:00,,,,2026-08-22
2026-08-21_CHI_GS_WNBA_OVER163.5,WNBA,,OVER 163.5,ML,,,,,,,,-110,,loss,2026-08-26T19:52:47.448000+00:00,,,,2026-08-21
2026-08-21_GS_CHI_WNBA_GSML,WNBA,,GS ML,ML,,,,,,,,-144,,loss,2026-08-22T15:15:56.147000+00:00,,,,2026-08-21
2026-08-21_ARI_CIN_ML_ARI,MLB,,ARI,ML,,,,,,,,-141,,win,2026-08-22T15:18:14.960000+00:00,,,,2026-08-21
2026-08-21_CWS_NYM_ML_CWS,MLB,,CWS,ML,,,,,,,,-140,,win,2026-08-22T15:17:01.523000+00:00,,,,2026-08-21
2026-08-21_MIL_ATL_ML_MIL,MLB,,MIL,ML,,,,,,,,-137,,win,2026-08-22T01:19:19.933000+00:00,,,,2026-08-21
2026-08-21_WSH_MIN_WNBA_MIN-2.5,WNBA,,MIN -2.5,ML,,,,,,,,-115,,win,2026-08-22T15:15:44.604000+00:00,,,,2026-08-21
2026-08-21_CWS_NYM_OU_UNDER8.5,MLB,,UNDER 8.5,OU,,,,,,,,-110,,loss,2026-08-22T15:17:04.780000+00:00,,,,2026-08-21
2026-08-21_CHI_GS_WNBA_CHI+6.5,WNBA,,CHI +6.5,ML,,,,,,,,-115,,win,2026-08-22T15:15:51.708000+00:00,,,,2026-08-21
2026-08-21_BOS_SF_ML_BOS,MLB,,BOS,ML,,,,,,,,-170,,win,2026-08-22T15:16:37.532000+00:00,,,,2026-08-21
2026-08-21_TEX_LAA_ML_TEX,MLB,,TEX,ML,,,,,,,,-137,,win,2026-08-22T15:17:20.918000+00:00,,,,2026-08-21
2026-08-21_BAL_TB_MLB_TB+1.5,MLB,,TB +1.5,ML,,,,,,,,-115,,loss,2026-08-22T15:16:55.381000+00:00,,,,2026-08-21
2026-08-21_ARI_CIN_OU_UNDER9.5,MLB,,UNDER 9.5,OU,,,,,,,,-110,,win,2026-08-22T15:18:18.841000+00:00,,,,2026-08-21
2026-08-21_BOS_SF_OU_UNDER8.5,MLB,,UNDER 8.5,OU,,,,,,,,-110,,loss,2026-08-22T15:16:42.746000+00:00,,,,2026-08-21
2026-08-21_SD_MIN_MLB_MIN+1.5,MLB,,MIN +1.5,ML,,,,,,,,-115,,loss,2026-08-22T15:18:47.476000+00:00,,,,2026-08-21
2026-08-21_PHI_STL_MLB_STL+1.5,MLB,,STL +1.5,ML,,,,,,,,-115,,win,2026-08-22T15:16:29.903000+00:00,,,,2026-08-21
2026-08-21_TOR_POR_WNBA_TOR+2.5,WNBA,,TOR +2.5,ML,,,,,,,,-115,,win,2026-08-22T15:16:07.354000+00:00,,,,2026-08-21
2026-08-21_KC_DET_OU_UNDER8.5,MLB,,UNDER 8.5,OU,,,,,,,,-110,,win,2026-08-22T15:17:15.901000+00:00,,,,2026-08-21
2026-08-21_COL_CLE_MLB_CLE+1.5,MLB,,CLE +1.5,ML,,,,,,,,-115,,win,2026-08-22T15:17:31.167000+00:00,,,,2026-08-21
2026-08-21_MIN_WSH_WNBA_MINML,WNBA,,MIN ML,ML,,,,,,,,-333,,win,2026-08-22T15:15:41.317000+00:00,,,,2026-08-21
2026-08-21_LAD_PIT_ML_LAD,MLB,,LAD,ML,,,,,,,,-224,,win,2026-08-22T15:17:53.900000+00:00,,,,2026-08-21
2026-08-21_TEX_LAA_MLB_LAA+1.5,MLB,,LAA +1.5,ML,,,,,,,,-115,,win,2026-08-22T15:17:25.205000+00:00,,,,2026-08-21
2026-08-21_SD_MIN_ML_SD,MLB,,SD,ML,,,,,,,,-121,,win,2026-08-22T15:18:08.479000+00:00,,,,2026-08-21
2026-08-21_BAL_TB_ML_BAL,MLB,,BAL,ML,,,,,,,,-124,,win,2026-08-22T15:16:50.970000+00:00,,,,2026-08-21
2026-08-21_MIL_ATL_MLB_ATL+1.5,MLB,,ATL +1.5,ML,,,,,,,,-115,,win,2026-08-22T15:16:25.374000+00:00,,,,2026-08-21
2026-08-21_SEA_CHC_MLB_CHC+1.5,MLB,,CHC +1.5,ML,,,,,,,,-115,,win,2026-08-22T15:18:31.191000+00:00,,,,2026-08-21
2026-08-21_MIA_WSN_MLB_WSN+1.5,MLB,,WSN +1.5,ML,,,,,,,,-115,,win,2026-08-22T15:16:47.211000+00:00,,,,2026-08-21
2026-08-21_NYY_TOR_ML_NYY,MLB,,NYY,ML,,,,,,,,-194,,win,2026-08-22T15:16:33.654000+00:00,,,,2026-08-21
2026-08-21_HOU_OAK_MLB_OAK+1.5,MLB,,OAK +1.5,ML,,,,,,,,-115,,loss,2026-08-22T15:18:34.956000+00:00,,,,2026-08-21
2026-08-21_KC_DET_MLB_DET+1.5,MLB,,DET +1.5,ML,,,,,,,,-115,,loss,2026-08-22T15:18:43.106000+00:00,,,,2026-08-21
2026-08-21_SEA_CHC_ML_SEA,MLB,,SEA,ML,,,,,,,,-105,,win,2026-08-22T15:18:02.067000+00:00,,,,2026-08-21
2026-08-19_PIT_DET_ML_PIT,MLB,,PIT,ML,,,,,,,,-171,,win,2026-08-19T22:53:34.610000+00:00,,,,2026-08-19
2026-08-19_BOS_ARI_MLB_ARI+1.5,MLB,,ARI +1.5,ML,,,,,,,,-115,,loss,2026-08-19T22:55:34.499000+00:00,,,,2026-08-19
2026-08-19_Columbus Crew_CF Montréal_MLS_ColumbusCrew,MLS,,Columbus Crew,ML,,,,,,,,-111,,loss,2026-08-20T20:03:59.819000+00:00,,,,2026-08-19
2026-08-19_Seattle Sounders FC_Austin FC_MLS_SeattleSoundersFC,MLS,,Seattle Sounders FC,ML,,,,,,,,-146,,loss,2026-08-20T19:59:50.862000+00:00,,,,2026-08-19
2026-08-19_Orlando City_Chicago Fire FC_MLS_ChicagoFireFC,MLS,,Chicago Fire FC,ML,,,,,,,,-106,,win,2026-08-20T20:01:47.683000+00:00,,,,2026-08-19
2026-08-19_Philadelphia Union_Inter Miami CF_MLS_OVER3.5,MLS,,OVER 3.5,ML,,,,,,,,-110,,win,2026-08-20T20:02:14.534000+00:00,,,,2026-08-19
2026-08-19_CLE_SF_OU_UNDER8.5,MLB,,UNDER 8.5,OU,,,,,,,,-110,,win,2026-08-19T22:56:02.744000+00:00,,,,2026-08-19
2026-08-19_Minnesota United FC_Atlanta United_MLS_MinnesotaUnitedFC,MLS,,Minnesota United FC,ML,,,,,,,,-103,,loss,2026-08-20T20:04:08.982000+00:00,,,,2026-08-19
2026-08-19_NYM_SD_OU_UNDER8.5,MLB,,UNDER 8.5,OU,,,,,,,,-110,,win,2026-08-19T22:53:34.614000+00:00,,,,2026-08-19
2026-08-19_CIN_STL_MLB_CIN+1.5,MLB,,CIN +1.5,ML,,,,,,,,-115,,loss,2026-08-19T22:56:15.559000+00:00,,,,2026-08-19
2026-08-19_LA Galaxy_San Jose Earthquakes_MLS_UNDER3.5,MLS,,UNDER 3.5,ML,,,,,,,,-110,,win,2026-08-20T19:58:33.861000+00:00,,,,2026-08-19
2026-08-19_FC Cincinnati_New York City Football Club_MLS_UNDER4.5,MLS,,UNDER 4.5,ML,,,,,,,,-110,,win,2026-08-20T20:00:48.953000+00:00,,,,2026-08-19
2026-08-19_TB_TOR_MLB_TB-1.5,MLB,,TB -1.5,ML,,,,,,,,-115,,loss,2026-08-20T20:05:23.351000+00:00,,,,2026-08-19
2026-08-19_Sporting Kansas City_St. Louis CITY SC_MLS_St.LouisCITYSC,MLS,,St. Louis CITY SC,ML,,,,,,,,-129,,loss,2026-08-26T19:52:24.905000+00:00,,,,2026-08-19
2026-08-19_MIN_ATL_OU_OVER8.5,MLB,,OVER 8.5,OU,,,,,,,,-110,,win,2026-08-19T22:53:34.617000+00:00,,,,2026-08-19
2026-08-19_BAL_NYY_OU_OVER8.5,MLB,,OVER 8.5,OU,,,,,,,,-110,,loss,2026-08-19T22:55:55.343000+00:00,,,,2026-08-19
2026-08-19_MIN_GS_WNBA_MINML,WNBA,,MIN ML,ML,,,,,,,,-307,,win,2026-08-20T20:04:41.224000+00:00,,,,2026-08-19
2026-08-19_Toronto FC_Charlotte FC_MLS_UNDER2.5,MLS,,UNDER 2.5,ML,,,,,,,,-110,,loss,2026-08-28T20:53:20.269000+00:00,,,,2026-08-19
2026-08-19_WSH_TOR_WNBA_TOR+13.5,WNBA,,TOR +13.5,ML,,,,,,,,-115,,win,2026-08-20T20:04:55.020000+00:00,,,,2026-08-19
2026-08-19_GS_MIN_WNBA_OVER161.5,WNBA,,OVER 161.5,ML,,,,,,,,-110,,loss,2026-08-25T12:47:45.815000+00:00,,,,2026-08-19
2026-08-19_Columbus Crew_CF Montréal_MLS_UNDER3.5,MLS,,UNDER 3.5,ML,,,,,,,,-110,,win,2026-08-20T20:01:10.953000+00:00,,,,2026-08-19
2026-08-19_Sporting Kansas City_St. Louis CITY SC_MLS_UNDER3.5,MLS,,UNDER 3.5,ML,,,,,,,,-110,,win,2026-08-20T20:00:27.367000+00:00,,,,2026-08-19
2026-08-19_Vancouver Whitecaps FC_Houston Dynamo FC_MLS_UNDER3.5,MLS,,UNDER 3.5,ML,,,,,,,,-110,,win,2026-08-20T19:59:22.316000+00:00,,,,2026-08-19
2026-08-19_CHC_CWS_OU_UNDER9.5,MLB,,UNDER 9.5,OU,,,,,,,,-110,,win,2026-08-19T22:55:28.288000+00:00,,,,2026-08-19
2026-08-19_Portland Timbers_San Diego FC_MLS_UNDER3.5,MLS,,UNDER 3.5,ML,,,,,,,,-110,,loss,2026-08-20T19:59:08.555000+00:00,,,,2026-08-19
2026-08-19_COL_LAD_OU_OVER8.5,MLB,,OVER 8.5,OU,,,,,,,,-110,,win,2026-08-20T20:05:19.650000+00:00,,,,2026-08-19
2026-08-19_GS_MIN_WNBA_MIN-2.5,WNBA,,MIN -2.5,ML,,,,,,,,-115,,win,2026-08-20T20:04:44.611000+00:00,,,,2026-08-19
2026-08-19_PIT_DET_OU_UNDER8.5,MLB,,UNDER 8.5,OU,,,,,,,,-110,,win,2026-08-19T22:53:34.611000+00:00,,,,2026-08-19
2026-08-19_D.C. United_New England Revolution_MLS_OVER2.5,MLS,,OVER 2.5,ML,,,,,,,,-110,,win,2026-08-20T20:02:22.646000+00:00,,,,2026-08-19
2026-08-19_BOS_ARI_OU_OVER9.5,MLB,,OVER 9.5,OU,,,,,,,,-110,,win,2026-08-19T22:55:39.259000+00:00,,,,2026-08-19
2026-08-19_Red Bull New York_Nashville SC_MLS_UNDER3.5,MLS,,UNDER 3.5,ML,,,,,,,,-110,,win,2026-08-20T20:02:29.267000+00:00,,,,2026-08-19
2026-08-19_PHI_MIA_MLB_PHI+1.5,MLB,,PHI +1.5,ML,,,,,,,,-115,,win,2026-08-19T22:55:51.089000+00:00,,,,2026-08-19
2026-08-19_Real Salt Lake_FC Dallas_MLS_OVER2.5,MLS,,OVER 2.5,ML,,,,,,,,-110,,win,2026-08-20T19:59:44.296000+00:00,,,,2026-08-19
2026-08-19_Minnesota United FC_Atlanta United_MLS_OVER2.5,MLS,,OVER 2.5,ML,,,,,,,,-110,,win,2026-08-20T20:00:00.189000+00:00,,,,2026-08-19
2026-08-19_Vancouver Whitecaps FC_Houston Dynamo FC_MLS_VancouverWhitecapsFC,MLS,,Vancouver Whitecaps FC,ML,,,,,,,,-250,,loss,2026-08-20T19:59:29.009000+00:00,,,,2026-08-19
2026-08-18_NY_CHI_WNBA_NYML,WNBA,,NY ML,ML,,,,,,,,-250,,loss,2026-08-19T22:55:07.096000+00:00,,,,2026-08-18
2026-08-18_CHI_NY_WNBA_CHI+4.5,WNBA,,CHI +4.5,ML,,,,,,,,-115,,win,2026-08-19T22:55:00.145000+00:00,,,,2026-08-18
2026-08-18_IND_TOR_WNBA_INDML,WNBA,,IND ML,ML,,,,,,,,-733,,win,2026-08-19T22:54:44.863000+00:00,,,,2026-08-18
2026-08-18_LV_ATL_WNBA_ATL+3.5,WNBA,,ATL +3.5,ML,,,,,,,,-115,,win,2026-08-19T22:55:15.988000+00:00,,,,2026-08-18
2026-08-18_TOR_IND_WNBA_OVER169.5,WNBA,,OVER 169.5,ML,,,,,,,,-110,,win,2026-08-19T22:54:53.581000+00:00,,,,2026-08-18
2026-08-17_BOS_ARI_OU_UNDER9.5,MLB,,UNDER 9.5,OU,,,,,,,,-110,,loss,2026-08-19T00:31:43.945000+00:00,,,,2026-08-17
2026-08-17_PHI_MIA_MLB_MIA+1.5,MLB,,MIA +1.5,ML,,,,,,,,-115,,win,2026-08-19T00:31:05.997000+00:00,,,,2026-08-17
2026-08-17_GS_DAL_WNBA_GSML,WNBA,,GS ML,ML,,,,,,,,-148,,win,2026-08-19T00:32:07.974000+00:00,,,,2026-08-17
2026-08-17_MIN_ATL_MLB_ATL+1.5,MLB,,ATL +1.5,ML,,,,,,,,-115,,win,2026-08-19T00:31:36.235000+00:00,,,,2026-08-17
2026-08-17_CIN_STL_ML_STL,MLB,,STL,ML,,,,,,,,-108,,win,2026-08-17T21:23:26.142000+00:00,,,,2026-08-17
2026-08-17_NYM_SD_MLB_SD+1.5,MLB,,SD +1.5,ML,,,,,,,,-115,,win,2026-08-19T00:30:41.608000+00:00,,,,2026-08-17
2026-08-17_Deportivo_Elche_LIGA_DRAW,LIGA,,DRAW,ML,,,,,,,,-2620,,win,2026-08-19T00:32:46.370000+00:00,,,,2026-08-17
2026-08-17_BOS_ARI_ML_BOS,MLB,,BOS,ML,,,,,,,,-140,,win,2026-08-19T00:30:49.202000+00:00,,,,2026-08-17
2026-08-17_TB_BAL_ML_TB,MLB,,TB,ML,,,,,,,,-158,,win,2026-08-19T00:31:14.473000+00:00,,,,2026-08-17
2026-08-17_CHC_CWS_ML_CHC,MLB,,CHC,ML,,,,,,,,-161,,win,2026-08-19T00:30:06.724000+00:00,,,,2026-08-17
2026-08-17_NYM_SD_OU_UNDER8.5,MLB,,UNDER 8.5,OU,,,,,,,,-110,,win,2026-08-19T00:30:24.544000+00:00,,,,2026-08-17
2026-08-17_GS_DAL_WNBA_DAL+6.5,WNBA,,DAL +6.5,ML,,,,,,,,-115,,loss,2026-08-26T22:00:36.636000+00:00,,,,2026-08-17
2026-08-17_COL_LAD_MLB_LAD+1.5,MLB,,LAD +1.5,ML,,,,,,,,-115,,win,2026-08-19T00:29:36.340000+00:00,,,,2026-08-17
2026-08-17_COL_LAD_OU_UNDER8.5,MLB,,UNDER 8.5,OU,,,,,,,,-110,,loss,2026-08-19T00:31:39.715000+00:00,,,,2026-08-17
2026-08-17_TB_BAL_OU_UNDER9.5,MLB,,UNDER 9.5,OU,,,,,,,,-110,,loss,2026-08-19T00:31:47.278000+00:00,,,,2026-08-17
2026-08-17_Deportivo_Elche_LIGA_UNDER2.5,LIGA,,UNDER 2.5,ML,,,,,,,,-110,,win,2026-08-19T00:33:38.367000+00:00,,,,2026-08-17
2026-08-16_CHC_STL_ML_CHC,MLB,,CHC,ML,,,,,,,,-170,,loss,2026-08-16T22:30:43.337000+00:00,,,,2026-08-16
2026-08-16_ATL_ARI_MLB_ARI+1.5,MLB,,ARI +1.5,ML,,,,,,,,-115,,loss,2026-08-17T15:05:58.920000+00:00,,,,2026-08-16
2026-08-16_TB_BAL_MLB_BAL+1.5,MLB,,BAL +1.5,ML,,,,,,,,-115,,win,2026-08-17T15:06:02.755000+00:00,,,,2026-08-16
2026-08-16_CHC_STL_MLB_STL+1.5,MLB,,STL +1.5,ML,,,,,,,,-115,,win,2026-08-17T15:05:07.194000+00:00,,,,2026-08-16
2026-08-16_LAD_MIL_MLB_MIL+1.5,MLB,,MIL +1.5,ML,,,,,,,,-115,,win,2026-08-17T15:04:34.459000+00:00,,,,2026-08-16
2026-08-16_CLE_SD_MLB_SD+1.5,MLB,,SD +1.5,ML,,,,,,,,-115,,win,2026-08-17T15:05:25.948000+00:00,,,,2026-08-16
2026-08-16_DET_CWS_MLB_CWS+1.5,MLB,,CWS +1.5,ML,,,,,,,,-115,,win,2026-08-17T15:05:44.723000+00:00,,,,2026-08-16
2026-08-16_NYM_WSN_MLB_WSN+1.5,MLB,,WSN +1.5,ML,,,,,,,,-115,,win,2026-08-17T15:05:18.511000+00:00,,,,2026-08-16
2026-08-16_SF_COL_ML_SF,MLB,,SF,ML,,,,,,,,-124,,loss,2026-08-17T04:36:09.489000+00:00,,,,2026-08-16
2026-08-16_CHC_STL_OU_OVER8.5,MLB,,OVER 8.5,OU,,,,,,,,-110,,win,2026-08-16T22:30:43.340000+00:00,,,,2026-08-16
2026-08-16_TOR_NYY_MLB_TOR+1.5,MLB,,TOR +1.5,ML,,,,,,,,-115,,win,2026-08-17T15:05:49.919000+00:00,,,,2026-08-16
2026-08-16_Chicago Fire FC_Portland Timbers_MLS_ChicagoFireFC,MLS,,Chicago Fire FC,ML,,,,,,,,-142,,win,2026-08-17T15:03:32.435000+00:00,,,,2026-08-16
2026-08-16_CIN_MIA_MLB_CIN+1.5,MLB,,CIN +1.5,ML,,,,,,,,-115,,loss,2026-08-17T15:05:38.361000+00:00,,,,2026-08-16
2026-08-16_Seattle Sounders FC_Vancouver Whitecaps FC_MLS_UNDER3.5,MLS,,UNDER 3.5,ML,,,,,,,,-110,,win,2026-08-17T15:03:45.890000+00:00,,,,2026-08-16
2026-08-16_Chicago Fire FC_Portland Timbers_MLS_UNDER3.5,MLS,,UNDER 3.5,ML,,,,,,,,-110,,win,2026-08-17T15:03:50.862000+00:00,,,,2026-08-16
2026-08-16_New York City Football Club_Philadelphia Union_MLS_UNDER3.5,MLS,,UNDER 3.5,ML,,,,,,,,-110,,loss,2026-08-17T15:04:00+00:00,,,,2026-08-16
2026-08-16_MIN_PHI_OU_OVER8.5,MLB,,OVER 8.5,OU,,,,,,,,-110,,win,2026-08-16T21:38:26.593000+00:00,,,,2026-08-16
2026-08-16_OAK_TEX_ML_OAK,MLB,,OAK,ML,,,,,,,,78,,win,2026-08-17T04:36:09.494000+00:00,,,,2026-08-16
2026-08-16_LAA_KC_ML_LAA,MLB,,LAA,ML,,,,,,,,88,,loss,2026-08-17T15:04:38.447000+00:00,,,,2026-08-16
2026-08-16_Seattle Sounders FC_Vancouver Whitecaps FC_MLS_VancouverWhitecapsFC,MLS,,Vancouver Whitecaps FC,ML,,,,,,,,-112,,win,2026-08-17T15:03:42.172000+00:00,,,,2026-08-16
2026-08-16_PIT_BOS_ML_PIT,MLB,,PIT,ML,,,,,,,,-152,,win,2026-08-17T04:36:09.432000+00:00,,,,2026-08-16
2026-08-16_SF_COL_OU_UNDER9.5,MLB,,UNDER 9.5,OU,,,,,,,,-110,,loss,2026-08-17T04:36:09.486000+00:00,,,,2026-08-16
2026-08-16_ATL_IND_WNBA_IND-2.5,WNBA,,IND -2.5,ML,,,,,,,,-115,,win,2026-08-17T15:04:11.069000+00:00,,,,2026-08-16
2026-08-16_OAK_TEX_OU_UNDER8.5,MLB,,UNDER 8.5,OU,,,,,,,,-110,,win,2026-08-17T04:36:09.495000+00:00,,,,2026-08-16
2026-08-16_SF_COL_MLB_COL+1.5,MLB,,COL +1.5,ML,,,,,,,,-115,,win,2026-08-17T15:04:51.980000+00:00,,,,2026-08-16
2026-08-15_WSH_LA_WNBA_UNDER171.5,WNBA,,UNDER 171.5,ML,,,,,,,,-110,,win,2026-08-16T06:06:27.316000+00:00,,,,2026-08-15
2026-08-15_LAD_MIL_MLB_MIL+1.5,MLB,,MIL +1.5,ML,,,,,,,,-115,,win,2026-08-16T06:04:00.574000+00:00,,,,2026-08-15
2026-08-15_CHC_STL_ML_CHC,MLB,,CHC,ML,,,,,,,,-171,,loss,2026-08-15T21:17:27.492000+00:00,,,,2026-08-15
2026-08-15_San Jose Earthquakes_St. Louis CITY SC_MLS_UNDER3.5,MLS,,UNDER 3.5,ML,,,,,,,,-110,,loss,2026-08-16T06:08:10.474000+00:00,,,,2026-08-15
2026-08-15_Houston Dynamo FC_LA Galaxy_MLS_UNDER2.5,MLS,,UNDER 2.5,ML,,,,,,,,-110,,win,2026-08-16T06:08:40.590000+00:00,,,,2026-08-15
2026-08-15_Atlanta United_Red Bull New York_MLS_UNDER3.5,MLS,,UNDER 3.5,ML,,,,,,,,-110,,win,2026-08-16T06:09:33.719000+00:00,,,,2026-08-15
2026-08-15_Colorado Rapids_Sporting Kansas City_MLS_UNDER3.5,MLS,,UNDER 3.5,ML,,,,,,,,-110,,win,2026-08-16T06:08:16.353000+00:00,,,,2026-08-15
2026-08-15_CLE_SD_MLB_SD+1.5,MLB,,SD +1.5,ML,,,,,,,,-115,,loss,2026-08-16T06:04:41.065000+00:00,,,,2026-08-15
2026-08-15_Nashville SC_Inter Miami CF_MLS_UNDER3.5,MLS,,UNDER 3.5,ML,,,,,,,,-110,,loss,2026-08-16T06:09:22.118000+00:00,,,,2026-08-15
2026-08-15_Charlotte FC_Columbus Crew_MLS_OVER2.5,MLS,,OVER 2.5,ML,,,,,,,,-110,,win,2026-08-16T06:09:38.868000+00:00,,,,2026-08-15
2026-08-15_DET_CWS_OU_UNDER8.5,MLB,,UNDER 8.5,OU,,,,,,,,-110,,win,2026-08-15T23:56:03.852000+00:00,,,,2026-08-15
2026-08-15_ATL_ARI_OU_UNDER9.5,MLB,,UNDER 9.5,OU,,,,,,,,-110,,loss,2026-08-16T02:42:22.331000+00:00,,,,2026-08-15
2026-08-15_TB_BAL_MLB_BAL+1.5,MLB,,BAL +1.5,ML,,,,,,,,-115,,win,2026-08-16T06:05:08.026000+00:00,,,,2026-08-15
2026-08-15_CON_NY_WNBA_UNDER171.5,WNBA,,UNDER 171.5,ML,,,,,,,,-110,,win,2026-08-16T06:07:23.835000+00:00,,,,2026-08-15
2026-08-15_CLE_SD_ML_CLE,MLB,,CLE,ML,,,,,,,,-116,,win,2026-08-16T02:42:22.315000+00:00,,,,2026-08-15
2026-08-15_LAA_KC_OU_UNDER8.5,MLB,,UNDER 8.5,OU,,,,,,,,-110,,win,2026-08-16T04:51:10.332000+00:00,,,,2026-08-15
2026-08-15_LAA_KC_ML_LAA,MLB,,LAA,ML,,,,,,,,-148,,win,2026-08-16T04:51:10.327000+00:00,,,,2026-08-15
2026-08-15_ATL_ARI_MLB_ARI+1.5,MLB,,ARI +1.5,ML,,,,,,,,-115,,win,2026-08-16T06:04:18.395000+00:00,,,,2026-08-15
2026-08-15_LV_MIN_WNBA_MIN-1.5,WNBA,,MIN -1.5,ML,,,,,,,,-115,,win,2026-08-16T06:06:11.608000+00:00,,,,2026-08-15
2026-08-15_CIN_MIA_MLB_MIA+1.5,MLB,,MIA +1.5,ML,,,,,,,,-115,,win,2026-08-16T06:04:54.766000+00:00,,,,2026-08-15
2026-08-15_Real Salt Lake_Minnesota United FC_MLS_OVER2.5,MLS,,OVER 2.5,ML,,,,,,,,-110,,loss,2026-08-16T06:08:33.162000+00:00,,,,2026-08-15
2026-08-15_PIT_BOS_MLB_BOS+1.5,MLB,,BOS +1.5,ML,,,,,,,,-115,,win,2026-08-16T06:04:09.274000+00:00,,,,2026-08-15
2026-08-15_LV_MIN_WNBA_UNDER182.5,WNBA,,UNDER 182.5,ML,,,,,,,,-110,,win,2026-08-16T06:06:04.448000+00:00,,,,2026-08-15
2026-08-15_SF_COL_ML_SF,MLB,,SF,ML,,,,,,,,-162,,win,2026-08-15T23:56:03.862000+00:00,,,,2026-08-15
2026-08-15_MIN_PHI_ML_MIN,MLB,,MIN,ML,,,,,,,,75,,loss,2026-08-16T02:42:22.321000+00:00,,,,2026-08-15
2026-08-15_OAK_TEX_ML_OAK,MLB,,OAK,ML,,,,,,,,71,,loss,2026-08-16T04:51:10.337000+00:00,,,,2026-08-15
2026-08-15_WSH_LA_WNBA_LA+6.5,WNBA,,LA +6.5,ML,,,,,,,,-115,,loss,2026-08-16T06:07:08.524000+00:00,,,,2026-08-15
2026-08-15_SF_COL_OU_UNDER9.5,MLB,,UNDER 9.5,OU,,,,,,,,-110,,win,2026-08-15T23:56:03.862000+00:00,,,,2026-08-15
2026-08-15_TOR_NYY_ML_NYY,MLB,,NYY,ML,,,,,,,,-165,,loss,2026-08-15T23:56:03.858000+00:00,,,,2026-08-15
2026-08-15_CF Montréal_D.C. United_MLS_UNDER3.5,MLS,,UNDER 3.5,ML,,,,,,,,-110,,win,2026-08-16T06:09:53.270000+00:00,,,,2026-08-15
2026-08-15_DET_CWS_ML_DET,MLB,,DET,ML,,,,,,,,-135,,loss,2026-08-15T23:56:03.850000+00:00,,,,2026-08-15
2026-08-15_LAA_KC_MLB_KC+1.5,MLB,,KC +1.5,ML,,,,,,,,-115,,win,2026-08-16T06:03:35.630000+00:00,,,,2026-08-15
2026-08-15_CIN_MIA_ML_CIN,MLB,,CIN,ML,,,,,,,,-105,,loss,2026-08-16T02:42:22.309000+00:00,,,,2026-08-15
2026-08-15_Los Angeles Football Club_San Diego FC_MLS_UNDER3.5,MLS,,UNDER 3.5,ML,,,,,,,,-110,,win,2026-08-16T06:07:56.647000+00:00,,,,2026-08-15
2026-08-15_MIN_LV_WNBA_MINML,WNBA,,MIN ML,ML,,,,,,,,-210,,win,2026-08-16T06:06:16.761000+00:00,,,,2026-08-15
2026-08-15_OAK_TEX_OU_UNDER8.5,MLB,,UNDER 8.5,OU,,,,,,,,-110,,win,2026-08-16T04:51:10.338000+00:00,,,,2026-08-15
2026-08-15_HOU_SEA_MLB_SEA+1.5,MLB,,SEA +1.5,ML,,,,,,,,-115,,win,2026-08-16T06:04:25.252000+00:00,,,,2026-08-15
2026-08-15_MIN_PHI_MLB_PHI+1.5,MLB,,PHI +1.5,ML,,,,,,,,-115,,win,2026-08-16T06:04:31.540000+00:00,,,,2026-08-15
2026-08-15_Colorado Rapids_Sporting Kansas City_MLS_ColoradoRapids,MLS,,Colorado Rapids,ML,,,,,,,,-217,,win,2026-08-16T06:08:23.581000+00:00,,,,2026-08-15
2026-08-15_TB_BAL_ML_TB,MLB,,TB,ML,,,,,,,,-146,,loss,2026-08-16T02:42:22.301000+00:00,,,,2026-08-15
2026-08-15_CON_NY_WNBA_CON+8.5,WNBA,,CON +8.5,ML,,,,,,,,-115,,win,2026-08-16T06:07:30.837000+00:00,,,,2026-08-15
2026-08-15_SF_COL_MLB_COL+1.5,MLB,,COL +1.5,ML,,,,,,,,-115,,loss,2026-08-16T06:05:20.852000+00:00,,,,2026-08-15
2026-08-15_Toronto FC_New England Revolution_MLS_UNDER2.5,MLS,,UNDER 2.5,ML,,,,,,,,-110,,loss,2026-08-16T05:47:09.547000+00:00,,,,2026-08-15
2026-08-15_TB_BAL_OU_UNDER9.5,MLB,,UNDER 9.5,OU,,,,,,,,-110,,win,2026-08-16T02:42:22.303000+00:00,,,,2026-08-15
2026-08-12_DET_CLE_OU_UNDER8.5,MLB,,UNDER 8.5,OU,,,,,,,,-110,,loss,2026-08-13T02:46:59.354000+00:00,,,,2026-08-12
2026-08-12_SF_HOU_MLB_HOU+1.5,MLB,,HOU +1.5,ML,,,,,,,,-115,,win,2026-08-13T15:55:33.925000+00:00,,,,2026-08-12
2026-08-12_STL_PHI_OU_UNDER8.5,MLB,,UNDER 8.5,OU,,,,,,,,-110,,win,2026-08-12T20:52:14.410000+00:00,,,,2026-08-12
2026-08-12_OAK_TB_ML_TB,MLB,,TB,ML,,,,,,,,-172,,win,2026-08-12T21:54:41.489000+00:00,,,,2026-08-12
2026-08-12_TOR_BOS_MLB_BOS+1.5,MLB,,BOS +1.5,ML,,,,,,,,-115,,loss,2026-08-13T15:55:55.899000+00:00,,,,2026-08-12
2026-08-12_SD_MIL_ML_SD,MLB,,SD,ML,,,,,,,,-110,,win,2026-08-13T01:29:02.373000+00:00,,,,2026-08-12
2026-08-12_ARI_COL_MLB_COL+1.5,MLB,,COL +1.5,ML,,,,,,,,-115,,win,2026-08-13T15:55:27.113000+00:00,,,,2026-08-12
2026-08-12_GS_CHI_WNBA_GSML,WNBA,,GS ML,ML,,,,,,,,-226,,win,2026-08-13T15:54:14.360000+00:00,,,,2026-08-12
2026-08-12_WSN_CHC_ML_WSN,MLB,,WSN,ML,,,,,,,,63,,loss,2026-08-13T02:46:59.374000+00:00,,,,2026-08-12
2026-08-12_LAD_KC_MLB_KC+1.5,MLB,,KC +1.5,ML,,,,,,,,-115,,loss,2026-08-13T15:56:38.918000+00:00,,,,2026-08-12
2026-08-12_OAK_TB_MLB_TB-1.5,MLB,,TB -1.5,ML,,,,,,,,-115,,win,2026-08-13T15:55:24.531000+00:00,,,,2026-08-12
2026-08-12_MIA_PIT_ML_MIA,MLB,,MIA,ML,,,,,,,,-114,,win,2026-08-13T02:46:59.366000+00:00,,,,2026-08-12
2026-08-12_CWS_CIN_MLB_CIN+1.5,MLB,,CIN +1.5,ML,,,,,,,,-115,,loss,2026-08-13T15:56:08.846000+00:00,,,,2026-08-12
2026-08-12_DAL_TOR_WNBA_DALML,WNBA,,DAL ML,ML,,,,,,,,-326,,win,2026-08-13T15:55:00.763000+00:00,,,,2026-08-12
2026-08-12_SF_HOU_OU_UNDER8.5,MLB,,UNDER 8.5,OU,,,,,,,,-110,,win,2026-08-12T22:29:57.639000+00:00,,,,2026-08-12
2026-08-12_STL_PHI_ML_STL,MLB,,STL,ML,,,,,,,,-388,,win,2026-08-12T20:52:14.405000+00:00,,,,2026-08-12
2026-08-12_MIN_BAL_ML_MIN,MLB,,MIN,ML,,,,,,,,-183,,win,2026-08-12T20:45:22.165000+00:00,,,,2026-08-12
2026-08-12_LAD_KC_ML_LAD,MLB,,LAD,ML,,,,,,,,-206,,win,2026-08-13T15:56:27.414000+00:00,,,,2026-08-12
2026-08-12_NYY_SEA_ML_NYY,MLB,,NYY,ML,,,,,,,,-124,,win,2026-08-13T02:46:59.385000+00:00,,,,2026-08-12
2026-08-12_POR_MIN_WNBA_UNDER185.5,WNBA,,UNDER 185.5,ML,,,,,,,,-110,,win,2026-08-13T15:54:49.864000+00:00,,,,2026-08-12
2026-08-12_DAL_TOR_WNBA_OVER179.5,WNBA,,OVER 179.5,ML,,,,,,,,-110,,win,2026-08-13T15:55:14.263000+00:00,,,,2026-08-12
2026-08-12_SD_MIL_MLB_MIL+1.5,MLB,,MIL +1.5,ML,,,,,,,,-115,,win,2026-08-13T15:55:37.944000+00:00,,,,2026-08-12
2026-08-12_MIN_POR_WNBA_MINML,WNBA,,MIN ML,ML,,,,,,,,-733,,win,2026-08-13T15:54:39.231000+00:00,,,,2026-08-12
2026-08-12_TOR_BOS_ML_TOR,MLB,,TOR,ML,,,,,,,,78,,win,2026-08-13T02:46:59.397000+00:00,,,,2026-08-12
2026-08-12_DET_CLE_MLB_CLE+1.5,MLB,,CLE +1.5,ML,,,,,,,,-115,,win,2026-08-13T15:55:44.413000+00:00,,,,2026-08-12
2026-08-12_CWS_CIN_ML_CWS,MLB,,CWS,ML,,,,,,,,-137,,win,2026-08-13T02:46:59.414000+00:00,,,,2026-08-12
2026-08-12_ATL_NYM_ML_ATL,MLB,,ATL,ML,,,,,,,,-170,,win,2026-08-13T02:46:59.404000+00:00,,,,2026-08-12
2026-08-12_LAA_TEX_OU_UNDER9.5,MLB,,UNDER 9.5,OU,,,,,,,,-110,,win,2026-08-13T15:56:21.059000+00:00,,,,2026-08-12
2026-08-12_GS_CHI_WNBA_OVER166.5,WNBA,,OVER 166.5,ML,,,,,,,,-110,,loss,2026-08-13T15:54:32.738000+00:00,,,,2026-08-12
2026-08-12_MIA_PIT_MLB_PIT+1.5,MLB,,PIT +1.5,ML,,,,,,,,-115,,loss,2026-08-13T15:55:49.523000+00:00,,,,2026-08-12
2026-08-12_SF_HOU_ML_SF,MLB,,SF,ML,,,,,,,,-132,,loss,2026-08-12T22:29:57.636000+00:00,,,,2026-08-12
2026-08-12_ARI_COL_OU_OVER9.5,MLB,,OVER 9.5,OU,,,,,,,,-110,,win,2026-08-12T22:48:22.282000+00:00,,,,2026-08-12
2026-08-12_MIN_BAL_OU_OVER9.5,MLB,,OVER 9.5,OU,,,,,,,,-110,,win,2026-08-12T20:45:22.167000+00:00,,,,2026-08-12
2026-08-12_DET_CLE_ML_DET,MLB,,DET,ML,,,,,,,,-123,,loss,2026-08-13T02:46:59.346000+00:00,,,,2026-08-12
2026-08-12_LAA_TEX_ML_LAA,MLB,,LAA,ML,,,,,,,,75,,win,2026-08-13T15:56:17.952000+00:00,,,,2026-08-12
2026-08-11_NYY_SEA_ML_NYY,MLB,,NYY,ML,,,,,,,,-144,,win,2026-08-12T02:17:31.114000+00:00,,,,2026-08-11
2026-08-11_SF_HOU_OU_UNDER9.5,MLB,,UNDER 9.5,OU,,,,,,,,-110,,win,2026-08-12T09:25:23.201000+00:00,,,,2026-08-11
2026-08-11_MIA_PIT_MLB_PIT+1.5,MLB,,PIT +1.5,ML,,,,,,,,-115,,loss,2026-08-12T09:26:33.242000+00:00,,,,2026-08-11
2026-08-11_CWS_CIN_ML_CWS,MLB,,CWS,ML,,,,,,,,-168,,loss,2026-08-12T02:35:34.871000+00:00,,,,2026-08-11
2026-08-11_IND_NY_WNBA_OVER190.5,WNBA,,OVER 190.5,ML,,,,,,,,-110,,win,2026-08-12T09:28:27.976000+00:00,,,,2026-08-11
2026-08-11_OAK_TB_ML_TB,MLB,,TB,ML,,,,,,,,-141,,win,2026-08-12T09:25:30.858000+00:00,,,,2026-08-11
2026-08-11_MIN_BAL_OU_UNDER9.5,MLB,,UNDER 9.5,OU,,,,,,,,-110,,win,2026-08-12T02:23:14.011000+00:00,,,,2026-08-11
2026-08-11_IND_NY_WNBA_UNDER190.5,WNBA,,UNDER 190.5,ML,,,,,,,,-110,,win,2026-08-12T09:28:16.975000+00:00,,,,2026-08-11
2026-08-11_TOR_BOS_OU_UNDER9.5,MLB,,UNDER 9.5,OU,,,,,,,,-110,,win,2026-08-12T02:03:55.455000+00:00,,,,2026-08-11
2026-08-11_LA_PHX_WNBA_UNDER177.5,WNBA,,UNDER 177.5,ML,,,,,,,,-110,,loss,2026-08-12T09:27:26.102000+00:00,,,,2026-08-11
2026-08-11_LV_WSH_WNBA_LVML,WNBA,,LV ML,ML,,,,,,,,-186,,win,2026-08-12T09:27:51.259000+00:00,,,,2026-08-11
2026-08-11_ATL_NYM_MLB_ATL-1.5,MLB,,ATL -1.5,ML,,,,,,,,-115,,win,2026-08-12T09:26:23.011000+00:00,,,,2026-08-11
2026-08-11_TOR_BOS_ML_TOR,MLB,,TOR,ML,,,,,,,,-105,,win,2026-08-12T02:03:55.456000+00:00,,,,2026-08-11
2026-08-11_STL_PHI_MLB_PHI+1.5,MLB,,PHI +1.5,ML,,,,,,,,-115,,loss,2026-08-12T09:26:06.629000+00:00,,,,2026-08-11
2026-08-11_WSN_CHC_MLB_CHC+1.5,MLB,,CHC +1.5,ML,,,,,,,,-115,,win,2026-08-12T09:26:28.799000+00:00,,,,2026-08-11
2026-08-11_LAA_TEX_MLB_TEX+1.5,MLB,,TEX +1.5,ML,,,,,,,,-115,,win,2026-08-12T09:26:02.042000+00:00,,,,2026-08-11
2026-08-11_ARI_COL_OU_UNDER9.5,MLB,,UNDER 9.5,OU,,,,,,,,-110,,win,2026-08-12T09:25:46.094000+00:00,,,,2026-08-11
2026-08-11_OAK_TB_OU_UNDER10.5,MLB,,UNDER 10.5,OU,,,,,,,,-110,,loss,2026-08-12T09:25:35.460000+00:00,,,,2026-08-11
2026-08-11_LAD_KC_ML_LAD,MLB,,LAD,ML,,,,,,,,-139,,win,2026-08-26T19:51:42.133000+00:00,,,,2026-08-11
2026-08-11_SF_HOU_MLB_HOU-1.5,MLB,,HOU -1.5,ML,,,,,,,,-115,,loss,2026-08-26T19:51:42.132000+00:00,,,,2026-08-11
2026-08-11_DET_CLE_MLB_CLE+1.5,MLB,,CLE +1.5,ML,,,,,,,,-115,,loss,2026-08-12T09:26:40.575000+00:00,,,,2026-08-11
2026-08-11_WSN_CHC_OU_OVER8.5,MLB,,OVER 8.5,OU,,,,,,,,-110,,win,2026-08-12T02:03:55.446000+00:00,,,,2026-08-11
2026-08-11_IND_NY_WNBA_IND-2.5,WNBA,,IND -2.5,ML,,,,,,,,-115,,win,2026-08-12T09:28:21.108000+00:00,,,,2026-08-11
2026-08-11_WSN_CHC_ML_WSN,MLB,,WSN,ML,,,,,,,,61,,loss,2026-08-12T02:03:55.447000+00:00,,,,2026-08-11
2026-08-11_DET_CLE_OU_UNDER8.5,MLB,,UNDER 8.5,OU,,,,,,,,-110,,loss,2026-08-12T02:03:55.426000+00:00,,,,2026-08-11
2026-08-11_IND_NY_WNBA_INDML,WNBA,,IND ML,ML,,,,,,,,-167,,win,2026-08-12T09:28:09.281000+00:00,,,,2026-08-11
2026-08-11_MIN_BAL_MLB_BAL+1.5,MLB,,BAL +1.5,ML,,,,,,,,-115,,win,2026-08-12T09:26:13.457000+00:00,,,,2026-08-11
2026-08-11_SD_MIL_ML_MIL,MLB,,MIL,ML,,,,,,,,125,,loss,2026-08-12T09:25:41.190000+00:00,,,,2026-08-11
2026-08-10_OAK_TB_MLB_TB+1.5,MLB,,TB +1.5,ML,,,,,,,,-115,,win,2026-08-11T19:16:26.972000+00:00,,,,2026-08-10
2026-08-10_STL_PHI_OU_OVER8.5,MLB,,OVER 8.5,OU,,,,,,,,-110,,win,2026-08-11T19:15:34.335000+00:00,,,,2026-08-10
2026-08-10_SF_HOU_ML_SF,MLB,,SF,ML,,,,,,,,70,,loss,2026-08-11T19:17:25.552000+00:00,,,,2026-08-10
2026-08-10_CHI_SEA_WNBA_CHIML,WNBA,,CHI ML,ML,,,,,,,,-124,,loss,2026-08-11T19:18:16.516000+00:00,,,,2026-08-10
2026-08-10_ATL_NYM_ML_ATL,MLB,,ATL,ML,,,,,,,,-105,,loss,2026-08-11T19:15:14.175000+00:00,,,,2026-08-10
2026-08-10_OAK_TB_ML_OAK,MLB,,OAK,ML,,,,,,,,117,,loss,2026-08-11T19:17:21.327000+00:00,,,,2026-08-10
2026-08-10_LAA_TEX_OU_UNDER8.5,MLB,,UNDER 8.5,OU,,,,,,,,-110,,win,2026-08-11T19:16:01.916000+00:00,,,,2026-08-10
2026-08-10_MIN_BAL_ML_MIN,MLB,,MIN,ML,,,,,,,,87,,win,2026-08-11T19:15:28.617000+00:00,,,,2026-08-10
2026-08-10_ATL_TOR_WNBA_TOR+14.5,WNBA,,TOR +14.5,ML,,,,,,,,-115,,win,2026-08-11T19:17:40.170000+00:00,,,,2026-08-10
2026-08-10_SF_HOU_OU_UNDER9.5,MLB,,UNDER 9.5,OU,,,,,,,,-110,,win,2026-08-11T19:16:38.109000+00:00,,,,2026-08-10
2026-08-10_ATL_NYM_MLB_ATL-1.5,MLB,,ATL -1.5,ML,,,,,,,,-115,,loss,2026-08-11T19:15:17.926000+00:00,,,,2026-08-10
2026-08-10_ARI_COL_OU_OVER6.5,MLB,,OVER 6.5,OU,,,,,,,,-110,,win,2026-08-11T19:16:11.699000+00:00,,,,2026-08-10
2026-08-10_TOR_BOS_ML_TOR,MLB,,TOR,ML,,,,,,,,-105,,win,2026-08-11T19:15:09.155000+00:00,,,,2026-08-10
2026-08-10_TOR_BOS_MLB_BOS+1.5,MLB,,BOS +1.5,ML,,,,,,,,-115,,win,2026-08-11T19:15:04.008000+00:00,,,,2026-08-10
2026-08-10_LAD_KC_ML_LAD,MLB,,LAD,ML,,,,,,,,-139,,win,2026-08-11T19:16:47.489000+00:00,,,,2026-08-10
2026-08-10_LAA_TEX_ML_LAA,MLB,,LAA,ML,,,,,,,,-110,,loss,2026-08-11T19:17:09.902000+00:00,,,,2026-08-10
2026-08-10_SF_HOU_MLB_HOU+1.5,MLB,,HOU +1.5,ML,,,,,,,,-115,,win,2026-08-11T19:16:42.633000+00:00,,,,2026-08-10
2026-08-10_LAA_TEX_MLB_TEX+1.5,MLB,,TEX +1.5,ML,,,,,,,,-115,,win,2026-08-11T19:16:06.282000+00:00,,,,2026-08-10
2026-08-10_MIN_BAL_MLB_BAL+1.5,MLB,,BAL +1.5,ML,,,,,,,,-115,,loss,2026-08-11T19:15:23.684000+00:00,,,,2026-08-10
2026-08-10_ATL_TOR_WNBA_OVER187.5,WNBA,,OVER 187.5,ML,,,,,,,,-110,,win,2026-08-11T19:17:56.656000+00:00,,,,2026-08-10
2026-08-10_SD_MIL_MLB_MIL+1.5,MLB,,MIL +1.5,ML,,,,,,,,-115,,win,2026-08-11T19:16:18.225000+00:00,,,,2026-08-10
2026-08-09_NYY_ATL_MLB_ATL+1.5,MLB,,ATL +1.5,ML,,,,,,,,-115,,win,2026-08-10T18:56:40.155000+00:00,,,,2026-08-09
2026-08-09_NYY_ATL_ML_NYY,MLB,,NYY,ML,,,,,,,,-165,,loss,2026-08-10T04:03:38.710000+00:00,,,,2026-08-09
2026-08-09_LA_GS_WNBA_LAML,WNBA,,LA ML,ML,,,,,,,,-127,,loss,2026-08-10T18:56:16.260000+00:00,,,,2026-08-09
2026-08-09_MIN_DAL_WNBA_MINML,WNBA,,MIN ML,ML,,,,,,,,-357,,win,2026-08-10T18:55:41.510000+00:00,,,,2026-08-09
2026-08-09_WSH_PHX_WNBA_OVER169.5,WNBA,,OVER 169.5,ML,,,,,,,,-110,,win,2026-08-10T18:55:37.517000+00:00,,,,2026-08-09
2026-08-09_MIN_DAL_WNBA_OVER178.5,WNBA,,OVER 178.5,ML,,,,,,,,-110,,win,2026-08-10T18:55:51.097000+00:00,,,,2026-08-09
2026-08-09_BOS_OAK_ML_BOS,MLB,,BOS,ML,,,,,,,,-157,,loss,2026-08-10T04:03:38.707000+00:00,,,,2026-08-09
2026-08-09_WSN_CIN_MLB_WSN-1.5,MLB,,WSN -1.5,ML,,,,,,,,-115,,win,2026-08-10T18:56:27.822000+00:00,,,,2026-08-09
2026-08-09_PHI_TOR_OU_UNDER9.5,MLB,,UNDER 9.5,OU,,,,,,,,-110,,loss,2026-08-10T04:03:38.716000+00:00,,,,2026-08-09
2026-08-09_NY_LV_WNBA_NYML,WNBA,,NY ML,ML,,,,,,,,-147,,win,2026-08-10T18:55:15.121000+00:00,,,,2026-08-09
2026-08-09_LA_GS_WNBA_LA-6.5,WNBA,,LA -6.5,ML,,,,,,,,-115,,loss,2026-08-10T18:55:56.074000+00:00,,,,2026-08-09
2026-08-09_BOS_OAK_MLB_OAK+1.5,MLB,,OAK +1.5,ML,,,,,,,,-115,,win,2026-08-10T18:56:35.355000+00:00,,,,2026-08-09
2026-08-09_PIT_NYM_OU_UNDER9.5,MLB,,UNDER 9.5,OU,,,,,,,,-110,,loss,2026-08-10T04:03:38.713000+00:00,,,,2026-08-09
2026-08-09_BOS_OAK_OU_UNDER8.5,MLB,,UNDER 8.5,OU,,,,,,,,-110,,win,2026-08-10T04:03:38.706000+00:00,,,,2026-08-09
2026-08-08_TEX_BAL_MLB_BAL+1.5,MLB,,BAL +1.5,ML,,,,,,,,-115,,loss,2026-08-09T17:49:37.083000+00:00,,,,2026-08-08
2026-08-08_MIL_MIN_MLB_MIN+1.5,MLB,,MIN +1.5,ML,,,,,,,,-115,,win,2026-08-09T17:49:51.094000+00:00,,,,2026-08-08
2026-08-08_CWS_CLE_ML_CWS,MLB,,CWS,ML,,,,,,,,75,,win,2026-08-09T02:59:33.989000+00:00,,,,2026-08-08
2026-08-08_ARI_LAD_OU_UNDER9.5,MLB,,UNDER 9.5,OU,,,,,,,,-110,,win,2026-08-09T17:48:54.450000+00:00,,,,2026-08-08
2026-08-08_CWS_CLE_MLB_CLE+1.5,MLB,,CLE +1.5,ML,,,,,,,,-115,,loss,2026-08-09T17:49:31.010000+00:00,,,,2026-08-08
2026-08-08_BOS_OAK_MLB_OAK+1.5,MLB,,OAK +1.5,ML,,,,,,,,-115,,win,2026-08-09T17:50:02.328000+00:00,,,,2026-08-08
2026-08-08_ARI_LAD_MLB_LAD+1.5,MLB,,LAD +1.5,ML,,,,,,,,-115,,win,2026-08-09T17:48:57.263000+00:00,,,,2026-08-08
2026-08-08_PHI_TOR_ML_PHI,MLB,,PHI,ML,,,,,,,,-163,,loss,2026-08-09T02:59:33.846000+00:00,,,,2026-08-08
2026-08-08_MIN_LV_WNBA_MIN-6.5,WNBA,,MIN -6.5,ML,,,,,,,,-115,,win,2026-08-09T17:48:06.094000+00:00,,,,2026-08-08
2026-08-08_ARI_LAD_ML_ARI,MLB,,ARI,ML,,,,,,,,52,,loss,2026-08-09T17:49:24.153000+00:00,,,,2026-08-08
2026-08-08_NYY_ATL_MLB_ATL+1.5,MLB,,ATL +1.5,ML,,,,,,,,-115,,win,2026-08-09T17:50:16.593000+00:00,,,,2026-08-08
2026-08-08_MIA_LAA_ML_MIA,MLB,,MIA,ML,,,,,,,,-148,,win,2026-08-09T02:59:33.787000+00:00,,,,2026-08-08
2026-08-08_POR_SEA_WNBA_UNDER178.5,WNBA,,UNDER 178.5,ML,,,,,,,,-110,,win,2026-08-09T17:46:44.244000+00:00,,,,2026-08-08
2026-08-08_WSN_CIN_ML_WSN,MLB,,WSN,ML,,,,,,,,77,,win,2026-08-09T02:59:33.883000+00:00,,,,2026-08-08
2026-08-08_WSN_CIN_OU_UNDER8.5,MLB,,UNDER 8.5,OU,,,,,,,,-110,,loss,2026-08-09T02:59:33.884000+00:00,,,,2026-08-08
2026-08-08_MIA_LAA_MLB_LAA+1.5,MLB,,LAA +1.5,ML,,,,,,,,-115,,loss,2026-08-09T17:50:10.482000+00:00,,,,2026-08-08
2026-08-08_SEA_TB_MLB_TB+1.5,MLB,,TB +1.5,ML,,,,,,,,-115,,win,2026-08-09T17:48:43.585000+00:00,,,,2026-08-08
2026-08-08_MIN_LV_WNBA_MINML,WNBA,,MIN ML,ML,,,,,,,,-288,,win,2026-08-09T17:48:09.938000+00:00,,,,2026-08-08
2026-08-08_NYY_ATL_ML_NYY,MLB,,NYY,ML,,,,,,,,-174,,win,2026-08-09T02:59:33.748000+00:00,,,,2026-08-08
2026-08-08_STL_COL_ML_STL,MLB,,STL,ML,,,,,,,,-153,,loss,2026-08-09T02:59:34.009000+00:00,,,,2026-08-08
2026-08-08_SD_HOU_MLB_HOU+1.5,MLB,,HOU +1.5,ML,,,,,,,,-115,,win,2026-08-09T17:49:06.567000+00:00,,,,2026-08-08
2026-08-08_MIA_LAA_OU_UNDER9.5,MLB,,UNDER 9.5,OU,,,,,,,,-110,,win,2026-08-09T02:59:33.791000+00:00,,,,2026-08-08
2026-08-08_KC_CHC_OU_UNDER9.5,MLB,,UNDER 9.5,OU,,,,,,,,-110,,win,2026-08-09T02:59:33.907000+00:00,,,,2026-08-08
2026-08-08_SF_DET_MLB_DET+1.5,MLB,,DET +1.5,ML,,,,,,,,-115,,win,2026-08-09T17:49:19.843000+00:00,,,,2026-08-08
2026-08-08_PIT_NYM_OU_UNDER9.5,MLB,,UNDER 9.5,OU,,,,,,,,-110,,win,2026-08-09T02:59:33.865000+00:00,,,,2026-08-08
2026-08-08_TEX_BAL_ML_TEX,MLB,,TEX,ML,,,,,,,,-146,,win,2026-08-09T02:59:33.953000+00:00,,,,2026-08-08
2026-08-08_CHI_IND_WNBA_IND-4.5,WNBA,,IND -4.5,ML,,,,,,,,-115,,loss,2026-08-09T17:47:46.840000+00:00,,,,2026-08-08
2026-08-08_New England Revolution_Houston Dynamo FC_MLS_UNDER2.5,MLS,,UNDER 2.5,ML,,,,,,,,-110,,win,2026-08-09T17:46:00.797000+00:00,,,,2026-08-08
2026-08-08_MIN_LV_WNBA_OVER175.5,WNBA,,OVER 175.5,ML,,,,,,,,-110,,win,2026-08-09T17:48:01.252000+00:00,,,,2026-08-08
2026-08-08_PIT_NYM_ML_PIT,MLB,,PIT,ML,,,,,,,,-119,,win,2026-08-09T02:59:33.863000+00:00,,,,2026-08-08
2026-08-08_SF_DET_ML_SF,MLB,,SF,ML,,,,,,,,88,,loss,2026-08-09T17:49:21.896000+00:00,,,,2026-08-08
2026-08-08_SEA_TB_ML_SEA,MLB,,SEA,ML,,,,,,,,-112,,loss,2026-08-09T17:48:49.193000+00:00,,,,2026-08-08
2026-08-08_New England Revolution_Houston Dynamo FC_MLS_NewEnglandRevolution,MLS,,New England Revolution,ML,,,,,,,,+121,,loss,2026-08-09T17:45:58.451000+00:00,,,,2026-08-08
2026-08-08_POR_SEA_WNBA_POR+1.5,WNBA,,POR +1.5,ML,,,,,,,,-115,,win,2026-08-09T17:46:52.064000+00:00,,,,2026-08-08
2026-08-08_SF_DET_OU_UNDER8.5,MLB,,UNDER 8.5,OU,,,,,,,,-110,,win,2026-08-09T17:49:14.985000+00:00,,,,2026-08-08
2026-08-08_PHI_TOR_OU_OVER9.5,MLB,,OVER 9.5,OU,,,,,,,,-110,,win,2026-08-09T02:59:33.848000+00:00,,,,2026-08-08
2026-08-08_SD_HOU_OU_UNDER9.5,MLB,,UNDER 9.5,OU,,,,,,,,-110,,win,2026-08-09T02:59:34.033000+00:00,,,,2026-08-08
2026-08-08_STL_COL_OU_OVER8.5,MLB,,OVER 8.5,OU,,,,,,,,-110,,win,2026-08-09T02:59:34.012000+00:00,,,,2026-08-08
2026-08-08_MIL_MIN_ML_MIL,MLB,,MIL,ML,,,,,,,,-140,,win,2026-08-09T02:59:33.939000+00:00,,,,2026-08-08
2026-08-08_CHI_IND_WNBA_OVER172.5,WNBA,,OVER 172.5,ML,,,,,,,,-110,,win,2026-08-09T17:47:38.305000+00:00,,,,2026-08-08
2026-08-08_IND_CHI_WNBA_INDML,WNBA,,IND ML,ML,,,,,,,,-214,,win,2026-08-09T17:47:44.794000+00:00,,,,2026-08-08
2026-08-08_SD_HOU_ML_SD,MLB,,SD,ML,,,,,,,,-115,,win,2026-08-09T02:59:34.032000+00:00,,,,2026-08-08
2026-08-07_PIT_NYM_MLB_PIT-1.5,MLB,,PIT -1.5,ML,,,,,,,,-115,,loss,2026-08-10T18:51:39.480000+00:00,,,,2026-08-07
2026-08-07_PHX_CON_WNBA_PHXML,WNBA,,PHX ML,ML,,,,,,,,-152,,loss,2026-08-10T18:53:40.589000+00:00,,,,2026-08-07
2026-08-07_ARI_LAD_OU_OVER6.5,MLB,,OVER 6.5,OU,,,,,,,,-110,,win,2026-08-08T05:10:16.289000+00:00,,,,2026-08-07
2026-08-07_SEA_TB_OU_OVER6.5,MLB,,OVER 6.5,OU,,,,,,,,-110,,loss,2026-08-08T05:10:16.293000+00:00,,,,2026-08-07
2026-08-07_CON_PHX_WNBA_UNDER174.5,WNBA,,UNDER 174.5,ML,,,,,,,,-110,,win,2026-08-10T18:53:55.385000+00:00,,,,2026-08-07
2026-08-07_DAL_GS_WNBA_DALML,WNBA,,DAL ML,ML,,,,,,,,-194,,loss,2026-08-10T18:55:06.785000+00:00,,,,2026-08-07
2026-08-07_SF_DET_OU_UNDER10.5,MLB,,UNDER 10.5,OU,,,,,,,,-110,,win,2026-08-08T05:10:16.298000+00:00,,,,2026-08-07
2026-08-07_WSH_ATL_WNBA_WSH+6.5,WNBA,,WSH +6.5,ML,,,,,,,,-115,,win,2026-08-10T18:54:11.214000+00:00,,,,2026-08-07
2026-08-07_CWS_CLE_ML_CWS,MLB,,CWS,ML,,,,,,,,74,,loss,2026-08-08T05:10:16.265000+00:00,,,,2026-08-07
2026-08-07_DAL_GS_WNBA_OVER161.5,WNBA,,OVER 161.5,ML,,,,,,,,-110,,win,2026-08-10T18:55:01.816000+00:00,,,,2026-08-07
2026-08-07_BOS_OAK_ML_BOS,MLB,,BOS,ML,,,,,,,,-150,,win,2026-08-08T02:08:28.077000+00:00,,,,2026-08-07
2026-08-07_WSH_ATL_WNBA_OVER168.5,WNBA,,OVER 168.5,ML,,,,,,,,-110,,loss,2026-08-10T18:54:26.943000+00:00,,,,2026-08-07
2026-08-07_STL_COL_ML_STL,MLB,,STL,ML,,,,,,,,-162,,win,2026-08-08T05:10:16.281000+00:00,,,,2026-08-07
2026-08-07_STL_COL_MLB_STL-1.5,MLB,,STL -1.5,ML,,,,,,,,-115,,loss,2026-08-10T18:53:30.652000+00:00,,,,2026-08-07
2026-08-07_PIT_NYM_ML_PIT,MLB,,PIT,ML,,,,,,,,-105,,loss,2026-08-08T05:10:16.237000+00:00,,,,2026-08-07
2026-08-07_SF_DET_MLB_DET+1.5,MLB,,DET +1.5,ML,,,,,,,,-115,,loss,2026-08-10T18:53:27.096000+00:00,,,,2026-08-07
2026-08-07_SF_DET_ML_SF,MLB,,SF,ML,,,,,,,,-144,,win,2026-08-08T05:10:16.297000+00:00,,,,2026-08-07
2026-08-07_MIA_LAA_MLB_LAA+1.5,MLB,,LAA +1.5,ML,,,,,,,,-115,,win,2026-08-10T18:52:04.547000+00:00,,,,2026-08-07
2026-08-07_WSN_CIN_MLB_WSN-1.5,MLB,,WSN -1.5,ML,,,,,,,,-115,,win,2026-08-10T18:51:54.490000+00:00,,,,2026-08-07
2026-08-07_NYY_ATL_ML_NYY,MLB,,NYY,ML,,,,,,,,-144,,win,2026-08-08T05:10:16.252000+00:00,,,,2026-08-07
2026-08-07_PHI_TOR_OU_UNDER8.5,MLB,,UNDER 8.5,OU,,,,,,,,-110,,loss,2026-08-08T05:10:16.242000+00:00,,,,2026-08-07
2026-08-07_KC_CHC_ML_KC,MLB,,KC,ML,,,,,,,,117,,loss,2026-08-08T05:10:16.274000+00:00,,,,2026-08-07
2026-08-07_MIL_MIN_ML_MIL,MLB,,MIL,ML,,,,,,,,-168,,loss,2026-08-08T05:10:16.269000+00:00,,,,2026-08-07
2026-08-07_MIL_MIN_OU_OVER8.5,MLB,,OVER 8.5,OU,,,,,,,,-110,,win,2026-08-08T05:10:16.270000+00:00,,,,2026-08-07
2026-08-07_SD_HOU_ML_SD,MLB,,SD,ML,,,,,,,,-146,,loss,2026-08-08T05:10:16.286000+00:00,,,,2026-08-07
2026-08-07_TEX_BAL_ML_TEX,MLB,,TEX,ML,,,,,,,,-110,,win,2026-08-08T05:10:16.278000+00:00,,,,2026-08-07
2026-08-07_CWS_CLE_MLB_CLE+1.5,MLB,,CLE +1.5,ML,,,,,,,,-115,,win,2026-08-10T18:52:27.610000+00:00,,,,2026-08-07
2026-08-07_TEX_BAL_MLB_BAL+1.5,MLB,,BAL +1.5,ML,,,,,,,,-115,,win,2026-08-10T18:52:42.149000+00:00,,,,2026-08-07
2026-08-07_BOS_OAK_MLB_OAK+1.5,MLB,,OAK +1.5,ML,,,,,,,,-115,,loss,2026-08-10T18:52:09.368000+00:00,,,,2026-08-07
2026-08-07_KC_CHC_MLB_CHC+1.5,MLB,,CHC +1.5,ML,,,,,,,,-115,,win,2026-08-10T18:52:33.018000+00:00,,,,2026-08-07
2026-08-07_PIT_NYM_OU_UNDER9.5,MLB,,UNDER 9.5,OU,,,,,,,,-110,,loss,2026-08-08T05:10:16.236000+00:00,,,,2026-08-07
2026-08-07_WSN_CIN_ML_WSN,MLB,,WSN,ML,,,,,,,,-168,,win,2026-08-08T05:10:16.247000+00:00,,,,2026-08-07
2026-08-07_PHI_TOR_MLB_TOR+1.5,MLB,,TOR +1.5,ML,,,,,,,,-115,,win,2026-08-10T18:51:48.966000+00:00,,,,2026-08-07
2026-08-07_SD_HOU_OU_OVER8.5,MLB,,OVER 8.5,OU,,,,,,,,-110,,win,2026-08-08T05:10:16.285000+00:00,,,,2026-08-07
2026-08-07_SEA_TB_MLB_TB+1.5,MLB,,TB +1.5,ML,,,,,,,,-115,,win,2026-08-10T18:53:20.743000+00:00,,,,2026-08-07
2026-08-07_ARI_LAD_MLB_LAD+1.5,MLB,,LAD +1.5,ML,,,,,,,,-115,,win,2026-08-10T18:53:14.873000+00:00,,,,2026-08-07
2026-08-07_ATL_WSH_WNBA_ATLML,WNBA,,ATL ML,ML,,,,,,,,-138,,loss,2026-08-10T18:54:30.805000+00:00,,,,2026-08-07
2026-08-07_NYY_ATL_OU_OVER10.5,MLB,,OVER 10.5,OU,,,,,,,,-110,,loss,2026-08-08T05:10:16.251000+00:00,,,,2026-08-07
2026-08-07_PHI_TOR_ML_PHI,MLB,,PHI,ML,,,,,,,,-139,,loss,2026-08-08T05:10:16.242000+00:00,,,,2026-08-07
2026-08-07_MIA_LAA_OU_OVER6.5,MLB,,OVER 6.5,OU,,,,,,,,-110,,win,2026-08-08T05:10:16.256000+00:00,,,,2026-08-07
2026-08-06_CIN_OAK_OU_OVER8.5,MLB,,OVER 8.5,OU,,,,,,,,-110,,win,2026-08-06T20:31:51.803000+00:00,,,,2026-08-06
2026-08-06_ATL_MIA_OU_UNDER9.5,MLB,,UNDER 9.5,OU,,,,,,,,-110,,loss,2026-08-28T20:52:48.401000+00:00,,,,2026-08-06
2026-08-06_CHC_TOR_MLB_TOR+1.5,MLB,,TOR +1.5,ML,,,,,,,,-115,,win,2026-08-06T22:28:59.625000+00:00,,,,2026-08-06
2026-08-06_IND_LV_WNBA_INDML,WNBA,,IND ML,ML,,,,,,,,-203,,loss,2026-08-07T14:33:35.539000+00:00,,,,2026-08-06
2026-08-06_IND_LV_WNBA_OVER179.5,WNBA,,OVER 179.5,ML,,,,,,,,-110,,loss,2026-08-07T14:34:08.649000+00:00,,,,2026-08-06
2026-08-06_CIN_OAK_ML_CIN,MLB,,CIN,ML,,,,,,,,-152,,win,2026-08-06T20:31:51.796000+00:00,,,,2026-08-06
2026-08-06_ATL_MIA_ML_ATL,MLB,,ATL,ML,,,,,,,,132,,win,2026-08-07T14:31:59.888000+00:00,,,,2026-08-06
2026-08-06_MIN_LA_WNBA_MIN-10.5,WNBA,,MIN -10.5,ML,,,,,,,,-115,,loss,2026-08-07T14:34:12.270000+00:00,,,,2026-08-06
2026-08-06_PHI_WSN_OU_OVER8.5,MLB,,OVER 8.5,OU,,,,,,,,-110,,win,2026-08-07T01:06:40.475000+00:00,,,,2026-08-06
2026-08-06_CHC_TOR_OU_UNDER11.5,MLB,,UNDER 11.5,OU,,,,,,,,-110,,win,2026-08-06T20:55:14.861000+00:00,,,,2026-08-06
2026-08-06_BOS_CWS_ML_BOS,MLB,,BOS,ML,,,,,,,,-150,,win,2026-08-07T14:31:26.391000+00:00,,,,2026-08-06
2026-08-06_PHI_WSN_ML_PHI,MLB,,PHI,ML,,,,,,,,-139,,win,2026-08-07T01:06:40.471000+00:00,,,,2026-08-06
2026-08-06_ARI_SD_ML_ARI,MLB,,ARI,ML,,,,,,,,-129,,loss,2026-08-28T20:52:48.402000+00:00,,,,2026-08-06
2026-08-06_CIN_OAK_MLB_OAK+1.5,MLB,,OAK +1.5,ML,,,,,,,,-115,,win,2026-08-06T20:32:49.461000+00:00,,,,2026-08-06
2026-08-06_SEA_DET_MLB_DET+1.5,MLB,,DET +1.5,ML,,,,,,,,-115,,win,2026-08-06T22:29:12.428000+00:00,,,,2026-08-06
2026-08-06_BAL_LAA_OU_OVER6.5,MLB,,OVER 6.5,OU,,,,,,,,-110,,loss,2026-08-06T20:31:51.780000+00:00,,,,2026-08-06
2026-08-06_ARI_SD_MLB_SD+1.5,MLB,,SD +1.5,ML,,,,,,,,-115,,win,2026-08-07T14:32:42.410000+00:00,,,,2026-08-06
2026-08-06_SEA_DET_OU_UNDER10.5,MLB,,UNDER 10.5,OU,,,,,,,,-110,,loss,2026-08-07T14:31:06.450000+00:00,,,,2026-08-06
2026-08-06_BOS_CWS_MLB_BOS-0.5,MLB,,BOS -0.5,ML,,,,,,,,-115,,win,2026-08-07T14:32:57.078000+00:00,,,,2026-08-06
2026-08-06_KC_MIN_MLB_MIN+1.5,MLB,,MIN +1.5,ML,,,,,,,,-115,,win,2026-08-07T14:32:17.714000+00:00,,,,2026-08-06
2026-08-06_KC_MIN_ML_KC,MLB,,KC,ML,,,,,,,,-128,,loss,2026-08-07T14:32:22.825000+00:00,,,,2026-08-06
2026-08-06_PHI_WSN_MLB_PHI-0.5,MLB,,PHI -0.5,ML,,,,,,,,-115,,win,2026-08-07T14:33:03.907000+00:00,,,,2026-08-06
2026-08-06_ARI_SD_OU_UNDER11.5,MLB,,UNDER 11.5,OU,,,,,,,,-110,,win,2026-08-07T14:32:32.193000+00:00,,,,2026-08-06
2026-08-06_BOS_CWS_MLB_CWS+1.5,MLB,,CWS +1.5,ML,,,,,,,,-115,,win,2026-08-07T14:31:32.214000+00:00,,,,2026-08-06
2026-08-06_MIL_PIT_ML_MIL,MLB,,MIL,ML,,,,,,,,-139,,win,2026-08-06T20:46:14.948000+00:00,,,,2026-08-06
2026-08-06_CLE_NYM_ML_CLE,MLB,,CLE,ML,,,,,,,,-110,,loss,2026-08-06T20:31:51.814000+00:00,,,,2026-08-06
2026-08-06_BOS_CWS_OU_UNDER10.5,MLB,,UNDER 10.5,OU,,,,,,,,-110,,loss,2026-08-07T14:31:49.504000+00:00,,,,2026-08-06
2026-08-06_ATL_MIA_MLB_ATL-1.5,MLB,,ATL -1.5,ML,,,,,,,,-115,,win,2026-08-07T14:32:05.633000+00:00,,,,2026-08-06
2026-08-06_CLE_NYM_MLB_NYM+1.5,MLB,,NYM +1.5,ML,,,,,,,,-115,,win,2026-08-06T20:32:56.940000+00:00,,,,2026-08-06
2026-08-06_POR_TOR_WNBA_UNDER186.5,WNBA,,UNDER 186.5,ML,,,,,,,,-110,,win,2026-08-07T14:34:03.724000+00:00,,,,2026-08-06
2026-08-06_POR_TOR_WNBA_PORML,WNBA,,POR ML,ML,,,,,,,,-145,,win,2026-08-07T14:33:50.654000+00:00,,,,2026-08-06
2026-08-06_PHI_WSN_MLB_WSN+1.5,MLB,,WSN +1.5,ML,,,,,,,,-115,,loss,2026-08-07T14:31:55.351000+00:00,,,,2026-08-06
2026-08-05_TEX_SF_OU_UNDER9.5,MLB,,UNDER 9.5,OU,,,,,,,,-110,,win,2026-08-05T21:51:18.087000+00:00,,,,2026-08-05
2026-08-05_PHI_WSN_MLB_WSN-1.5,MLB,,WSN -1.5,ML,,,,,,,,-115,,win,2026-08-06T03:34:00.290000+00:00,,,,2026-08-05
2026-08-05_CLE_NYM_OU_UNDER8.5,MLB,,UNDER 8.5,OU,,,,,,,,-110,,loss,2026-08-06T03:27:22.240000+00:00,,,,2026-08-05
2026-08-05_CIN_OAK_ML_CIN,MLB,,CIN,ML,,,,,,,,-152,,win,2026-08-06T01:06:36.502000+00:00,,,,2026-08-05
2026-08-05_ATL_MIA_OU_UNDER10.5,MLB,,UNDER 10.5,OU,,,,,,,,-110,,win,2026-08-06T01:40:10.683000+00:00,,,,2026-08-05
2026-08-05_BOS_CWS_MLB_CWS+1.5,MLB,,CWS +1.5,ML,,,,,,,,-115,,loss,2026-08-06T03:35:24.570000+00:00,,,,2026-08-05
2026-08-05_CIN_OAK_OU_OVER8.5,MLB,,OVER 8.5,OU,,,,,,,,-110,,loss,2026-08-06T01:06:36.505000+00:00,,,,2026-08-05
2026-08-05_CHI_LA_WNBA_CHIML,WNBA,,CHI ML,ML,,,,,,,,-112,,win,2026-08-06T03:36:56.907000+00:00,,,,2026-08-05
2026-08-05_MIL_PIT_ML_MIL,MLB,,MIL,ML,,,,,,,,-139,,win,2026-08-06T02:19:59.120000+00:00,,,,2026-08-05
2026-08-05_WSH_DAL_WNBA_DAL-1.5,WNBA,,DAL -1.5,ML,,,,,,,,-115,,loss,2026-08-28T20:52:31.695000+00:00,,,,2026-08-05
2026-08-05_BAL_LAA_OU_OVER7.5,MLB,,OVER 7.5,OU,,,,,,,,-110,,loss,2026-08-06T03:27:22.231000+00:00,,,,2026-08-05
2026-08-05_TEX_SF_MLB_TEX-1.5,MLB,,TEX -1.5,ML,,,,,,,,-115,,win,2026-08-06T03:31:27.676000+00:00,,,,2026-08-05
2026-08-05_KC_MIN_ML_KC,MLB,,KC,ML,,,,,,,,-128,,win,2026-08-06T01:58:35.896000+00:00,,,,2026-08-05
2026-08-05_ATL_PHX_WNBA_ATLML,WNBA,,ATL ML,ML,,,,,,,,-174,,win,2026-08-06T03:38:16.119000+00:00,,,,2026-08-05
2026-08-05_WSH_DAL_WNBA_OVER168.5,WNBA,,OVER 168.5,ML,,,,,,,,-110,,win,2026-08-06T03:37:04.351000+00:00,,,,2026-08-05
2026-08-05_BOS_CWS_ML_BOS,MLB,,BOS,ML,,,,,,,,-150,,win,2026-08-06T01:52:19.476000+00:00,,,,2026-08-05
2026-08-05_SEA_DET_ML_SEA,MLB,,SEA,ML,,,,,,,,-144,,win,2026-08-06T04:06:50.024000+00:00,,,,2026-08-05
2026-08-05_NYY_STL_MLB_STL+1.5,MLB,,STL +1.5,ML,,,,,,,,-115,,win,2026-08-06T04:14:53.041000+00:00,,,,2026-08-05
2026-08-05_NYY_STL_ML_NYY,MLB,,NYY,ML,,,,,,,,-144,,loss,2026-08-06T03:41:34.088000+00:00,,,,2026-08-05
2026-08-05_CLE_NYM_ML_CLE,MLB,,CLE,ML,,,,,,,,-110,,loss,2026-08-06T02:00:42.788000+00:00,,,,2026-08-05
2026-08-05_PHI_WSN_OU_OVER8.5,MLB,,OVER 8.5,OU,,,,,,,,-110,,win,2026-08-06T03:27:22.258000+00:00,,,,2026-08-05
2026-08-05_MIL_PIT_MLB_PIT+1.5,MLB,,PIT +1.5,ML,,,,,,,,-115,,loss,2026-08-06T03:35:46.532000+00:00,,,,2026-08-05
2026-08-05_BAL_LAA_MLB_LAA+1.5,MLB,,LAA +1.5,ML,,,,,,,,-115,,loss,2026-08-06T03:32:35.998000+00:00,,,,2026-08-05
2026-08-05_CLE_NYM_MLB_NYM+1.5,MLB,,NYM +1.5,ML,,,,,,,,-115,,win,2026-08-06T03:33:28.889000+00:00,,,,2026-08-05
2026-08-05_HOU_TOR_MLB_HOU-1.5,MLB,,HOU -1.5,ML,,,,,,,,-115,,loss,2026-08-06T03:35:16.072000+00:00,,,,2026-08-05
2026-08-05_COL_TB_OU_UNDER10.5,MLB,,UNDER 10.5,OU,,,,,,,,-110,,win,2026-08-05T22:03:53.812000+00:00,,,,2026-08-05
2026-08-05_TEX_SF_ML_TEX,MLB,,TEX,ML,,,,,,,,-118,,win,2026-08-05T21:51:18.075000+00:00,,,,2026-08-05
2026-08-05_ATL_PHX_WNBA_OVER182.5,WNBA,,OVER 182.5,ML,,,,,,,,-110,,loss,2026-08-28T20:52:31.694000+00:00,,,,2026-08-05
2026-08-05_CHC_LAD_MLB_LAD+1.5,MLB,,LAD +1.5,ML,,,,,,,,-115,,win,2026-08-06T03:31:07.339000+00:00,,,,2026-08-05
2026-08-05_DAL_WSH_WNBA_DALML,WNBA,,DAL ML,ML,,,,,,,,-140,,loss,2026-08-06T03:37:22.462000+00:00,,,,2026-08-05
2026-08-05_CIN_OAK_MLB_OAK+1.5,MLB,,OAK +1.5,ML,,,,,,,,-115,,win,2026-08-06T03:33:10.857000+00:00,,,,2026-08-05
2026-08-05_CHI_LA_WNBA_LA+3.5,WNBA,,LA +3.5,ML,,,,,,,,-115,,loss,2026-08-06T03:37:58.604000+00:00,,,,2026-08-05
2026-08-05_CHC_LAD_ML_CHC,MLB,,CHC,ML,,,,,,,,-129,,win,2026-08-05T21:53:22.790000+00:00,,,,2026-08-05
2026-08-05_KC_MIN_OU_OVER8.5,MLB,,OVER 8.5,OU,,,,,,,,-110,,loss,2026-08-06T01:58:35.899000+00:00,,,,2026-08-05
2026-08-05_KC_MIN_MLB_MIN+1.5,MLB,,MIN +1.5,ML,,,,,,,,-115,,win,2026-08-06T03:30:25.480000+00:00,,,,2026-08-05
2026-08-05_NY_SEA_WNBA_OVER183.5,WNBA,,OVER 183.5,ML,,,,,,,,-110,,loss,2026-08-06T03:38:50.233000+00:00,,,,2026-08-05
2026-08-05_SEA_DET_OU_UNDER10.5,MLB,,UNDER 10.5,OU,,,,,,,,-110,,win,2026-08-06T04:12:25.116000+00:00,,,,2026-08-05
2026-08-05_NY_SEA_WNBA_SEA+8.5,WNBA,,SEA +8.5,ML,,,,,,,,-115,,win,2026-08-06T03:37:40.363000+00:00,,,,2026-08-05
2026-08-05_ARI_SD_ML_ARI,MLB,,ARI,ML,,,,,,,,-129,,win,2026-08-06T03:36:19.146000+00:00,,,,2026-08-05
2026-08-05_ATL_MIA_ML_ATL,MLB,,ATL,ML,,,,,,,,132,,win,2026-08-06T03:27:22.278000+00:00,,,,2026-08-05
2026-08-05_PHI_WSN_ML_WSN,MLB,,WSN,ML,,,,,,,,115,,win,2026-08-06T03:27:22.255000+00:00,,,,2026-08-05
2026-08-05_COL_TB_ML_TB,MLB,,TB,ML,,,,,,,,-159,,win,2026-08-05T22:03:53.815000+00:00,,,,2026-08-05
2026-08-05_BOS_CWS_OU_UNDER10.5,MLB,,UNDER 10.5,OU,,,,,,,,-110,,win,2026-08-06T03:27:22.272000+00:00,,,,2026-08-05
2026-08-05_ATL_PHX_WNBA_PHX+6.5,WNBA,,PHX +6.5,ML,,,,,,,,-115,,loss,2026-08-06T03:38:42.174000+00:00,,,,2026-08-05
2026-08-04_TEX_SF_OU_UNDER9.5,MLB,,UNDER 9.5,OU,,,,,,,,-110,,win,2026-08-05T03:27:07.970000+00:00,,,,2026-08-04
2026-08-04_MIL_PIT_ML_MIL,MLB,,MIL,ML,,,,,,,,-149,,win,2026-08-05T02:38:43.090000+00:00,,,,2026-08-04
2026-08-04_SEA_DET_MLB_DET+1.5,MLB,,DET +1.5,ML,,,,,,,,-115,,win,2026-08-05T04:08:40.822000+00:00,,,,2026-08-04
2026-08-04_TEX_SF_ML_TEX,MLB,,TEX,ML,,,,,,,,-194,,win,2026-08-05T03:46:30.100000+00:00,,,,2026-08-04
2026-08-04_CIN_OAK_MLB_OAK+1.5,MLB,,OAK +1.5,ML,,,,,,,,-115,,win,2026-08-05T03:33:36.094000+00:00,,,,2026-08-04
2026-08-04_PHI_WSN_ML_PHI,MLB,,PHI,ML,,,,,,,,-139,,win,2026-08-05T01:00:33.987000+00:00,,,,2026-08-04
2026-08-04_CHC_LAD_OU_UNDER11.5,MLB,,UNDER 11.5,OU,,,,,,,,-110,,win,2026-08-05T02:39:41.546000+00:00,,,,2026-08-04
2026-08-04_ARI_SD_ML_ARI,MLB,,ARI,ML,,,,,,,,-120,,loss,2026-08-05T04:44:25.832000+00:00,,,,2026-08-04
2026-08-04_TEX_SF_OU_UNDER8.5,MLB,,UNDER 8.5,OU,,,,,,,,-110,,loss,2026-08-05T03:46:30.101000+00:00,,,,2026-08-04
2026-08-04_BAL_LAA_OU_OVER6.5,MLB,,OVER 6.5,OU,,,,,,,,-110,,loss,2026-08-05T01:00:33.922000+00:00,,,,2026-08-04
2026-08-04_CLE_NYM_OU_UNDER8.5,MLB,,UNDER 8.5,OU,,,,,,,,-110,,win,2026-08-05T01:16:04.467000+00:00,,,,2026-08-04
2026-08-04_GS_TOR_WNBA_OVER166.5,WNBA,,OVER 166.5,ML,,,,,,,,-110,,win,2026-08-05T04:11:17.939000+00:00,,,,2026-08-04
2026-08-04_PHI_WSN_OU_OVER8.5,MLB,,OVER 8.5,OU,,,,,,,,-110,,loss,2026-08-05T01:00:34.009000+00:00,,,,2026-08-04
2026-08-04_SEA_DET_OU_UNDER10.5,MLB,,UNDER 10.5,OU,,,,,,,,-110,,win,2026-08-05T04:09:57.724000+00:00,,,,2026-08-04
2026-08-04_MIL_PIT_MLB_PIT+1.5,MLB,,PIT +1.5,ML,,,,,,,,-115,,loss,2026-08-05T03:34:56.454000+00:00,,,,2026-08-04
2026-08-04_KC_MIN_OU_UNDER8.5,MLB,,UNDER 8.5,OU,,,,,,,,-110,,loss,2026-08-05T02:33:42.202000+00:00,,,,2026-08-04
2026-08-04_BOS_CWS_ML_BOS,MLB,,BOS,ML,,,,,,,,-150,,win,2026-08-05T01:52:24.414000+00:00,,,,2026-08-04
2026-08-04_ATL_MIA_ML_ATL,MLB,,ATL,ML,,,,,,,,-149,,win,2026-08-05T01:46:37.045000+00:00,,,,2026-08-04
2026-08-04_CHC_LAD_MLB_LAD+1.5,MLB,,LAD +1.5,ML,,,,,,,,-115,,loss,2026-08-28T20:51:58.631000+00:00,,,,2026-08-04
2026-08-04_CHC_LAD_ML_CHC,MLB,,CHC,ML,,,,,,,,-129,,win,2026-08-05T02:39:41.544000+00:00,,,,2026-08-04
2026-08-04_BAL_LAA_OU_OVER7.5,MLB,,OVER 7.5,OU,,,,,,,,-110,,loss,2026-08-05T01:16:10.161000+00:00,,,,2026-08-04
2026-08-04_CIN_OAK_OU_UNDER9.5,MLB,,UNDER 9.5,OU,,,,,,,,-110,,win,2026-08-05T01:46:39.540000+00:00,,,,2026-08-04
2026-08-04_KC_MIN_ML_KC,MLB,,KC,ML,,,,,,,,67,,win,2026-08-05T02:38:43.085000+00:00,,,,2026-08-04
2026-08-04_ATL_MIA_MLB_ATL-1.5,MLB,,ATL -1.5,ML,,,,,,,,-115,,win,2026-08-28T20:51:58.631000+00:00,,,,2026-08-04
prop_1785772707575,WNBA,,Breanna Stewart OVER PRA O31.5,PROP,,,,,,,,-257,,win,2026-08-04T05:30:51.757000+00:00,,,,2026-08-03
2026-08-03_ARI_SD_MLB_SD+1.5,MLB,,SD +1.5,ML,,,,,,,,-115,,loss,2026-08-04T16:34:14.350000+00:00,,,,2026-08-03
prop_1785772645466,WNBA,,Angel Reese OVER PRA O29.5,PROP,,,,,,,,-257,,win,2026-08-04T05:35:39.668000+00:00,,,,2026-08-03
2026-08-03_COL_TB_OU_OVER10.5,MLB,,OVER 10.5,OU,,,,,,,,-110,,win,2026-08-04T05:26:48.860000+00:00,,,,2026-08-03
prop_1785772747157,WNBA,,Kamilla Cardoso OVER REB O7.5,PROP,,,,,,,,-245,,win,2026-08-04T16:34:51.725000+00:00,,,,2026-08-03
prop_1785772764386,WNBA,,Kamilla Cardoso OVER PTS O10.5,PROP,,,,,,,,-170,,win,2026-08-04T16:34:48.980000+00:00,,,,2026-08-03
2026-08-03_TEX_SF_OU_UNDER9.5,MLB,,UNDER 9.5,OU,,,,,,,,-110,,win,2026-08-04T20:31:11.941000+00:00,,,,2026-08-03
2026-08-03_ATL_LV_WNBA_OVER184.5,WNBA,,OVER 184.5,ML,,,,,,,,-110,,win,2026-08-04T20:30:22.322000+00:00,,,,2026-08-03
2026-08-03_HOU_TOR_MLB_TOR+1.5,MLB,,TOR +1.5,ML,,,,,,,,-115,,win,2026-08-04T20:31:27.633000+00:00,,,,2026-08-03
2026-08-03_NY_SEA_WNBA_SEA+5.5,WNBA,,SEA +5.5,ML,,,,,,,,-115,,loss,2026-08-28T20:51:38.408000+00:00,,,,2026-08-03
2026-08-03_COL_TB_OU_OVER9.5,MLB,,OVER 9.5,OU,,,,,,,,-110,,win,2026-08-04T05:26:48.858000+00:00,,,,2026-08-03
2026-08-03_TEX_SF_ML_TEX,MLB,,TEX,ML,,,,,,,,-118,,loss,2026-08-04T05:26:48.848000+00:00,,,,2026-08-03
2026-08-03_COL_TB_MLB_COL+1.5,MLB,,COL +1.5,ML,,,,,,,,-115,,loss,2026-08-04T16:34:00.901000+00:00,,,,2026-08-03
2026-08-03_HOU_TOR_OU_OVER8.5,MLB,,OVER 8.5,OU,,,,,,,,-110,,loss,2026-08-04T20:31:24.158000+00:00,,,,2026-08-03
2026-08-03_MIL_PIT_OU_OVER8.5,MLB,,OVER 8.5,OU,,,,,,,,-110,,loss,2026-08-04T05:26:48.845000+00:00,,,,2026-08-03
2026-08-03_MIL_PIT_MLB_PIT+1.5,MLB,,PIT +1.5,ML,,,,,,,,-115,,win,2026-08-04T05:36:48.352000+00:00,,,,2026-08-03
2026-08-03_NYY_STL_ML_NYY,MLB,,NYY,ML,,,,,,,,-144,,loss,2026-08-04T05:26:48.841000+00:00,,,,2026-08-03
2026-08-03_CHI_PHX_WNBA_OVER174.5,WNBA,,OVER 174.5,ML,,,,,,,,-110,,win,2026-08-04T05:33:16.172000+00:00,,,,2026-08-03
2026-08-03_CHC_LAD_ML_CHC,MLB,,CHC,ML,,,,,,,,-129,,win,2026-08-04T20:31:16.924000+00:00,,,,2026-08-03
2026-08-03_ATL_LV_WNBA_OVER179.5,WNBA,,OVER 179.5,ML,,,,,,,,-110,,win,2026-08-04T05:34:14.915000+00:00,,,,2026-08-03
2026-08-03_PHI_WSN_OU_OVER8.5,MLB,,OVER 8.5,OU,,,,,,,,-110,,win,2026-08-04T05:26:48.833000+00:00,,,,2026-08-03
2026-08-03_NYY_STL_OU_UNDER10.5,MLB,,UNDER 10.5,OU,,,,,,,,-110,,loss,2026-08-04T05:26:48.839000+00:00,,,,2026-08-03
2026-08-03_ARI_SD_OU_UNDER11.5,MLB,,UNDER 11.5,OU,,,,,,,,-110,,win,2026-08-04T05:26:48.865000+00:00,,,,2026-08-03
prop_1785772783923,WNBA,,Kahleah Copper OVER PRA O25.5,PROP,,,,,,,,-150,,win,2026-08-04T05:35:16.387000+00:00,,,,2026-08-03
prop_1785772627272,WNBA,,Angel Reese OVER REB O10.5,PROP,,,,,,,,-257,,win,2026-08-04T20:29:47.420000+00:00,,,,2026-08-03
2026-08-03_TEX_SF_MLB_SF+1.5,MLB,,SF +1.5,ML,,,,,,,,-115,,win,2026-08-04T16:33:51.599000+00:00,,,,2026-08-03
2026-08-03_HOU_TOR_ML_HOU,MLB,,HOU,ML,,,,,,,,-128,,loss,2026-08-04T05:26:48.856000+00:00,,,,2026-08-03
2026-08-03_NY_SEA_WNBA_OVER176.5,WNBA,,OVER 176.5,ML,,,,,,,,-110,,win,2026-08-04T05:29:55.055000+00:00,,,,2026-08-03
2026-08-03_PHX_CHI_WNBA_PHXML,WNBA,,PHX ML,ML,,,,,,,,-102,,win,2026-08-04T20:30:05.464000+00:00,,,,2026-08-03
prop_1785772729407,WNBA,,Jonquel Jones OVER PRA O24.5,PROP,,,,,,,,-245,,win,2026-08-04T05:34:35.717000+00:00,,,,2026-08-03
2026-08-03_ATL_LV_WNBA_LV+1.5,WNBA,,LV +1.5,ML,,,,,,,,-115,,win,2026-08-04T20:30:26.795000+00:00,,,,2026-08-03
2026-08-03_NYY_STL_MLB_STL+1.5,MLB,,STL +1.5,ML,,,,,,,,-115,,win,2026-08-04T16:33:48.988000+00:00,,,,2026-08-03
2026-08-03_CHI_PHX_WNBA_OVER178.5,WNBA,,OVER 178.5,ML,,,,,,,,-110,,win,2026-08-04T20:30:10.053000+00:00,,,,2026-08-03
2026-08-03_NY_SEA_WNBA_OVER182.5,WNBA,,OVER 182.5,ML,,,,,,,,-110,,loss,2026-08-04T05:31:13.139000+00:00,,,,2026-08-03
2026-08-03_CHC_LAD_OU_UNDER11.5,MLB,,UNDER 11.5,OU,,,,,,,,-110,,loss,2026-08-04T05:26:48.853000+00:00,,,,2026-08-03
2026-08-03_PHI_WSN_ML_WSN,MLB,,WSN,ML,,,,,,,,115,,loss,2026-08-04T05:26:48.830000+00:00,,,,2026-08-03
2026-08-02_BAL_PHI_OU_UNDER7.5,MLB,,UNDER 7.5,OU,,,,,,,,-110,,loss,2026-08-02T21:34:27.447000+00:00,,,,2026-08-02
2026-08-02_LAA_MIL_MLB_LAA+1.5,MLB,,LAA +1.5,ML,,,,,,,,-115,,win,2026-08-02T22:21:41.413000+00:00,,,,2026-08-02
prop_1785698457044,WNBA,,Veronica Burton OVER PTS O10.5,PROP,,,,,,,,-203,,win,2026-08-03T05:51:35.816000+00:00,,,,2026-08-02
2026-08-02_BAL_PHI_MLB_PHI+1.5,MLB,,PHI +1.5,ML,,,,,,,,-115,,win,2026-08-02T21:35:21.745000+00:00,,,,2026-08-02
2026-08-02_TB_CWS_OU_UNDER8.5,MLB,,UNDER 8.5,OU,,,,,,,,-110,,loss,2026-08-02T21:33:18.119000+00:00,,,,2026-08-02
prop_1785697939735,WNBA,,Bridget Carleton OVER PTS O12.5,PROP,,,,,,,,-203,,win,2026-08-02T21:38:39.446000+00:00,,,,2026-08-02
prop_1785697695842,WNBA,,Olivia Miles OVER PTS O18.5,PROP,,,,,,,,-233,,win,2026-08-02T21:37:58.289000+00:00,,,,2026-08-02
prop_1785697713415,WNBA,,Napheesa Collier OVER PRA O25.5,PROP,,,,,,,,-233,,win,2026-08-02T21:38:02.133000+00:00,,,,2026-08-02
2026-08-02_LAD_BOS_OU_UNDER10.5,MLB,,UNDER 10.5,OU,,,,,,,,-110,,loss,2026-08-03T03:55:23.817000+00:00,,,,2026-08-02
prop_1785698232836,WNBA,,Arike Ogunbowale OVER PTS O13.5,PROP,,,,,,,,-213,,win,2026-08-03T05:48:25.470000+00:00,,,,2026-08-02
2026-08-02_HOU_TEX_ML_HOU,MLB,,HOU,ML,,,,,,,,-121,,win,2026-08-02T21:33:18.125000+00:00,,,,2026-08-02
2026-08-02_ATL_WSN_MLB_WSN+1.5,MLB,,WSN +1.5,ML,,,,,,,,-115,,loss,2026-08-02T21:34:39.959000+00:00,,,,2026-08-02
2026-08-02_SD_SF_MLB_SF+1.5,MLB,,SF +1.5,ML,,,,,,,,-115,,win,2026-08-02T23:21:50.716000+00:00,,,,2026-08-02
2026-08-02_GS_TOR_WNBA_GSML,WNBA,,GS ML,ML,,,,,,,,-596,,win,2026-08-04T20:27:31.769000+00:00,,,,2026-08-02
2026-08-02_CHC_NYY_MLB_NYY+1.5,MLB,,NYY +1.5,ML,,,,,,,,-115,,win,2026-08-02T21:34:00.784000+00:00,,,,2026-08-02
2026-08-02_CIN_PIT_ML_CIN,MLB,,CIN,ML,,,,,,,,-128,,win,2026-08-02T21:33:18.123000+00:00,,,,2026-08-02
2026-08-02_TOR_STL_ML_STL,MLB,,STL,ML,,,,,,,,-189,,win,2026-08-02T21:33:18.115000+00:00,,,,2026-08-02
prop_1785698117811,WNBA,,Paige Bueckers OVER PRA O29.5,PROP,,,,,,,,-245,,loss,2026-08-03T05:48:00.243000+00:00,,,,2026-08-02
2026-08-02_CHC_NYY_OU_OVER10.5,MLB,,OVER 10.5,OU,,,,,,,,-110,,loss,2026-08-02T21:33:18.129000+00:00,,,,2026-08-02
2026-08-02_COL_KC_ML_COL,MLB,,COL,ML,,,,,,,,-127,,win,2026-08-02T21:33:18.132000+00:00,,,,2026-08-02
2026-08-02_POR_LA_WNBA_POR+4.5,WNBA,,POR +4.5,ML,,,,,,,,-115,,loss,2026-08-02T22:22:38.394000+00:00,,,,2026-08-02
prop_1785698149795,WNBA,,Paige Bueckers OVER PTS O18.5,PROP,,,,,,,,-223,,loss,2026-08-03T05:47:52.350000+00:00,,,,2026-08-02
prop_1785697659512,WNBA,,Napheesa Collier OVER PTS O16.5,PROP,,,,,,,,-257,,win,2026-08-02T21:37:45.024000+00:00,,,,2026-08-02
2026-08-02_NYM_MIA_MLB_MIA+1.5,MLB,,MIA +1.5,ML,,,,,,,,-115,,win,2026-08-02T21:35:36.257000+00:00,,,,2026-08-02
2026-08-02_LA_POR_WNBA_LAML,WNBA,,LA ML,ML,,,,,,,,-220,,win,2026-08-02T22:22:35.171000+00:00,,,,2026-08-02
2026-08-02_LAD_BOS_ML_LAD,MLB,,LAD,ML,,,,,,,,-186,,loss,2026-08-03T03:55:23.812000+00:00,,,,2026-08-02
prop_1785697879259,WNBA,,Carla Leite OVER AST O5.5,PROP,,,,,,,,-213,,win,2026-08-02T21:38:32.272000+00:00,,,,2026-08-02
prop_1785698366823,WNBA,,Janelle SalaÃ¼n OVER PTS O10.5,PROP,,,,,,,,-213,,win,2026-08-03T05:51:31.988000+00:00,,,,2026-08-02
2026-08-02_SEA_MIN_MLB_MIN+1.5,MLB,,MIN +1.5,ML,,,,,,,,-115,,win,2026-08-02T23:21:41.431000+00:00,,,,2026-08-02
2026-08-02_DAL_CON_WNBA_DALML,WNBA,,DAL ML,ML,,,,,,,,-354,,win,2026-08-03T05:48:50.656000+00:00,,,,2026-08-02
2026-08-02_CLE_ARI_MLB_ARI+1.5,MLB,,ARI +1.5,ML,,,,,,,,-115,,loss,2026-08-02T22:21:31.381000+00:00,,,,2026-08-02
2026-08-02_COL_KC_MLB_KC+1.5,MLB,,KC +1.5,ML,,,,,,,,-115,,loss,2026-08-26T19:50:01.566000+00:00,,,,2026-08-02
2026-08-02_SD_SF_ML_SD,MLB,,SD,ML,,,,,,,,-131,,win,2026-08-02T23:18:37.554000+00:00,,,,2026-08-02
2026-08-02_TB_CWS_MLB_CWS+1.5,MLB,,CWS +1.5,ML,,,,,,,,-115,,win,2026-08-02T21:35:09.729000+00:00,,,,2026-08-02
prop_1785698310287,WNBA,,Arike Ogunbowale OVER PTS O16.5,PROP,,,,,,,,-213,,loss,2026-08-03T05:48:09.961000+00:00,,,,2026-08-02
2026-08-02_MIN_IND_OU_OVER185.5,WNBA,,OVER 185.5,OU,,,,,,,,-110,,win,2026-08-02T21:37:06.678000+00:00,,,,2026-08-02
2026-08-02_CHC_NYY_ML_CHC,MLB,,CHC,ML,,,,,,,,-107,,loss,2026-08-02T21:33:18.129000+00:00,,,,2026-08-02
2026-08-02_GS_TOR_OU_OVER166.5,WNBA,,OVER 166.5,OU,,,,,,,,-110,,win,2026-08-03T05:50:58.440000+00:00,,,,2026-08-02
2026-08-02_POR_LA_OU_OVER186.5,WNBA,,OVER 186.5,OU,,,,,,,,-110,,win,2026-08-02T21:39:23.832000+00:00,,,,2026-08-02
prop_1785697680449,WNBA,,Olivia Miles OVER PRA O27.5,PROP,,,,,,,,-245,,win,2026-08-02T21:37:52.430000+00:00,,,,2026-08-02
2026-08-02_TOR_STL_MLB_STL-1.5,MLB,,STL -1.5,ML,,,,,,,,-115,,win,2026-08-02T21:34:47.431000+00:00,,,,2026-08-02
2026-08-02_TB_CWS_ML_TB,MLB,,TB,ML,,,,,,,,-173,,loss,2026-08-02T21:33:18.119000+00:00,,,,2026-08-02
2026-08-02_CLE_ARI_ML_CLE,MLB,,CLE,ML,,,,,,,,-171,,win,2026-08-02T21:55:02.738000+00:00,,,,2026-08-02
2026-08-02_MIN_IND_WNBA_MINML,WNBA,,MIN ML,ML,,,,,,,,-387,,win,2026-08-02T21:37:09.816000+00:00,,,,2026-08-02
2026-08-02_LAD_BOS_MLB_BOS+1.5,MLB,,BOS +1.5,ML,,,,,,,,-115,,win,2026-08-03T05:52:15.443000+00:00,,,,2026-08-02
2026-08-02_HOU_TEX_OU_UNDER7.5,MLB,,UNDER 7.5,OU,,,,,,,,-110,,loss,2026-08-02T21:33:18.126000+00:00,,,,2026-08-02
2026-08-02_OAK_DET_MLB_DET+1.5,MLB,,DET +1.5,ML,,,,,,,,-115,,win,2026-08-02T23:21:20.947000+00:00,,,,2026-08-02
2026-08-02_NYM_MIA_ML_NYM,MLB,,NYM,ML,,,,,,,,-123,,loss,2026-08-02T21:35:33.212000+00:00,,,,2026-08-02
2026-08-02_OAK_DET_OU_UNDER10.5,MLB,,UNDER 10.5,OU,,,,,,,,-110,,loss,2026-08-02T23:21:32.414000+00:00,,,,2026-08-02
2026-08-01_Red Bull New York_Orlando City_MLS_RedBullNewYork,MLS,,Red Bull New York,ML,,,,,,,,-150,,win,2026-08-02T02:24:20.722000+00:00,,,,2026-08-01
2026-08-01_CIN_PIT_MLB_PIT+1.5,MLB,,PIT +1.5,ML,,,,,,,,-115,,win,2026-08-02T03:54:57.470000+00:00,,,,2026-08-01
2026-08-01_CLE_ARI_MLB_ARI+1.5,MLB,,ARI +1.5,ML,,,,,,,,-115,,win,2026-08-02T03:54:46.904000+00:00,,,,2026-08-01
2026-08-01_CHC_NYY_OU_OVER10.5,MLB,,OVER 10.5,OU,,,,,,,,-110,,loss,2026-08-02T02:15:27.438000+00:00,,,,2026-08-01
2026-08-01_SD_SF_ML_SD,MLB,,SD,ML,,,,,,,,-246,,win,2026-08-02T03:51:47.278000+00:00,,,,2026-08-01
2026-08-01_Chicago Fire FC_Charlotte FC_MLS_ChicagoFireFC,MLS,,Chicago Fire FC,ML,,,,,,,,-139,,win,2026-08-02T03:53:27.223000+00:00,,,,2026-08-01
2026-08-01_Colorado Rapids_Austin FC_MLS_UNDER3.5,MLS,,UNDER 3.5,ML,,,,,,,,-110,,win,2026-08-02T03:52:55.620000+00:00,,,,2026-08-01
2026-08-01_PHX_NY_WNBA_PHX+4.5,WNBA,,PHX +4.5,ML,,,,,,,,-115,,win,2026-08-02T02:23:20.932000+00:00,,,,2026-08-01
2026-08-01_Philadelphia Union_Atlanta United_MLS_UNDER3.5,MLS,,UNDER 3.5,ML,,,,,,,,-110,,loss,2026-08-02T02:24:12.060000+00:00,,,,2026-08-01
2026-08-01_CHI_LV_WNBA_CHI+5.5,WNBA,,CHI +5.5,ML,,,,,,,,-115,,win,2026-08-02T02:23:05.772000+00:00,,,,2026-08-01
2026-08-01_Inter Miami CF_Columbus Crew_MLS_OVER3.5,MLS,,OVER 3.5,ML,,,,,,,,-110,,win,2026-08-02T02:24:47.430000+00:00,,,,2026-08-01
2026-08-01_LV_CHI_WNBA_LVML,WNBA,,LV ML,ML,,,,,,,,-205,,loss,2026-08-02T02:23:14.459000+00:00,,,,2026-08-01
2026-08-01_LA Galaxy_FC Dallas_MLS_UNDER2.5,MLS,,UNDER 2.5,ML,,,,,,,,-110,,win,2026-08-02T06:57:42.123000+00:00,,,,2026-08-01
2026-08-01_LAA_MIL_MLB_LAA+1.5,MLB,,LAA +1.5,ML,,,,,,,,-115,,loss,2026-08-02T06:58:05.007000+00:00,,,,2026-08-01
2026-08-01_Portland Timbers_Seattle Sounders FC_MLS_UNDER3.5,MLS,,UNDER 3.5,ML,,,,,,,,-110,,win,2026-08-02T06:57:35.598000+00:00,,,,2026-08-01
2026-08-01_LAA_MIL_ML_MIL,MLB,,MIL,ML,,,,,,,,-135,,win,2026-08-02T04:35:06.099000+00:00,,,,2026-08-01
2026-08-01_Vancouver Whitecaps FC_Los Angeles Football Club_MLS_UNDER3.5,MLS,,UNDER 3.5,ML,,,,,,,,-110,,win,2026-08-02T02:23:59.405000+00:00,,,,2026-08-01
2026-08-01_BAL_PHI_MLB_PHI+1.5,MLB,,PHI +1.5,ML,,,,,,,,-115,,win,2026-08-02T02:21:57.334000+00:00,,,,2026-08-01
2026-08-01_BAL_PHI_OU_UNDER9.5,MLB,,UNDER 9.5,OU,,,,,,,,-110,,win,2026-08-02T02:22:01.172000+00:00,,,,2026-08-01
2026-08-01_NY_PHX_WNBA_NYML,WNBA,,NY ML,ML,,,,,,,,-122,,win,2026-08-02T02:23:18.203000+00:00,,,,2026-08-01
2026-08-01_D.C. United_Nashville SC_MLS_OVER2.5,MLS,,OVER 2.5,ML,,,,,,,,-110,,win,2026-08-02T02:24:54.169000+00:00,,,,2026-08-01
2026-08-01_PHX_NY_OU_OVER181.5,WNBA,,OVER 181.5,OU,,,,,,,,-110,,win,2026-08-02T02:23:23.561000+00:00,,,,2026-08-01
2026-08-01_COL_KC_OU_OVER10.5,MLB,,OVER 10.5,OU,,,,,,,,-110,,win,2026-08-02T03:51:47.277000+00:00,,,,2026-08-01
2026-08-01_FC Cincinnati_San Jose Earthquakes_MLS_OVER3.5,MLS,,OVER 3.5,ML,,,,,,,,-110,,win,2026-08-02T03:54:04+00:00,,,,2026-08-01
2026-08-01_NYM_MIA_OU_UNDER10.5,MLB,,UNDER 10.5,OU,,,,,,,,-110,,win,2026-08-02T02:06:53.764000+00:00,,,,2026-08-01
2026-08-01_Colorado Rapids_Austin FC_MLS_ColoradoRapids,MLS,,Colorado Rapids,ML,,,,,,,,-155,,win,2026-08-02T03:52:59.717000+00:00,,,,2026-08-01
2026-08-01_TB_CWS_MLB_CWS+1.5,MLB,,CWS +1.5,ML,,,,,,,,-115,,win,2026-08-02T02:10:40.339000+00:00,,,,2026-08-01
2026-08-01_St. Louis CITY SC_Real Salt Lake_MLS_UNDER3.5,MLS,,UNDER 3.5,ML,,,,,,,,-110,,win,2026-08-02T03:53:47.059000+00:00,,,,2026-08-01
2026-08-01_ATL_WSN_OU_OVER9.5,MLB,,OVER 9.5,OU,,,,,,,,-110,,win,2026-08-02T02:15:27.437000+00:00,,,,2026-08-01
2026-08-01_Chicago Fire FC_Charlotte FC_MLS_UNDER3.5,MLS,,UNDER 3.5,ML,,,,,,,,-110,,win,2026-08-02T03:52:49.116000+00:00,,,,2026-08-01
2026-08-01_CHC_NYY_MLB_CHC+1.5,MLB,,CHC +1.5,ML,,,,,,,,-115,,win,2026-08-02T02:22:18.980000+00:00,,,,2026-08-01
2026-08-01_TOR_STL_OU_UNDER8.5,MLB,,UNDER 8.5,OU,,,,,,,,-110,,win,2026-08-02T02:06:53.751000+00:00,,,,2026-08-01
2026-08-01_CLE_ARI_OU_UNDER8.5,MLB,,UNDER 8.5,OU,,,,,,,,-110,,loss,2026-08-02T03:51:47.273000+00:00,,,,2026-08-01
2026-08-01_OAK_DET_MLB_DET+1.5,MLB,,DET +1.5,ML,,,,,,,,-115,,win,2026-08-02T06:57:59.217000+00:00,,,,2026-08-01
2026-08-01_TB_CWS_ML_TB,MLB,,TB,ML,,,,,,,,-138,,win,2026-08-02T02:06:53.757000+00:00,,,,2026-08-01
2026-08-01_TB_CWS_OU_UNDER8.5,MLB,,UNDER 8.5,OU,,,,,,,,-110,,win,2026-08-02T02:06:53.760000+00:00,,,,2026-08-01
2026-08-01_Minnesota United FC_San Diego FC_MLS_UNDER3.5,MLS,,UNDER 3.5,ML,,,,,,,,-110,,win,2026-08-02T03:52:29.113000+00:00,,,,2026-08-01
2026-08-01_HOU_TEX_OU_OVER8.5,MLB,,OVER 8.5,OU,,,,,,,,-110,,win,2026-08-02T02:12:55.819000+00:00,,,,2026-08-01
2026-08-01_SEA_MIN_MLB_MIN+1.5,MLB,,MIN +1.5,ML,,,,,,,,-115,,win,2026-08-02T02:21:43.148000+00:00,,,,2026-08-01
2026-08-01_TOR_STL_MLB_TOR+1.5,MLB,,TOR +1.5,ML,,,,,,,,-115,,win,2026-08-02T02:10:46.210000+00:00,,,,2026-08-01
2026-08-01_Red Bull New York_Orlando City_MLS_OVER3.5,MLS,,OVER 3.5,ML,,,,,,,,-110,,win,2026-08-02T02:24:25.898000+00:00,,,,2026-08-01
2026-08-01_NYM_MIA_ML_NYM,MLB,,NYM,ML,,,,,,,,132,,loss,2026-08-02T02:06:53.767000+00:00,,,,2026-08-01
2026-08-01_NYM_MIA_MLB_MIA+1.5,MLB,,MIA +1.5,ML,,,,,,,,-115,,win,2026-08-02T02:21:22.712000+00:00,,,,2026-08-01
2026-08-01_Sporting Kansas City_Houston Dynamo FC_MLS_OVER2.5,MLS,,OVER 2.5,ML,,,,,,,,-110,,win,2026-08-02T03:52:40.996000+00:00,,,,2026-08-01
2026-08-01_CF Montréal_New England Revolution_MLS_OVER2.5,MLS,,OVER 2.5,ML,,,,,,,,-110,,win,2026-08-02T02:24:37.713000+00:00,,,,2026-08-01
2026-08-01_COL_KC_ML_COL,MLB,,COL,ML,,,,,,,,-126,,win,2026-08-02T03:51:47.277000+00:00,,,,2026-08-01
2026-08-01_ATL_WSN_ML_ATL,MLB,,ATL,ML,,,,,,,,-188,,win,2026-08-02T02:15:27.437000+00:00,,,,2026-08-01
2026-08-01_ATL_WSN_MLB_ATL-1.5,MLB,,ATL -1.5,ML,,,,,,,,-115,,win,2026-08-02T02:22:05.165000+00:00,,,,2026-08-01
prop_1785471521038,WNBA,,Aja Wilson OVER PTS O23.5,PROP,,,,,,,,-257,,win,2026-07-31T04:19:53.102000+00:00,,,,2026-07-30
2026-07-30_NYM_MIA_ML_NYM,MLB,,NYM,ML,,,,,,,,-131,,win,2026-07-31T03:06:55.338000+00:00,,,,2026-07-30
2026-07-30_STL_CHC_MLB_STL+1.5,MLB,,STL +1.5,ML,,,,,,,,-115,,loss,2026-07-30T22:05:06.452000+00:00,,,,2026-07-30
2026-07-30_SD_SF_ML_SD,MLB,,SD,ML,,,,,,,,-161,,loss,2026-07-31T04:36:39.633000+00:00,,,,2026-07-30
2026-07-30_LV_NY_OU_OVER177.5,WNBA,,OVER 177.5,OU,,,,,,,,-110,,win,2026-07-31T04:15:14.323000+00:00,,,,2026-07-30
2026-07-30_MIN_TOR_WNBA_MINML,WNBA,,MIN ML,ML,,,,,,,,-733,,win,2026-07-31T02:56:19.288000+00:00,,,,2026-07-30
prop_1785441085029,UNKNOWN,,Kamilla Cardoso OVER REB O7.5,PROP,,,,,,,,-233,,win,2026-08-04T20:27:00.822000+00:00,,,,2026-07-30
2026-07-30_ATL_WSN_ML_ATL,MLB,,ATL,ML,,,,,,,,-156,,win,2026-07-31T01:47:15.245000+00:00,,,,2026-07-30
2026-07-30_STL_CHC_MLB_CHC+1.5,MLB,,CHC +1.5,ML,,,,,,,,-115,,loss,2026-07-30T22:05:06.823000+00:00,,,,2026-07-30
2026-07-30_CHI_CON_WNBA_CHIML,WNBA,,CHI ML,ML,,,,,,,,-149,,win,2026-07-31T02:56:54.798000+00:00,,,,2026-07-30
2026-07-30_TB_TEX_ML_TB,MLB,,TB,ML,,,,,,,,-205,,win,2026-07-30T19:06:23.283000+00:00,,,,2026-07-30
2026-07-30_CHI_CON_OU_OVER171.5,WNBA,,OVER 171.5,OU,,,,,,,,-110,,win,2026-07-31T03:02:44.700000+00:00,,,,2026-07-30
2026-07-30_CHI_CON_OU_OVER175.5,WNBA,,OVER 175.5,OU,,,,,,,,-110,,win,2026-07-31T02:57:31.591000+00:00,,,,2026-07-30
prop_1785471554008,WNBA,,Aja Wilson OVER PRA O34.5,PROP,,,,,,,,-257,,win,2026-07-31T04:19:59.308000+00:00,,,,2026-07-30
2026-07-30_STL_CHC_MLB_CHC-1.5,MLB,,CHC -1.5,ML,,,,,,,,-115,,win,2026-07-30T22:44:26.033000+00:00,,,,2026-07-30
2026-07-30_CWS_NYY_ML_NYY,MLB,,NYY,ML,,,,,,,,-122,,loss,2026-07-30T22:41:15.969000+00:00,,,,2026-07-30
2026-07-30_OAK_BOS_OU_UNDER10.5,MLB,,UNDER 10.5,OU,,,,,,,,-110,,win,2026-07-31T04:12:01.286000+00:00,,,,2026-07-30
2026-07-30_TOR_MIN_OU_OVER186.5,WNBA,,OVER 186.5,OU,,,,,,,,-110,,loss,2026-07-31T02:56:33.463000+00:00,,,,2026-07-30
2026-07-30_LV_NY_OU_OVER181.5,WNBA,,OVER 181.5,OU,,,,,,,,-110,,win,2026-08-26T19:49:43.062000+00:00,,,,2026-07-30
2026-07-30_NYM_MIA_MLB_MIA+1.5,MLB,,MIA +1.5,ML,,,,,,,,-115,,loss,2026-07-31T03:01:26.066000+00:00,,,,2026-07-30
2026-07-30_SD_SF_OU_UNDER8.5,MLB,,UNDER 8.5,OU,,,,,,,,-110,,win,2026-07-31T04:36:39.639000+00:00,,,,2026-07-30
2026-07-30_OAK_BOS_MLB_BOS+1.5,MLB,,BOS +1.5,ML,,,,,,,,-115,,win,2026-07-30T22:54:29.685000+00:00,,,,2026-07-30
2026-07-30_CWS_NYY_MLB_CWS+1.5,MLB,,CWS +1.5,ML,,,,,,,,-115,,win,2026-07-30T22:43:12.735000+00:00,,,,2026-07-30
2026-07-30_TOR_MIN_OU_OVER179.5,WNBA,,OVER 179.5,OU,,,,,,,,-110,,loss,2026-07-31T02:56:39.472000+00:00,,,,2026-07-30
2026-07-30_TB_TEX_OU_UNDER8.5,MLB,,UNDER 8.5,OU,,,,,,,,-110,,win,2026-07-30T19:23:01.670000+00:00,,,,2026-07-30
2026-07-29_LAA_HOU_MLB_HOU+1.5,MLB,,HOU +1.5,ML,,,,,,,,-115,,win,2026-07-30T17:47:06.771000+00:00,,,,2026-07-29
2026-07-29_SD_COL_MLB_COL+1.5,MLB,,COL +1.5,ML,,,,,,,,-115,,loss,2026-07-29T23:09:59.105000+00:00,,,,2026-07-29
2026-07-29_SF_MIL_MLB_SF+1.5,MLB,,SF +1.5,ML,,,,,,,,-115,,win,2026-07-29T23:09:19.410000+00:00,,,,2026-07-29
2026-07-29_CIN_CLE_MLB_CLE+1.5,MLB,,CLE +1.5,ML,,,,,,,,-115,,win,2026-07-30T17:46:50.447000+00:00,,,,2026-07-29
2026-07-29_NYM_ATL_OU_UNDER8.5,MLB,,UNDER 8.5,OU,,,,,,,,-110,,win,2026-07-29T20:25:21.165000+00:00,,,,2026-07-29
2026-07-29_PIT_ARI_MLB_ARI+1.5,MLB,,ARI +1.5,ML,,,,,,,,-115,,loss,2026-07-29T21:18:09.894000+00:00,,,,2026-07-29
2026-07-29_OAK_BOS_MLB_BOS+1.5,MLB,,BOS +1.5,ML,,,,,,,,-115,,win,2026-07-30T17:47:17.968000+00:00,,,,2026-07-29
2026-07-29_PIT_ARI_OU_UNDER8.5,MLB,,UNDER 8.5,OU,,,,,,,,-110,,win,2026-07-29T21:56:06.619000+00:00,,,,2026-07-29
2026-07-29_DAL_ATL_OU_OVER181.5,WNBA,,OVER 181.5,OU,,,,,,,,-110,,loss,2026-07-30T17:47:51.696000+00:00,,,,2026-07-29
2026-07-29_MIN_KC_ML_MIN,MLB,,MIN,ML,,,,,,,,-205,,loss,2026-07-30T02:06:30.254000+00:00,,,,2026-07-29
2026-07-29_TB_TEX_ML_TB,MLB,,TB,ML,,,,,,,,-110,,win,2026-07-30T01:29:08.719000+00:00,,,,2026-07-29
2026-07-29_MIN_KC_OU_UNDER9.5,MLB,,UNDER 9.5,OU,,,,,,,,-110,,win,2026-07-30T02:06:30.259000+00:00,,,,2026-07-29
2026-07-29_DET_BAL_OU_OVER9.5,MLB,,OVER 9.5,OU,,,,,,,,-110,,win,2026-07-29T20:50:56.561000+00:00,,,,2026-07-29
2026-07-29_OAK_BOS_OU_UNDER9.5,MLB,,UNDER 9.5,OU,,,,,,,,-110,,win,2026-07-30T17:47:27.498000+00:00,,,,2026-07-29
2026-07-29_MIA_PHI_ML_MIA,MLB,,MIA,ML,,,,,,,,-128,,win,2026-07-29T20:25:53.542000+00:00,,,,2026-07-29
2026-07-29_LAA_HOU_OU_OVER9.5,MLB,,OVER 9.5,OU,,,,,,,,-110,,win,2026-07-30T17:47:11.450000+00:00,,,,2026-07-29
2026-07-29_SD_COL_OU_UNDER9.5,MLB,,UNDER 9.5,OU,,,,,,,,-110,,win,2026-07-29T23:00:01.808000+00:00,,,,2026-07-29
2026-07-29_STL_CHC_MLB_CHC+1.5,MLB,,CHC +1.5,ML,,,,,,,,-115,,win,2026-07-30T17:46:58.377000+00:00,,,,2026-07-29
2026-07-29_SD_COL_ML_SD,MLB,,SD,ML,,,,,,,,-160,,win,2026-07-29T23:00:01.803000+00:00,,,,2026-07-29
2026-07-28_SEA_IND_WNBA_SEA+4.5,WNBA,,SEA +4.5,ML,,,,,,,,-115,,loss,2026-07-29T23:14:36.096000+00:00,,,,2026-07-28
2026-07-28_WSN_TOR_ML_WSN,MLB,,WSN,ML,,,,,,,,-136,,win,2026-07-29T20:22:40.143000+00:00,,,,2026-07-28
2026-07-28_PIT_ARI_ML_PIT,MLB,,PIT,ML,,,,,,,,-117,,loss,2026-07-29T20:23:12.801000+00:00,,,,2026-07-28
2026-07-28_LA_NY_OU_OVER182.5,WNBA,,OVER 182.5,OU,,,,,,,,-110,,win,2026-07-29T23:15:46.970000+00:00,,,,2026-07-28
2026-07-28_DET_BAL_MLB_BAL+1.5,MLB,,BAL +1.5,ML,,,,,,,,-115,,loss,2026-07-29T20:22:49.358000+00:00,,,,2026-07-28
2026-07-28_LV_POR_OU_OVER176.5,WNBA,,OVER 176.5,OU,,,,,,,,-110,,win,2026-07-29T23:15:10.466000+00:00,,,,2026-07-28
2026-07-28_LAD_SEA_ML_LAD,MLB,,LAD,ML,,,,,,,,-139,,loss,2026-07-29T20:22:07.204000+00:00,,,,2026-07-28
2026-07-28_WSH_CON_WNBA_WSH-6.5,WNBA,,WSH -6.5,ML,,,,,,,,-115,,win,2026-07-29T20:21:38.714000+00:00,,,,2026-07-28
2026-07-28_MIN_KC_ML_MIN,MLB,,MIN,ML,,,,,,,,-181,,win,2026-07-29T04:49:23.664000+00:00,,,,2026-07-28
2026-07-28_WSH_CON_WNBA_WSHML,WNBA,,WSH ML,ML,,,,,,,,-235,,win,2026-07-29T20:21:43.550000+00:00,,,,2026-07-28
2026-07-28_MIA_PHI_ML_MIA,MLB,,MIA,ML,,,,,,,,-126,,win,2026-07-29T04:49:23.660000+00:00,,,,2026-07-28
2026-07-28_DET_BAL_OU_UNDER9.5,MLB,,UNDER 9.5,OU,,,,,,,,-110,,loss,2026-07-29T04:49:23.659000+00:00,,,,2026-07-28
2026-07-28_CIN_CLE_OU_UNDER8.5,MLB,,UNDER 8.5,OU,,,,,,,,-110,,loss,2026-07-28T21:46:24.105000+00:00,,,,2026-07-28
2026-07-28_SF_MIL_ML_MIL,MLB,,MIL,ML,,,,,,,,-156,,win,2026-07-29T20:22:12.526000+00:00,,,,2026-07-28
2026-07-28_LA_NY_WNBA_LA+6.5,WNBA,,LA +6.5,ML,,,,,,,,-115,,win,2026-07-29T23:15:41.860000+00:00,,,,2026-07-28
2026-07-28_DET_BAL_ML_DET,MLB,,DET,ML,,,,,,,,-144,,win,2026-07-29T20:23:06.841000+00:00,,,,2026-07-28
2026-07-28_MIN_TOR_OU_OVER186.5,WNBA,,OVER 186.5,OU,,,,,,,,-110,,win,2026-07-29T23:14:17.601000+00:00,,,,2026-07-28
2026-07-28_CIN_CLE_MLB_CLE+1.5,MLB,,CLE +1.5,ML,,,,,,,,-115,,win,2026-07-29T20:22:33.960000+00:00,,,,2026-07-28
2026-07-28_MIN_TOR_WNBA_MINML,WNBA,,MIN ML,ML,,,,,,,,-1430,,win,2026-07-29T23:14:23.545000+00:00,,,,2026-07-28
2026-07-28_SEA_IND_OU_OVER186.5,WNBA,,OVER 186.5,OU,,,,,,,,-110,,win,2026-07-29T23:14:46.127000+00:00,,,,2026-07-28
2026-07-28_WSH_CON_OU_OVER160.5,WNBA,,OVER 160.5,OU,,,,,,,,-110,,win,2026-07-29T23:14:11.219000+00:00,,,,2026-07-28
2026-07-27_STL_CHC_MLB_CHC+1.5,MLB,,CHC +1.5,ML,,,,,,,,-115,,win,2026-07-28T04:35:04.031000+00:00,,,,2026-07-27
2026-07-27_PIT_ARI_MLB_ARI+1.5,MLB,,ARI +1.5,ML,,,,,,,,-115,,win,2026-07-28T03:31:47.066000+00:00,,,,2026-07-27
2026-07-27_NYM_ATL_MLB_ATL+1.5,MLB,,ATL +1.5,ML,,,,,,,,-115,,loss,2026-07-28T03:30:43.564000+00:00,,,,2026-07-27
2026-07-27_MIA_PHI_ML_MIA,MLB,,MIA,ML,,,,,,,,52,,win,2026-07-28T03:21:55.385000+00:00,,,,2026-07-27
2026-07-27_SF_MIL_ML_MIL,MLB,,MIL,ML,,,,,,,,-136,,loss,2026-07-28T04:20:41.293000+00:00,,,,2026-07-27
2026-07-27_WSN_TOR_OU_UNDER9.5,MLB,,UNDER 9.5,OU,,,,,,,,-110,,win,2026-07-28T03:22:41.126000+00:00,,,,2026-07-27
2026-07-27_STL_CHC_OU_OVER9.5,MLB,,OVER 9.5,OU,,,,,,,,-110,,win,2026-07-28T04:20:41.278000+00:00,,,,2026-07-27
2026-07-27_DET_BAL_MLB_BAL+1.5,MLB,,BAL +1.5,ML,,,,,,,,-115,,win,2026-07-28T03:31:32.654000+00:00,,,,2026-07-27
2026-07-27_OAK_BOS_OU_UNDER9.5,MLB,,UNDER 9.5,OU,,,,,,,,-110,,win,2026-07-28T04:20:41.287000+00:00,,,,2026-07-27
2026-07-27_WSN_TOR_ML_WSN,MLB,,WSN,ML,,,,,,,,-120,,loss,2026-07-28T03:22:41.125000+00:00,,,,2026-07-27
2026-07-27_STL_CHC_ML_STL,MLB,,STL,ML,,,,,,,,83,,loss,2026-07-28T04:20:41.254000+00:00,,,,2026-07-27
2026-07-27_MIA_PHI_OU_UNDER7.5,MLB,,UNDER 7.5,OU,,,,,,,,-110,,loss,2026-07-28T03:21:55.384000+00:00,,,,2026-07-27
2026-07-27_CWS_NYY_MLB_NYY-1.5,MLB,,NYY -1.5,ML,,,,,,,,-115,,win,2026-07-28T03:30:15.788000+00:00,,,,2026-07-27
2026-07-27_DET_BAL_ML_DET,MLB,,DET,ML,,,,,,,,-120,,loss,2026-07-28T03:21:55.381000+00:00,,,,2026-07-27
2026-07-27_DET_BAL_OU_UNDER8.5,MLB,,UNDER 8.5,OU,,,,,,,,-110,,loss,2026-07-28T03:21:55.382000+00:00,,,,2026-07-27
2026-07-27_OAK_BOS_MLB_BOS+1.5,MLB,,BOS +1.5,ML,,,,,,,,-115,,win,2026-07-28T04:34:55.678000+00:00,,,,2026-07-27
2026-07-27_PIT_ARI_ML_PIT,MLB,,PIT,ML,,,,,,,,-115,,win,2026-07-28T03:21:55.378000+00:00,,,,2026-07-27
2026-07-27_MIA_PHI_MLB_PHI+1.5,MLB,,PHI +1.5,ML,,,,,,,,-115,,win,2026-07-28T03:31:14.695000+00:00,,,,2026-07-27
2026-07-27_LAA_HOU_ML_LAA,MLB,,LAA,ML,,,,,,,,89,,loss,2026-07-28T05:01:32.399000+00:00,,,,2026-07-27
2026-07-27_NYM_ATL_OU_UNDER8.5,MLB,,UNDER 8.5,OU,,,,,,,,-110,,loss,2026-07-28T03:21:55.392000+00:00,,,,2026-07-27
2026-07-27_CWS_NYY_OU_OVER8.5,MLB,,OVER 8.5,OU,,,,,,,,-110,,win,2026-07-28T03:22:41.131000+00:00,,,,2026-07-27
2026-07-26_NYM_LAD_ML_LAD,MLB,,LAD,ML,,,,,,,,-167,,loss,2026-07-27T00:08:16.117000+00:00,,,,2026-07-26
2026-07-26_MIN_OAK_ML_MIN,MLB,,MIN,ML,,,,,,,,-162,,win,2026-07-27T00:08:16.122000+00:00,,,,2026-07-26
2026-07-26_TB_CLE_MLB_CLE+1.5,MLB,,CLE +1.5,ML,,,,,,,,-115,,win,2026-07-27T16:29:06.575000+00:00,,,,2026-07-26
2026-07-26_MIN_OAK_OU_OVER10.5,MLB,,OVER 10.5,OU,,,,,,,,-110,,win,2026-07-27T00:08:16.122000+00:00,,,,2026-07-26
2026-07-26_TB_CLE_OU_UNDER7.5,MLB,,UNDER 7.5,OU,,,,,,,,-110,,win,2026-07-27T00:08:10.183000+00:00,,,,2026-07-26
2026-07-26_PIT_CHC_OU_OVER10.5,MLB,,OVER 10.5,OU,,,,,,,,-110,,win,2026-07-27T00:07:13.570000+00:00,,,,2026-07-26
2026-07-26_BOS_TOR_ML_BOS,MLB,,BOS,ML,,,,,,,,-191,,win,2026-07-27T00:07:13.571000+00:00,,,,2026-07-26
2026-07-26_DET_KC_ML_DET,MLB,,DET,ML,,,,,,,,-171,,loss,2026-07-27T00:08:16.115000+00:00,,,,2026-07-26
2026-07-26_PIT_CHC_MLB_CHC+1.5,MLB,,CHC +1.5,ML,,,,,,,,-115,,win,2026-07-27T16:29:15.815000+00:00,,,,2026-07-26
2026-07-26_WSN_ARI_ML_WSN,MLB,,WSN,ML,,,,,,,,-188,,win,2026-07-27T00:08:16.106000+00:00,,,,2026-07-26
2026-07-26_WSN_ARI_OU_OVER9.5,MLB,,OVER 9.5,OU,,,,,,,,-110,,win,2026-07-27T00:08:16.107000+00:00,,,,2026-07-26
2026-07-26_DET_KC_MLB_KC+1.5,MLB,,KC +1.5,ML,,,,,,,,-115,,win,2026-07-27T16:29:22.705000+00:00,,,,2026-07-26
2026-07-26_BOS_TOR_OU_UNDER8.5,MLB,,UNDER 8.5,OU,,,,,,,,-110,,win,2026-07-27T00:07:13.571000+00:00,,,,2026-07-26
2026-07-26_BAL_ATL_OU_OVER9.5,MLB,,OVER 9.5,OU,,,,,,,,-110,,loss,2026-07-27T00:08:10.192000+00:00,,,,2026-07-26
2026-07-26_TB_CLE_ML_TB,MLB,,TB,ML,,,,,,,,-133,,win,2026-07-27T00:08:10.176000+00:00,,,,2026-07-26
2026-07-26_NYM_LAD_MLB_NYM+1.5,MLB,,NYM +1.5,ML,,,,,,,,-115,,win,2026-07-27T16:29:31.891000+00:00,,,,2026-07-26
2026-07-26_PIT_CHC_ML_PIT,MLB,,PIT,ML,,,,,,,,-145,,win,2026-07-27T00:07:13.569000+00:00,,,,2026-07-26
2026-07-26_MIA_SD_MLB_SD+1.5,MLB,,SD +1.5,ML,,,,,,,,-115,,win,2026-07-27T16:28:34.769000+00:00,,,,2026-07-26
2026-07-26_BAL_ATL_ML_ATL,MLB,,ATL,ML,,,,,,,,-104,,win,2026-07-27T00:08:10.189000+00:00,,,,2026-07-26
2026-07-26_NYM_LAD_OU_OVER8.5,MLB,,OVER 8.5,OU,,,,,,,,-110,,win,2026-07-27T00:08:16.117000+00:00,,,,2026-07-26
2026-07-25_HOU_ATX_SOC_UNDER2.5,SOC,,UNDER 2.5,ML,,,,,,,,-110,,loss,2026-07-26T02:13:03.127000+00:00,,,,2026-07-25
2026-07-25_TEX_SEA_ML_TEX,MLB,,TEX,ML,,,,,,,,-133,,win,2026-07-26T02:25:47.208000+00:00,,,,2026-07-25
2026-07-25_PIT_CHC_ML_CHC,MLB,,CHC,ML,,,,,,,,+128,,win,2026-07-26T02:28:10.042000+00:00,,,,2026-07-25
2026-07-25_MIA_SD_SPREAD_SD+1.5,MLB,,SD +1.5,SPREAD,,,,,,,,-115,,win,2026-07-26T02:29:18.590000+00:00,,,,2026-07-25
2026-07-25_MIN_OAK_SPREAD_OAK+1.5,MLB,,OAK +1.5,SPREAD,,,,,,,,-115,,loss,2026-07-26T02:27:36.401000+00:00,,,,2026-07-25
2026-07-25_NYM_LAD_ML_LAD,MLB,,LAD,ML,,,,,,,,-166,,win,2026-07-26T02:27:00.314000+00:00,,,,2026-07-25
2026-07-25_WSN_ARI_SPREAD_WSN-1.5,MLB,,WSN -1.5,SPREAD,,,,,,,,-115,,win,2026-07-26T02:29:52.771000+00:00,,,,2026-07-25
2026-07-25_BAL_ATL_SPREAD_ATL+1.5,MLB,,ATL +1.5,SPREAD,,,,,,,,-115,,win,2026-07-26T02:27:57.578000+00:00,,,,2026-07-25
2026-07-25_New England Revolution_Atlanta United_MLS_NewEnglandRevolution,MLS,,New England Revolution,ML,,,,,,,,-100,,win,2026-07-26T04:37:22.497000+00:00,,,,2026-07-25
2026-07-25_MIA_SD_OU_UNDER11.5,MLB,,UNDER 11.5,OU,,,,,,,,-110,,win,2026-07-26T02:29:46.109000+00:00,,,,2026-07-25
2026-07-25_St. Louis CITY SC_Colorado Rapids_MLS_UNDER2.5,MLS,,UNDER 2.5,ML,,,,,,,,-110,,win,2026-07-26T04:36:45.381000+00:00,,,,2026-07-25
2026-07-25_SF_LAA_OU_OVER8.5,MLB,,OVER 8.5,OU,,,,,,,,-110,,win,2026-07-26T02:29:46.105000+00:00,,,,2026-07-25
2026-07-25_BAL_ATL_OU_UNDER9.5,MLB,,UNDER 9.5,OU,,,,,,,,-110,,win,2026-07-26T02:27:52.323000+00:00,,,,2026-07-25
2026-07-25_Columbus Crew_FC Cincinnati_MLS_ColumbusCrew,MLS,,Columbus Crew,ML,,,,,,,,-114,,win,2026-07-26T04:38:48.684000+00:00,,,,2026-07-25
2026-07-25_Red Bull New York_Charlotte FC_MLS_UNDER3.5,MLS,,UNDER 3.5,ML,,,,,,,,-110,,loss,2026-07-26T04:38:30.175000+00:00,,,,2026-07-25
2026-07-25_MIL_COL_OU_OVER8.5,MLB,,OVER 8.5,OU,,,,,,,,-110,,win,2026-07-26T02:27:22.670000+00:00,,,,2026-07-25
2026-07-25_TB_CLE_ML_TB,MLB,,TB,ML,,,,,,,,-151,,win,2026-07-26T02:28:23.144000+00:00,,,,2026-07-25
2026-07-25_STL_CIN_SPREAD_STL-1.5,MLB,,STL -1.5,SPREAD,,,,,,,,-115,,win,2026-07-26T02:26:45.763000+00:00,,,,2026-07-25
2026-07-25_TB_CLE_OU_UNDER8.5,MLB,,UNDER 8.5,OU,,,,,,,,-110,,win,2026-07-26T02:28:17.497000+00:00,,,,2026-07-25
2026-07-25_MIL_COL_ML_MIL,MLB,,MIL,ML,,,,,,,,-168,,win,2026-07-26T02:27:25.791000+00:00,,,,2026-07-25
2026-07-25_MIN_OAK_OU_UNDER8.5,MLB,,UNDER 8.5,OU,,,,,,,,-110,,win,2026-07-26T02:27:29.676000+00:00,,,,2026-07-25
2026-07-25_STL_CIN_ML_STL,MLB,,STL,ML,,,,,,,,-168,,win,2026-07-26T02:26:50.241000+00:00,,,,2026-07-25
2026-07-25_TEX_SEA_OU_UNDER9.5,MLB,,UNDER 9.5,OU,,,,,,,,-110,,win,2026-07-26T02:25:26.855000+00:00,,,,2026-07-25
2026-07-25_San Jose Earthquakes_LA Galaxy_MLS_UNDER3.5,MLS,,UNDER 3.5,ML,,,,,,,,-110,,win,2026-07-26T04:42:40.250000+00:00,,,,2026-07-25
2026-07-25_PIT_CHC_SPREAD_CHC+1.5,MLB,,CHC +1.5,SPREAD,,,,,,,,-115,,win,2026-07-26T02:28:06.479000+00:00,,,,2026-07-25
2026-07-25_STL_CIN_OU_OVER8.5,MLB,,OVER 8.5,OU,,,,,,,,-110,,loss,2026-07-26T02:26:41.086000+00:00,,,,2026-07-25
2026-07-25_San Jose Earthquakes_LA Galaxy_MLS_SanJoseEarthquakes,MLS,,San Jose Earthquakes,ML,,,,,,,,-148,,loss,2026-07-26T04:42:54.962000+00:00,,,,2026-07-25
2026-07-25_BOS_TOR_SPREAD_TOR+1.5,MLB,,TOR +1.5,SPREAD,,,,,,,,-115,,win,2026-07-26T02:28:55.108000+00:00,,,,2026-07-25
2026-07-25_Portland Timbers_Real Salt Lake_MLS_UNDER3.5,MLS,,UNDER 3.5,ML,,,,,,,,-110,,win,2026-07-26T04:41:44.412000+00:00,,,,2026-07-25
2026-07-25_DET_KC_ML_DET,MLB,,DET,ML,,,,,,,,-196,,loss,2026-07-26T21:18:49.703000+00:00,,,,2026-07-25
2026-07-25_CWS_HOU_OU_UNDER9.5,MLB,,UNDER 9.5,OU,,,,,,,,-110,,win,2026-07-26T02:27:08.742000+00:00,,,,2026-07-25
2026-07-25_TEX_SEA_SPREAD_SEA+1.5,MLB,,SEA +1.5,SPREAD,,,,,,,,-115,,loss,2026-07-26T02:25:20.892000+00:00,,,,2026-07-25
2026-07-25_CWS_HOU_ML_CWS,MLB,,CWS,ML,,,,,,,,-154,,loss,2026-07-26T02:27:17.547000+00:00,,,,2026-07-25
2026-07-25_D.C. United_Toronto FC_MLS_D.C.United,MLS,,D.C. United,ML,,,,,,,,-100,,win,2026-07-26T04:37:04.999000+00:00,,,,2026-07-25
2026-07-25_Los Angeles Football Club_Sporting Kansas City_MLS_LosAngelesFootballClub,MLS,,Los Angeles Football Club,ML,,,,,,,,-221,,win,2026-07-26T04:20:30.308000+00:00,,,,2026-07-25
2026-07-25_New York City Football Club_Chicago Fire FC_MLS_OVER2.5,MLS,,OVER 2.5,ML,,,,,,,,-110,,win,2026-07-26T04:37:55.026000+00:00,,,,2026-07-25
2026-07-25_PHI_NYY_SPREAD_PHI+1.5,MLB,,PHI +1.5,SPREAD,,,,,,,,-115,,loss,2026-07-26T02:28:30.602000+00:00,,,,2026-07-25
2026-07-25_MIN_OAK_ML_MIN,MLB,,MIN,ML,,,,,,,,-154,,win,2026-07-26T02:27:41.616000+00:00,,,,2026-07-25
2026-07-25_NYM_LAD_OU_UNDER10.5,MLB,,UNDER 10.5,OU,,,,,,,,-110,,win,2026-07-26T02:26:57.082000+00:00,,,,2026-07-25
2026-07-25_CWS_HOU_SPREAD_HOU+1.5,MLB,,HOU +1.5,SPREAD,,,,,,,,-115,,win,2026-07-26T02:27:12.024000+00:00,,,,2026-07-25
2026-07-25_NYC_CHI_SOC_OVER2.5,SOC,,OVER 2.5,ML,,,,,,,,-110,,win,2026-07-26T02:13:22.525000+00:00,,,,2026-07-25
2026-07-25_BOS_TOR_OU_UNDER9.5,MLB,,UNDER 9.5,OU,,,,,,,,-110,,win,2026-07-26T02:28:49.029000+00:00,,,,2026-07-25
2026-07-25_CF Montréal_Inter Miami CF_MLS_OVER2.5,MLS,,OVER 2.5,ML,,,,,,,,-110,,loss,2026-07-26T04:40:23.762000+00:00,,,,2026-07-25
2026-07-25_Columbus Crew_FC Cincinnati_MLS_OVER2.5,MLS,,OVER 2.5,ML,,,,,,,,-110,,win,2026-07-26T04:38:40.491000+00:00,,,,2026-07-25
2026-07-25_DET_KC_SPREAD_KC+1.5,MLB,,KC +1.5,SPREAD,,,,,,,,-115,,win,2026-07-26T02:30:02.398000+00:00,,,,2026-07-25
2026-07-25_NE_ATL_SOC_OVER2.5,SOC,,OVER 2.5,ML,,,,,,,,-110,,win,2026-07-26T02:13:49.820000+00:00,,,,2026-07-25
2026-07-25_Houston Dynamo FC_Austin FC_MLS_UNDER2.5,MLS,,UNDER 2.5,ML,,,,,,,,-110,,loss,2026-07-26T04:36:03.866000+00:00,,,,2026-07-25
2026-07-25_BAL_ATL_ML_BAL,MLB,,BAL,ML,,,,,,,,-138,,win,2026-07-26T02:28:00.954000+00:00,,,,2026-07-25
2026-07-25_DET_KC_OU_UNDER8.5,MLB,,UNDER 8.5,OU,,,,,,,,-110,,win,2026-07-26T02:29:02.777000+00:00,,,,2026-07-25
2026-07-25_CLB_CIN_SOC_OVER2.5,SOC,,OVER 2.5,ML,,,,,,,,-110,,win,2026-07-26T02:13:15.563000+00:00,,,,2026-07-25
2026-07-25_PHI_NYY_ML_NYY,MLB,,NYY,ML,,,,,,,,115,,win,2026-07-26T02:28:34.327000+00:00,,,,2026-07-25
2026-07-25_New England Revolution_Atlanta United_MLS_OVER2.5,MLS,,OVER 2.5,ML,,,,,,,,-110,,win,2026-07-26T04:37:39.844000+00:00,,,,2026-07-25
2026-07-24_MIL_COL_SPREAD_MIL-1.5,MLB,,MIL -1.5,SPREAD,,,,,,,,-115,,loss,2026-07-25T04:58:29.924000+00:00,,,,2026-07-24
2026-07-24_MIL_COL_OU_OVER8.5,MLB,,OVER 8.5,OU,,,,,,,,-110,,loss,2026-07-24T23:06:57.523000+00:00,,,,2026-07-24
2026-07-24_PIT_CHC_SPREAD_CHC+1.5,MLB,,CHC +1.5,SPREAD,,,,,,,,-115,,win,2026-07-25T04:58:53.527000+00:00,,,,2026-07-24
2026-07-24_MIL_COL_ML_MIL,MLB,,MIL,ML,,,,,,,,-168,,loss,2026-07-24T23:06:57.511000+00:00,,,,2026-07-24
2026-07-24_NYM_LAD_OU_UNDER12.5,MLB,,UNDER 12.5,OU,,,,,,,,-110,,win,2026-07-25T01:58:24.707000+00:00,,,,2026-07-24
2026-07-24_PIT_CHC_ML_PIT,MLB,,PIT,ML,,,,,,,,-112,,loss,2026-07-25T01:58:24.678000+00:00,,,,2026-07-24
2026-07-24_BAL_ATL_OU_UNDER10.5,MLB,,UNDER 10.5,OU,,,,,,,,-110,,loss,2026-07-25T04:55:22.664000+00:00,,,,2026-07-24
2026-07-24_PIT_CHC_OU_OVER8.5,MLB,,OVER 8.5,OU,,,,,,,,-110,,loss,2026-07-25T01:58:24.692000+00:00,,,,2026-07-24
2026-07-24_SF_LAA_OU_OVER6.5,MLB,,OVER 6.5,OU,,,,,,,,-110,,win,2026-07-25T05:00:01.850000+00:00,,,,2026-07-24
2026-07-24_NYM_LAD_ML_LAD,MLB,,LAD,ML,,,,,,,,-125,,win,2026-07-25T01:58:24.710000+00:00,,,,2026-07-24
2026-07-24_STL_CIN_OU_OVER8.5,MLB,,OVER 8.5,OU,,,,,,,,-110,,loss,2026-07-25T04:55:22.763000+00:00,,,,2026-07-24
2026-07-24_BOS_TOR_SPREAD_TOR+1.5,MLB,,TOR +1.5,SPREAD,,,,,,,,-115,,win,2026-07-25T04:59:57.525000+00:00,,,,2026-07-24
2026-07-24_WSN_ARI_OU_OVER9.5,MLB,,OVER 9.5,OU,,,,,,,,-110,,loss,2026-07-25T01:58:24.701000+00:00,,,,2026-07-24
2026-07-24_STL_CIN_ML_STL,MLB,,STL,ML,,,,,,,,-168,,loss,2026-07-25T04:55:22.757000+00:00,,,,2026-07-24
2026-07-24_BAL_ATL_SPREAD_ATL+1.5,MLB,,ATL +1.5,SPREAD,,,,,,,,-115,,win,2026-07-25T04:59:29.888000+00:00,,,,2026-07-24
2026-07-24_MIA_SD_OU_UNDER11.5,MLB,,UNDER 11.5,OU,,,,,,,,-110,,win,2026-07-25T04:55:22.695000+00:00,,,,2026-07-24
2026-07-24_DET_KC_OU_UNDER8.5,MLB,,UNDER 8.5,OU,,,,,,,,-110,,win,2026-07-25T01:58:24.697000+00:00,,,,2026-07-24
2026-07-24_CWS_HOU_ML_CWS,MLB,,CWS,ML,,,,,,,,-137,,loss,2026-07-25T04:55:22.730000+00:00,,,,2026-07-24
2026-07-24_TEX_SEA_SPREAD_SEA+1.5,MLB,,SEA +1.5,SPREAD,,,,,,,,-115,,loss,2026-07-25T04:57:55.868000+00:00,,,,2026-07-24
2026-07-24_BOS_TOR_ML_BOS,MLB,,BOS,ML,,,,,,,,-150,,win,2026-07-25T04:55:22.714000+00:00,,,,2026-07-24
2026-07-24_TEX_SEA_OU_UNDER9.5,MLB,,UNDER 9.5,OU,,,,,,,,-110,,win,2026-07-25T04:55:22.742000+00:00,,,,2026-07-24
2026-07-24_PHI_NYY_ML_NYY,MLB,,NYY,ML,,,,,,,,115,,win,2026-07-25T04:59:25.108000+00:00,,,,2026-07-24
2026-07-24_DET_KC_SPREAD_KC+1.5,MLB,,KC +1.5,SPREAD,,,,,,,,-115,,win,2026-07-25T04:58:58.701000+00:00,,,,2026-07-24
2026-07-24_MIA_SD_SPREAD_SD+1.5,MLB,,SD +1.5,SPREAD,,,,,,,,-115,,win,2026-07-25T04:59:34.165000+00:00,,,,2026-07-24
2026-07-23_STL_ARI_OU_UNDER10.5,MLB,,UNDER 10.5,OU,,,,,,,,-110,,loss,2026-07-24T04:05:32.962000+00:00,,,,2026-07-23
2026-07-23_STL_ARI_ML_STL,MLB,,STL,ML,,,,,,,,-210,,loss,2026-07-24T04:05:32.957000+00:00,,,,2026-07-23
2026-07-23_DET_KC_SPREAD_KC+1.5,MLB,,KC +1.5,SPREAD,,,,,,,,-115,,win,2026-07-24T04:10:53.574000+00:00,,,,2026-07-23
2026-07-23_ATL_SD_ML_ATL,MLB,,ATL,ML,,,,,,,,-129,,win,2026-07-23T22:33:39.814000+00:00,,,,2026-07-23
2026-07-23_ATL_SD_OU_UNDER11.5,MLB,,UNDER 11.5,OU,,,,,,,,-110,,win,2026-07-23T22:33:44.141000+00:00,,,,2026-07-23
2026-07-23_DET_KC_ML_DET,MLB,,DET,ML,,,,,,,,-202,,win,2026-07-24T04:05:32.970000+00:00,,,,2026-07-23
2026-07-23_DET_KC_OU_UNDER8.5,MLB,,UNDER 8.5,OU,,,,,,,,-110,,win,2026-07-24T04:05:32.967000+00:00,,,,2026-07-23
2026-07-23_TOR_TB_ML_TOR,MLB,,TOR,ML,,,,,,,,-105,,win,2026-07-23T22:33:57.240000+00:00,,,,2026-07-23
2026-07-23_TOR_TB_OU_UNDER8.5,MLB,,UNDER 8.5,OU,,,,,,,,-110,,win,2026-07-23T22:33:59.499000+00:00,,,,2026-07-23
2026-07-23_CLE_MIN_SPREAD_MIN+1.5,MLB,,MIN +1.5,SPREAD,,,,,,,,-115,,win,2026-07-23T22:33:47.675000+00:00,,,,2026-07-23
2026-07-23_CLE_MIN_OU_UNDER8.5,MLB,,UNDER 8.5,OU,,,,,,,,-110,,win,2026-07-23T22:33:52.723000+00:00,,,,2026-07-23
2026-07-21_COL_WSN_SPREAD_WSN+1.5,MLB,,WSN +1.5,SPREAD,,,,,,,,-115,,win,2026-07-22T05:22:16.863000+00:00,,,,2026-07-21
2026-07-21_HOU_MIA_ML_HOU,MLB,,HOU,ML,,,,,,,,-128,,win,2026-07-22T05:11:56.017000+00:00,,,,2026-07-21
2026-07-21_CLE_MIN_ML_CLE,MLB,,CLE,ML,,,,,,,,-110,,win,2026-07-22T05:02:34.999000+00:00,,,,2026-07-21
2026-07-21_CLE_MIN_OU_UNDER8.5,MLB,,UNDER 8.5,OU,,,,,,,,-110,,win,2026-07-22T05:02:35.001000+00:00,,,,2026-07-21
2026-07-21_COL_WSN_ML_COL,MLB,,COL,ML,,,,,,,,132,,win,2026-07-22T05:11:56.021000+00:00,,,,2026-07-21
2026-07-21_TEX_CWS_ML_TEX,MLB,,TEX,ML,,,,,,,,-138,,win,2026-07-22T05:11:56.005000+00:00,,,,2026-07-21
2026-07-21_PHI_LAD_OU_UNDER7.5,MLB,,UNDER 7.5,OU,,,,,,,,-110,,win,2026-07-22T05:02:34.996000+00:00,,,,2026-07-21
2026-07-21_KC_SF_ML_KC,MLB,,KC,ML,,,,,,,,-118,,win,2026-07-22T05:11:55.998000+00:00,,,,2026-07-21
2026-07-21_MIL_NYM_SPREAD_NYM+1.5,MLB,,NYM +1.5,SPREAD,,,,,,,,-115,,win,2026-07-22T05:24:15.252000+00:00,,,,2026-07-21
2026-07-21_CHC_DET_ML_CHC,MLB,,CHC,ML,,,,,,,,-144,,win,2026-07-22T05:11:56.009000+00:00,,,,2026-07-21
2026-07-21_ATL_SD_ML_ATL,MLB,,ATL,ML,,,,,,,,-129,,loss,2026-07-22T05:11:55.990000+00:00,,,,2026-07-21
2026-07-21_SEA_CIN_OU_UNDER8.5,MLB,,UNDER 8.5,OU,,,,,,,,-110,,win,2026-07-22T05:11:56.037000+00:00,,,,2026-07-21
2026-07-21_CHC_DET_OU_OVER9.5,MLB,,OVER 9.5,OU,,,,,,,,-110,,win,2026-07-22T05:11:56.013000+00:00,,,,2026-07-21
2026-07-21_TOR_TB_SPREAD_TB+1.5,MLB,,TB +1.5,SPREAD,,,,,,,,-115,,win,2026-07-22T05:23:46.464000+00:00,,,,2026-07-21
2026-07-21_COL_WSN_OU_OVER10.5,MLB,,OVER 10.5,OU,,,,,,,,-110,,win,2026-07-22T05:11:56.023000+00:00,,,,2026-07-21
2026-07-21_LAA_STL_OU_UNDER8.5,MLB,,UNDER 8.5,OU,,,,,,,,-110,,win,2026-07-22T05:11:56.029000+00:00,,,,2026-07-21
2026-07-21_MIL_NYM_OU_UNDER8.5,MLB,,UNDER 8.5,OU,,,,,,,,-110,,win,2026-07-22T05:24:21.780000+00:00,,,,2026-07-21
2026-07-21_CHC_DET_SPREAD_DET+1.5,MLB,,DET +1.5,SPREAD,,,,,,,,-115,,loss,2026-07-22T05:22:39.939000+00:00,,,,2026-07-21
2026-07-21_ATL_SD_OU_UNDER11.5,MLB,,UNDER 11.5,OU,,,,,,,,-110,,win,2026-07-22T05:11:55.993000+00:00,,,,2026-07-21
2026-07-21_SEA_CIN_ML_SEA,MLB,,SEA,ML,,,,,,,,-168,,loss,2026-07-22T05:11:56.034000+00:00,,,,2026-07-21
2026-07-21_SEA_CIN_SPREAD_CIN+1.5,MLB,,CIN +1.5,SPREAD,,,,,,,,-115,,win,2026-07-22T05:21:34.367000+00:00,,,,2026-07-21
2026-07-21_TEX_CWS_SPREAD_CWS+1.5,MLB,,CWS +1.5,SPREAD,,,,,,,,-115,,loss,2026-07-22T05:22:57.109000+00:00,,,,2026-07-21
2026-07-21_KC_SF_SPREAD_SF+1.5,MLB,,SF +1.5,SPREAD,,,,,,,,-115,,win,2026-07-22T05:24:42.508000+00:00,,,,2026-07-21
2026-07-21_PHI_LAD_ML_LAD,MLB,,LAD,ML,,,,,,,,115,,win,2026-07-22T05:02:34.993000+00:00,,,,2026-07-21
2026-07-21_LAA_STL_ML_LAA,MLB,,LAA,ML,,,,,,,,-136,,win,2026-07-22T05:11:56.027000+00:00,,,,2026-07-21
2026-07-21_KC_SF_OU_UNDER9.5,MLB,,UNDER 9.5,OU,,,,,,,,-110,,win,2026-07-22T05:11:56+00:00,,,,2026-07-21
2026-07-21_PHI_LAD_SPREAD_PHI+1.5,MLB,,PHI +1.5,SPREAD,,,,,,,,-115,,win,2026-07-22T05:23:35.954000+00:00,,,,2026-07-21
2026-07-20_HOU_MIA_OU_OVER8.5,MLB,,OVER 8.5,OU,,,,,,,,-110,,win,2026-07-21T05:05:22.923000+00:00,,,,2026-07-20
2026-07-20_TOR_LV_OU_OVER182.5,WNBA,,OVER 182.5,OU,,,,,,,,-110,,win,2026-07-21T05:18:51.279000+00:00,,,,2026-07-20
2026-07-20_KC_SF_OU_UNDER9.5,MLB,,UNDER 9.5,OU,,,,,,,,-110,,win,2026-07-21T05:05:22.904000+00:00,,,,2026-07-20
2026-07-20_CLE_MIN_ML_CLE,MLB,,CLE,ML,,,,,,,,-110,,win,2026-07-21T05:00:22.308000+00:00,,,,2026-07-20
2026-07-20_MIN_SEA_WNBA_MINML,WNBA,,MIN ML,ML,,,,,,,,-123,,win,2026-07-21T05:20:44.688000+00:00,,,,2026-07-20
2026-07-20_SEA_CIN_OU_UNDER8.5,MLB,,UNDER 8.5,OU,,,,,,,,-110,,win,2026-07-21T05:05:22.937000+00:00,,,,2026-07-20
2026-07-20_KC_SF_ML_KC,MLB,,KC,ML,,,,,,,,-118,,win,2026-07-21T05:05:22.902000+00:00,,,,2026-07-20
2026-07-20_PHI_LAD_OU_OVER7.5,MLB,,OVER 7.5,OU,,,,,,,,-110,,win,2026-07-21T05:00:22.313000+00:00,,,,2026-07-20
2026-07-20_TOR_TB_SPREAD_TB+1.5,MLB,,TB +1.5,SPREAD,,,,,,,,-115,,win,2026-07-21T05:17:54.616000+00:00,,,,2026-07-20
2026-07-20_DAL_NY_OU_OVER174.5,WNBA,,OVER 174.5,OU,,,,,,,,-110,,win,2026-07-21T05:19:16.777000+00:00,,,,2026-07-20
2026-07-20_MIL_NYM_ML_MIL,MLB,,MIL,ML,,,,,,,,-105,,win,2026-07-21T05:05:22.897000+00:00,,,,2026-07-20
2026-07-20_SEA_MIN_SPREAD_MIN-1.6,WNBA,,MIN -1.6,SPREAD,,,,,,,,-115,,win,2026-07-21T05:20:53.534000+00:00,,,,2026-07-20
2026-07-20_NYY_PIT_ML_NYY,MLB,,NYY,ML,,,,,,,,-139,,win,2026-07-21T05:00:22.316000+00:00,,,,2026-07-20
2026-07-20_NY_DAL_WNBA_NYML,WNBA,,NY ML,ML,,,,,,,,-107,,win,2026-07-21T05:19:23.329000+00:00,,,,2026-07-20
2026-07-20_KC_SF_SPREAD_SF+1.5,MLB,,SF +1.5,SPREAD,,,,,,,,-115,,win,2026-07-21T05:17:14.190000+00:00,,,,2026-07-20
2026-07-20_TEX_CWS_SPREAD_CWS+1.5,MLB,,CWS +1.5,SPREAD,,,,,,,,-115,,win,2026-07-21T05:16:52.774000+00:00,,,,2026-07-20
2026-07-20_TOR_TB_OU_OVER8.5,MLB,,OVER 8.5,OU,,,,,,,,-110,,loss,2026-07-21T05:00:22.322000+00:00,,,,2026-07-20
2026-07-20_COL_WSN_ML_WSN,MLB,,WSN,ML,,,,,,,,-159,,win,2026-07-21T05:05:22.927000+00:00,,,,2026-07-20
2026-07-20_COL_WSN_OU_OVER10.5,MLB,,OVER 10.5,OU,,,,,,,,-110,,loss,2026-07-21T05:05:22.929000+00:00,,,,2026-07-20
2026-07-20_BOS_BAL_ML_BOS,MLB,,BOS,ML,,,,,,,,-150,,win,2026-07-21T05:00:22.326000+00:00,,,,2026-07-20
2026-07-20_PHI_LAD_SPREAD_PHI+1.5,MLB,,PHI +1.5,SPREAD,,,,,,,,-115,,win,2026-07-21T05:18:20.935000+00:00,,,,2026-07-20
2026-07-20_TOR_LV_SPREAD_TOR+1.5,WNBA,,TOR +1.5,SPREAD,,,,,,,,-115,,loss,2026-07-21T05:18:39.525000+00:00,,,,2026-07-20
2026-07-20_TEX_CWS_OU_UNDER9.5,MLB,,UNDER 9.5,OU,,,,,,,,-110,,loss,2026-07-21T05:05:22.912000+00:00,,,,2026-07-20
2026-07-20_CHC_DET_OU_OVER9.5,MLB,,OVER 9.5,OU,,,,,,,,-110,,win,2026-07-21T05:05:22.916000+00:00,,,,2026-07-20
2026-07-20_DAL_NY_SPREAD_DAL+3.5,WNBA,,DAL +3.5,SPREAD,,,,,,,,-115,,win,2026-07-21T05:19:10.376000+00:00,,,,2026-07-20
2026-07-20_GS_WSH_OU_OVER146.5,WNBA,,OVER 146.5,OU,,,,,,,,-110,,win,2026-07-21T05:20:22.700000+00:00,,,,2026-07-20
2026-07-20_NYY_PIT_OU_OVER8.5,MLB,,OVER 8.5,OU,,,,,,,,-110,,win,2026-07-21T05:00:22.319000+00:00,,,,2026-07-20
2026-07-20_SEA_CIN_ML_SEA,MLB,,SEA,ML,,,,,,,,-168,,win,2026-07-21T05:05:22.935000+00:00,,,,2026-07-20
2026-07-20_LAA_STL_SPREAD_STL+1.5,MLB,,STL +1.5,SPREAD,,,,,,,,-115,,win,2026-07-21T05:16:18.026000+00:00,,,,2026-07-20
2026-07-20_SEA_MIN_OU_OVER174.5,WNBA,,OVER 174.5,OU,,,,,,,,-110,,win,2026-07-21T05:21:13.309000+00:00,,,,2026-07-20
2026-07-20_LAA_STL_OU_UNDER8.5,MLB,,UNDER 8.5,OU,,,,,,,,-110,,win,2026-07-21T05:05:22.943000+00:00,,,,2026-07-20
2026-07-20_CHC_DET_SPREAD_DET+1.5,MLB,,DET +1.5,SPREAD,,,,,,,,-115,,win,2026-07-21T05:16:46.941000+00:00,,,,2026-07-20
2026-07-20_BOS_BAL_OU_OVER9.5,MLB,,OVER 9.5,OU,,,,,,,,-110,,win,2026-07-21T05:00:22.329000+00:00,,,,2026-07-20
2026-07-20_LAA_STL_ML_LAA,MLB,,LAA,ML,,,,,,,,-136,,win,2026-07-21T05:05:22.941000+00:00,,,,2026-07-20
2026-07-20_ATL_SD_OU_UNDER11.5,MLB,,UNDER 11.5,OU,,,,,,,,-110,,win,2026-07-21T05:05:22.892000+00:00,,,,2026-07-20
2026-07-20_COL_WSN_SPREAD_WSN-1.5,MLB,,WSN -1.5,SPREAD,,,,,,,,-115,,win,2026-07-21T05:16:39.199000+00:00,,,,2026-07-20
2026-07-20_BOS_BAL_SPREAD_BAL+1.5,MLB,,BAL +1.5,SPREAD,,,,,,,,-115,,win,2026-07-21T05:17:47.513000+00:00,,,,2026-07-20
2026-07-20_HOU_MIA_ML_HOU,MLB,,HOU,ML,,,,,,,,-128,,win,2026-07-21T05:05:22.920000+00:00,,,,2026-07-20
2026-07-20_GS_WSH_SPREAD_WSH+1.5,WNBA,,WSH +1.5,SPREAD,,,,,,,,-115,,win,2026-07-21T05:19:28.764000+00:00,,,,2026-07-20
2026-07-19_MIL_MIA_ML_MIL,MLB,,MIL,ML,,,,,,,,-168,,win,2026-07-19T23:35:06.108000+00:00,,,,2026-07-19
2026-07-19_TOR_CWS_SPREAD_CWS+1.5,MLB,,CWS +1.5,SPREAD,,,,,,,,-115,,win,2026-07-20T07:05:50.488000+00:00,,,,2026-07-19
2026-07-19_PHI_NYM_SPREAD_NYM+1.5,MLB,,NYM +1.5,SPREAD,,,,,,,,-115,,win,2026-07-20T07:06:05.281000+00:00,,,,2026-07-19
2026-07-19_BOS_TB_SPREAD_TB+1.5,MLB,,TB +1.5,SPREAD,,,,,,,,-115,,loss,2026-07-20T07:06:10.227000+00:00,,,,2026-07-19
2026-07-19_CHC_MIN_ML_CHC,MLB,,CHC,ML,,,,,,,,-129,,win,2026-07-19T23:35:06.117000+00:00,,,,2026-07-19
2026-07-19_BOS_TB_ML_BOS,MLB,,BOS,ML,,,,,,,,-150,,win,2026-07-19T23:35:06.074000+00:00,,,,2026-07-19
2026-07-19_PHI_NYM_OU_UNDER8.5,MLB,,UNDER 8.5,OU,,,,,,,,-110,,win,2026-07-19T23:35:06.062000+00:00,,,,2026-07-19
2026-07-19_HOU_BAL_SPREAD_BAL+1.5,MLB,,BAL +1.5,SPREAD,,,,,,,,-115,,win,2026-07-20T07:06:28.622000+00:00,,,,2026-07-19
2026-07-19_ESP_ARG_SOC_Spain,SOC,,Spain,ML,,,,,,,,+167,,win,2026-07-20T07:07:22.050000+00:00,,,,2026-07-19
2026-07-19_HOU_BAL_ML_HOU,MLB,,HOU,ML,,,,,,,,-128,,loss,2026-07-19T23:35:06.098000+00:00,,,,2026-07-19
2026-07-19_CHC_MIN_OU_UNDER11.5,MLB,,UNDER 11.5,OU,,,,,,,,-110,,win,2026-07-19T23:35:06.121000+00:00,,,,2026-07-19
2026-07-19_NYY_LAD_SPREAD_LAD+1.5,MLB,,LAD +1.5,SPREAD,,,,,,,,-115,,win,2026-07-20T07:06:00.611000+00:00,,,,2026-07-19
2026-07-19_CLE_PIT_SPREAD_PIT+1.5,MLB,,PIT +1.5,SPREAD,,,,,,,,-115,,win,2026-07-20T07:06:22.155000+00:00,,,,2026-07-19
2026-07-19_ATL_TEX_SPREAD_ATL-1.5,MLB,,ATL -1.5,SPREAD,,,,,,,,-115,,win,2026-07-20T07:06:17.959000+00:00,,,,2026-07-19
2026-07-19_KC_SD_OU_UNDER11.5,MLB,,UNDER 11.5,OU,,,,,,,,-110,,loss,2026-07-19T23:35:06.113000+00:00,,,,2026-07-19
2026-07-19_COL_CIN_ML_COL,MLB,,COL,ML,,,,,,,,-168,,loss,2026-07-19T23:35:43.144000+00:00,,,,2026-07-19
2026-07-19_BOS_TB_OU_UNDER10.5,MLB,,UNDER 10.5,OU,,,,,,,,-110,,win,2026-07-19T23:35:06.077000+00:00,,,,2026-07-19
2026-07-19_MIL_MIA_SPREAD_MIA+1.5,MLB,,MIA +1.5,SPREAD,,,,,,,,-115,,win,2026-07-20T07:06:44.203000+00:00,,,,2026-07-19
2026-07-19_ESP_ARG_SOC_UNDER2.5,SOC,,UNDER 2.5,ML,,,,,,,,-110,,win,2026-07-20T07:05:26.135000+00:00,,,,2026-07-19
2026-07-19_KC_SD_SPREAD_SD+1.5,MLB,,SD +1.5,SPREAD,,,,,,,,-115,,win,2026-07-20T07:06:51.069000+00:00,,,,2026-07-19
2026-07-19_NYY_LAD_OU_UNDER9.5,MLB,,UNDER 9.5,OU,,,,,,,,-110,,loss,2026-07-19T23:35:43.127000+00:00,,,,2026-07-19
2026-07-19_ATL_TEX_ML_ATL,MLB,,ATL,ML,,,,,,,,-110,,win,2026-07-19T23:35:06.082000+00:00,,,,2026-07-19
2026-07-19_TOR_CWS_OU_UNDER8.5,MLB,,UNDER 8.5,OU,,,,,,,,-110,,win,2026-07-20T07:05:55.578000+00:00,,,,2026-07-19
2026-07-19_NYY_LAD_ML_NYY,MLB,,NYY,ML,,,,,,,,-144,,loss,2026-07-19T23:35:43.121000+00:00,,,,2026-07-19
2026-07-19_PHI_NYM_ML_PHI,MLB,,PHI,ML,,,,,,,,-139,,loss,2026-07-19T23:35:06.069000+00:00,,,,2026-07-19
2026-07-18_CLE_PIT_SPREAD_PIT+1.5,MLB,,PIT +1.5,SPREAD,,,,,,,,-115,,loss,2026-07-19T17:36:37.228000+00:00,,,,2026-07-18
a8,MLB,,,ML,,,,,,,,,,win,,,,,2026-07-18
2026-07-18_KC_SD_OU_UNDER10.5,MLB,,UNDER 10.5,OU,,,,,,,,-110,,win,2026-07-19T00:21:03.606000+00:00,,,,2026-07-18
2026-07-18_BOS_TB_ML_BOS,MLB,,BOS,ML,,,,,,,,-150,,win,2026-07-19T00:17:45.204000+00:00,,,,2026-07-18
2026-07-18_PHI_NYM_ML_PHI,MLB,,PHI,ML,,,,,,,,-139,,win,2026-07-19T00:12:02.687000+00:00,,,,2026-07-18
2026-07-18_CHC_MIN_ML_CHC,MLB,,CHC,ML,,,,,,,,-129,,win,2026-07-19T00:06:31.335000+00:00,,,,2026-07-18
2026-07-18_MIL_MIA_ML_MIL,MLB,,MIL,ML,,,,,,,,-168,,win,2026-07-19T00:18:21.476000+00:00,,,,2026-07-18
2026-07-18_PHI_NYM_OU_UNDER8.5,MLB,,UNDER 8.5,OU,,,,,,,,-110,,win,2026-07-19T00:12:02.689000+00:00,,,,2026-07-18
2026-07-18_BOS_TB_OU_UNDER9.5,MLB,,UNDER 9.5,OU,,,,,,,,-110,,loss,2026-07-19T00:17:57.410000+00:00,,,,2026-07-18
2026-07-18_SEA_SF_OU_OVER6.5,MLB,,OVER 6.5,OU,,,,,,,,-110,,win,2026-07-19T17:36:17.392000+00:00,,,,2026-07-18
2026-07-18_TOR_CWS_SPREAD_TOR+1.5,MLB,,TOR +1.5,SPREAD,,,,,,,,-115,,win,2026-07-19T00:17:33.590000+00:00,,,,2026-07-18
2026-07-18_OAK_WSN_SPREAD_WSN+1.5,MLB,,WSN +1.5,SPREAD,,,,,,,,-115,,loss,2026-07-19T17:36:26.774000+00:00,,,,2026-07-18
2026-07-18_HOU_BAL_SPREAD_BAL+1.5,MLB,,BAL +1.5,SPREAD,,,,,,,,-115,,win,2026-07-19T00:18:14.194000+00:00,,,,2026-07-18
2026-07-18_CHC_MIN_OU_UNDER11.5,MLB,,UNDER 11.5,OU,,,,,,,,-110,,win,2026-07-19T00:06:31.347000+00:00,,,,2026-07-18
2026-07-18_COL_CIN_ML_COL,MLB,,COL,ML,,,,,,,,-168,,win,2026-07-19T00:11:31.599000+00:00,,,,2026-07-18
2026-07-18_ATL_TEX_OU_OVER8.5,MLB,,OVER 8.5,OU,,,,,,,,-110,,win,2026-07-19T00:18:09.339000+00:00,,,,2026-07-18
2026-07-18_KC_SD_ML_KC,MLB,,KC,ML,,,,,,,,-129,,win,2026-07-19T00:18:26.300000+00:00,,,,2026-07-18
2026-07-18_SEA_SF_SPREAD_SF+1.5,MLB,,SF +1.5,SPREAD,,,,,,,,-115,,win,2026-07-19T17:36:09.330000+00:00,,,,2026-07-18
2026-07-18_BOS_TB_SPREAD_TB+1.5,MLB,,TB +1.5,SPREAD,,,,,,,,-115,,win,2026-07-19T00:17:53.866000+00:00,,,,2026-07-18
2026-07-18_TOR_CWS_OU_UNDER8.5,MLB,,UNDER 8.5,OU,,,,,,,,-110,,win,2026-07-19T00:07:01.419000+00:00,,,,2026-07-18
2026-07-18_CLE_PIT_OU_OVER7.5,MLB,,OVER 7.5,OU,,,,,,,,-110,,win,2026-07-19T00:07:01.415000+00:00,,,,2026-07-18
2026-07-18_COL_CIN_OU_OVER8.5,MLB,,OVER 8.5,OU,,,,,,,,-110,,win,2026-07-19T00:11:31.602000+00:00,,,,2026-07-18
2026-07-18_ATL_TEX_SPREAD_ATL-1.5,MLB,,ATL -1.5,SPREAD,,,,,,,,-115,,loss,2026-07-19T00:18:05.862000+00:00,,,,2026-07-18
2026-07-18_FRA_ENG_SOC_OVER2.5,SOC,,OVER 2.5,ML,,,,,,,,-110,,win,2026-07-19T00:16:52.279000+00:00,,,,2026-07-18
2026-07-17_TOR_ATL_OU_OVER165.5,WNBA,,OVER 165.5,OU,,,,,,,,-110,,win,2026-07-18T01:49:40.825000+00:00,,,,2026-07-17
2026-07-17_IND_SEA_OU_OVER168.5,WNBA,,OVER 168.5,OU,,,,,,,,-110,,win,2026-07-18T01:49:19.180000+00:00,,,,2026-07-17
2026-07-17_PHX_CON_SPREAD_CON+5.5,WNBA,,CON +5.5,SPREAD,,,,,,,,-115,,win,2026-07-19T00:17:11.362000+00:00,,,,2026-07-17
2026-07-17_PHX_CON_OU_OVER163.5,WNBA,,OVER 163.5,OU,,,,,,,,-110,,win,2026-07-19T00:17:18.657000+00:00,,,,2026-07-17
2026-07-17_IND_SEA_SPREAD_SEA+5.5,WNBA,,SEA +5.5,SPREAD,,,,,,,,-115,,win,2026-07-18T01:49:12.762000+00:00,,,,2026-07-17
2026-07-17_CHI_LA_SPREAD_CHI+6.5,WNBA,,CHI +6.5,SPREAD,,,,,,,,-115,,win,2026-07-18T01:50:02.376000+00:00,,,,2026-07-17
2026-07-17_CHI_LA_OU_OVER165.5,WNBA,,OVER 165.5,OU,,,,,,,,-110,,win,2026-07-18T01:50:08.623000+00:00,,,,2026-07-17
2026-07-17_IND_SEA_WNBA_INDML,WNBA,,IND ML,ML,,,,,,,,-235,,win,2026-07-18T01:49:31.997000+00:00,,,,2026-07-17
2026-07-17_ATL_TOR_WNBA_ATLML,WNBA,,ATL ML,ML,,,,,,,,-260,,win,2026-07-18T01:49:45.974000+00:00,,,,2026-07-17
2026-07-15_CHI_SEA_SPREAD_SEA+5.5,WNBA,,SEA +5.5,SPREAD,,,,,,,,-115,,win,2026-07-15T20:30:58.822000+00:00,,,,2026-07-15
2026-07-15_MIN_LA_SPREAD_MIN-6.5,WNBA,,MIN -6.5,SPREAD,,,,,,,,-115,,win,2026-07-15T20:31:35.113000+00:00,,,,2026-07-15
2026-07-15_ENG_ARG_SOC_UNDER2.5,SOC,,UNDER 2.5,ML,,,,,,,,-110,,loss,2026-07-15T21:50:12.788000+00:00,,,,2026-07-15
2026-07-15_MIN_LA_WNBA_MINML,WNBA,,MIN ML,ML,,,,,,,,206,,win,2026-07-15T20:31:29.529000+00:00,,,,2026-07-15
2026-07-15_ENG_ARG_SOC_AHArgentina0.5,SOC,,AH Argentina 0.5,ML,,,,,,,,-110,,win,2026-07-15T21:50:06.747000+00:00,,,,2026-07-15
2026-07-15_MIN_LA_OU_OVER165.5,WNBA,,OVER 165.5,OU,,,,,,,,-110,,win,2026-07-15T20:31:41.651000+00:00,,,,2026-07-15
2026-07-15_IND_GS_OU_OVER165.5,WNBA,,OVER 165.5,OU,,,,,,,,-110,,loss,2026-07-16T19:39:33.864000+00:00,,,,2026-07-15
2026-07-15_CHI_SEA_OU_OVER168.5,WNBA,,OVER 168.5,OU,,,,,,,,-110,,win,2026-07-15T20:31:22.367000+00:00,,,,2026-07-15
2026-07-14_CON_POR_OU_OVER170.8,WNBA,,OVER 170.8,OU,,,,,,,,-110,,win,2026-07-15T02:35:23.788000+00:00,,,,2026-07-14
2026-07-14_ESP_FRA_SOC_Spain,SOC,,Spain,ML,,,,,,,,+160,,win,2026-07-15T02:34:34.313000+00:00,,,,2026-07-14
2026-07-14_ESP_FRA_SOC_UNDER2.5,SOC,,UNDER 2.5,ML,,,,,,,,-110,,win,2026-07-14T21:03:38.968000+00:00,,,,2026-07-14
2026-07-14_ENG_ARG_SOC_AHArgentina0.5,SOC,,AH Argentina 0.5,ML,,,,,,,,-110,,win,2026-07-26T17:57:31.585000+00:00,,,,2026-07-14
2026-07-14_CON_POR_SPREAD_CON+8.5,WNBA,,CON +8.5,SPREAD,,,,,,,,-115,,win,2026-07-15T02:35:19.396000+00:00,,,,2026-07-14
2026-07-13_MIN_PHX_SPREAD_PHX+3.5,WNBA,,PHX +3.5,SPREAD,,,,,,,,-115,,loss,2026-07-14T05:04:07.787000+00:00,,,,2026-07-13
2026-07-13_MIN_PHX_WNBA_MINML,WNBA,,MIN ML,ML,,,,,,,,-405,,win,2026-07-14T05:04:15.278000+00:00,,,,2026-07-13
2026-07-13_MIN_PHX_OU_OVER169.5,WNBA,,OVER 169.5,OU,,,,,,,,-110,,win,2026-07-14T05:05:43.749000+00:00,,,,2026-07-13
2026-07-13_ATL_LA_SPREAD_ATL-6.5,WNBA,,ATL -6.5,SPREAD,,,,,,,,-115,,win,2026-07-14T05:03:43.947000+00:00,,,,2026-07-13
2026-07-13_ATL_LA_OU_OVER180.5,WNBA,,OVER 180.5,OU,,,,,,,,-110,,win,2026-07-14T05:05:29.023000+00:00,,,,2026-07-13
2026-07-13_ATL_LA_WNBA_ATLML,WNBA,,ATL ML,ML,,,,,,,,206,,win,2026-07-14T05:04:18.357000+00:00,,,,2026-07-13
2026-07-12_SD_TOR_ML_SD,MLB,,SD,ML,,,,,,,,-143,,win,2026-07-12T23:34:12.721000+00:00,,,,2026-07-12
2026-07-12_LAD_ARI_OU_OVER7.5,MLB,,OVER 7.5,OU,,,,,,,,-110,,win,2026-07-12T23:34:17.853000+00:00,,,,2026-07-12
2026-07-12_SF_COL_OU_UNDER11.0,MLB,,UNDER 11.0,OU,,,,,,,,-110,,win,2026-07-12T23:34:24.097000+00:00,,,,2026-07-12
2026-07-12_SF_COL_ML_SF,MLB,,SF,ML,,,,,,,,-102,,win,2026-07-12T23:34:28.056000+00:00,,,,2026-07-12
2026-07-12_NYM_BOS_OU_UNDER8.5,MLB,,UNDER 8.5,OU,,,,,,,,-110,,win,2026-07-12T23:31:35.197000+00:00,,,,2026-07-12
2026-07-12_BAL_KC_OU_UNDER10.5,MLB,,UNDER 10.5,OU,,,,,,,,-110,,win,2026-07-12T23:11:32.139000+00:00,,,,2026-07-12
2026-07-12_WSN_NYY_OU_OVER7.5,MLB,,OVER 7.5,OU,,,,,,,,-110,,win,2026-07-12T23:31:35.193000+00:00,,,,2026-07-12
2026-07-12_DET_PHI_OU_UNDER8.5,MLB,,UNDER 8.5,OU,,,,,,,,-110,,win,2026-07-12T23:31:35.208000+00:00,,,,2026-07-12
2026-07-12_WSH_SEA_SPREAD_SEA+5.5,WNBA,,SEA +5.5,SPREAD,,,,,,,,-115,,win,2026-07-12T23:28:29.963000+00:00,,,,2026-07-12
2026-07-12_TB_SEA_SPREAD_SEA+1.5,MLB,,SEA +1.5,SPREAD,,,,,,,,-115,,win,2026-07-12T23:35:11.768000+00:00,,,,2026-07-12
2026-07-12_TB_SEA_OU_UNDER9.5,MLB,,UNDER 9.5,OU,,,,,,,,-110,,loss,2026-07-12T23:31:35.212000+00:00,,,,2026-07-12
2026-07-12_BAL_KC_ML_BAL,MLB,,BAL,ML,,,,,,,,-138,,win,2026-07-12T23:11:32.123000+00:00,,,,2026-07-12
2026-07-12_WSH_SEA_OU_OVER162.5,WNBA,,OVER 162.5,OU,,,,,,,,-110,,win,2026-07-12T23:28:11.282000+00:00,,,,2026-07-12
2026-07-12_TOR_NY_SPREAD_TOR+1.5,WNBA,,TOR +1.5,SPREAD,,,,,,,,-115,,win,2026-07-12T23:28:41.696000+00:00,,,,2026-07-12
2026-07-12_NY_TOR_WNBA_NYML,WNBA,,NY ML,ML,,,,,,,,-386,,loss,2026-07-12T23:28:36.183000+00:00,,,,2026-07-12
2026-07-12_MIA_CLE_SPREAD_CLE+1.5,MLB,,CLE +1.5,SPREAD,,,,,,,,-115,,win,2026-07-12T23:35:20.710000+00:00,,,,2026-07-12
2026-07-12_TEX_HOU_OU_OVER8.5,MLB,,OVER 8.5,OU,,,,,,,,-110,,win,2026-07-12T23:34:43.582000+00:00,,,,2026-07-12
2026-07-12_LV_IND_OU_OVER180.5,WNBA,,OVER 180.5,OU,,,,,,,,-110,,win,2026-07-15T20:30:42.909000+00:00,,,,2026-07-12
2026-07-12_STL_ATL_OU_UNDER8.5,MLB,,UNDER 8.5,OU,,,,,,,,-110,,win,2026-07-12T23:34:50.049000+00:00,,,,2026-07-12
2026-07-12_SD_TOR_OU_UNDER9.5,MLB,,UNDER 9.5,OU,,,,,,,,-110,,win,2026-07-12T23:34:05.380000+00:00,,,,2026-07-12
2026-07-12_PIT_MIL_ML_PIT,MLB,,PIT,ML,,,,,,,,-141,,win,2026-07-12T19:22:24.840000+00:00,,,,2026-07-12
2026-07-12_PIT_MIL_OU_OVER8.5,MLB,,OVER 8.5,OU,,,,,,,,-110,,win,2026-07-12T19:22:24.864000+00:00,,,,2026-07-12
2026-07-12_TOR_NY_OU_OVER178.5,WNBA,,OVER 178.5,OU,,,,,,,,-110,,win,2026-07-12T23:28:54.892000+00:00,,,,2026-07-12
2026-07-12_CWS_OAK_SPREAD_CWS+1.5,MLB,,CWS +1.5,SPREAD,,,,,,,,-115,,win,2026-07-12T23:35:00.583000+00:00,,,,2026-07-12
2026-07-12_WSN_NYY_SPREAD_NYY+1.5,MLB,,NYY +1.5,SPREAD,,,,,,,,-115,,win,2026-07-12T23:35:44.395000+00:00,,,,2026-07-12
2026-07-12_DAL_CHI_WNBA_DALML,WNBA,,DAL ML,ML,,,,,,,,-550,,win,2026-07-15T20:30:15.617000+00:00,,,,2026-07-12
2026-07-12_NYM_BOS_SPREAD_BOS+1.5,MLB,,BOS +1.5,SPREAD,,,,,,,,-115,,win,2026-07-12T23:35:36.846000+00:00,,,,2026-07-12
2026-07-12_CIN_CHC_SPREAD_CIN+1.5,MLB,,CIN +1.5,SPREAD,,,,,,,,-115,,loss,2026-07-12T23:35:31.232000+00:00,,,,2026-07-12
2026-07-12_DAL_CHI_OU_OVER177.5,WNBA,,OVER 177.5,OU,,,,,,,,-110,,win,2026-07-15T20:30:31.031000+00:00,,,,2026-07-12
2026-07-12_STL_ATL_SPREAD_ATL+1.5,MLB,,ATL +1.5,SPREAD,,,,,,,,-115,,win,2026-07-12T23:34:55.202000+00:00,,,,2026-07-12
2026-07-12_DAL_CHI_SPREAD_CHI+10.5,WNBA,,CHI +10.5,SPREAD,,,,,,,,-115,,win,2026-07-15T20:29:57.505000+00:00,,,,2026-07-12
2026-07-12_J.Sinner_A.Zverev_TEN_J.Sinner,ATP,,J.Sinner,ML,,,,,,,,-165,,win,2026-07-12T23:25:50.625000+00:00,,,,2026-07-12
2026-07-12_SD_TOR_SPREAD_TOR+1.5,MLB,,TOR +1.5,SPREAD,,,,,,,,-115,,win,2026-07-12T23:34:09.382000+00:00,,,,2026-07-12
2026-07-12_BAL_KC_SPREAD_KC+1.5,MLB,,KC +1.5,SPREAD,,,,,,,,-115,,loss,2026-07-12T23:26:27.424000+00:00,,,,2026-07-12
2026-07-12_DET_PHI_SPREAD_PHI+1.5,MLB,,PHI +1.5,SPREAD,,,,,,,,-115,,win,2026-07-12T23:35:16.495000+00:00,,,,2026-07-12
2026-07-12_MIA_CLE_OU_UNDER8.5,MLB,,UNDER 8.5,OU,,,,,,,,-110,,win,2026-07-12T23:31:35.203000+00:00,,,,2026-07-12
2026-07-12_J.Sinner_A.Zverev_TEN_UNDER46.5GAMES,ATP,,UNDER 46.5 GAMES,ML,,,,,,,,-110,,win,2026-07-12T23:27:11.273000+00:00,,,,2026-07-12
2026-07-12_LV_IND_SPREAD_IND+10.5,WNBA,,IND +10.5,SPREAD,,,,,,,,-115,,win,2026-07-15T20:30:37.980000+00:00,,,,2026-07-12
2026-07-11_ARG_SUI_SOC_AHArgentina-0.5,SOC,,AH Argentina -0.5,ML,,,,,,,,-110,,win,2026-07-12T17:02:55.233000+00:00,,,,2026-07-11
b1,NHL,,,OU,,,,,,,,,,loss,,,,,2026-07-11
a1,MLB,,,ML,,,,,,,,,,win,,,,,2026-07-11
2026-07-10_DET_PHI_OU_OVER8.5,MLB,,OVER 8.5,OU,,,,,,,,-110,,win,2026-07-11T01:47:28.088000+00:00,,,,2026-07-10
2026-07-10_TOR_DAL_SPREAD_DAL-8.5,WNBA,,DAL -8.5,SPREAD,,,,,,,,-115,,win,2026-07-11T01:43:30.709000+00:00,,,,2026-07-10
2026-07-10_MIN_LAA_SPREAD_MIN-1.5,MLB,,MIN -1.5,SPREAD,,,,,,,,-115,,loss,2026-07-11T20:42:13.992000+00:00,,,,2026-07-10
2026-07-10_LAD_ARI_SPREAD_ARI+1.5,MLB,,ARI +1.5,SPREAD,,,,,,,,-115,,win,2026-07-11T20:42:50.211000+00:00,,,,2026-07-10
2026-07-10_J.Sinner_N.Djokovic_TEN_J.Sinner,ATP,,J.Sinner,ML,,,,,,,,-402,,win,2026-07-11T01:42:59.642000+00:00,,,,2026-07-10
2026-07-10_J.Sinner_N.Djokovic_TEN_UNDER47.5GAMES,ATP,,UNDER 47.5 GAMES,ML,,,,,,,,-110,,win,2026-07-11T01:43:03.114000+00:00,,,,2026-07-10
2026-07-10_BAL_KC_ML_BAL,MLB,,BAL,ML,,,,,,,,-138,,win,2026-07-11T01:47:28.093000+00:00,,,,2026-07-10
2026-07-10_CIN_CHC_OU_UNDER9.5,MLB,,UNDER 9.5,OU,,,,,,,,-110,,win,2026-07-11T01:52:23.654000+00:00,,,,2026-07-10
2026-07-10_GS_CON_WNBA_GSML,WNBA,,GS ML,ML,,,,,,,,-384,,win,2026-07-11T01:43:21.844000+00:00,,,,2026-07-10
2026-07-10_MIA_CLE_OU_UNDER8.5,MLB,,UNDER 8.5,OU,,,,,,,,-110,,win,2026-07-11T01:47:28.099000+00:00,,,,2026-07-10
2026-07-10_NYM_BOS_OU_UNDER8.5,MLB,,UNDER 8.5,OU,,,,,,,,-110,,win,2026-07-11T20:42:29.979000+00:00,,,,2026-07-10
2026-07-10_NYM_BOS_SPREAD_BOS+1.5,MLB,,BOS +1.5,SPREAD,,,,,,,,-115,,win,2026-07-11T20:42:26.487000+00:00,,,,2026-07-10
2026-07-10_BAL_KC_SPREAD_KC+1.5,MLB,,KC +1.5,SPREAD,,,,,,,,-115,,loss,2026-07-11T01:54:05.214000+00:00,,,,2026-07-10
2026-07-10_CWS_OAK_ML_CWS,MLB,,CWS,ML,,,,,,,,140,,win,2026-07-11T01:55:23.152000+00:00,,,,2026-07-10
2026-07-10_TOR_DAL_OU_OVER170.8,WNBA,,OVER 170.8,OU,,,,,,,,-110,,win,2026-07-11T01:43:27.331000+00:00,,,,2026-07-10
2026-07-10_CWS_OAK_OU_OVER9.5,MLB,,OVER 9.5,OU,,,,,,,,-110,,win,2026-07-11T01:58:44.828000+00:00,,,,2026-07-10
2026-07-10_SD_TOR_SPREAD_SD-1.5,MLB,,SD -1.5,SPREAD,,,,,,,,-115,,loss,2026-07-11T20:42:35.353000+00:00,,,,2026-07-10
2026-07-10_LAD_ARI_ML_LAD,MLB,,LAD,ML,,,,,,,,-139,,win,2026-07-11T20:42:56.173000+00:00,,,,2026-07-10
2026-07-10_ESP_BEL_SOC_AHSpain-1,SOC,,AH Spain -1,ML,,,,,,,,-110,,win,2026-07-11T01:43:09.625000+00:00,,,,2026-07-10
2026-07-10_J.Sinner_N.Djokovic_TEN_UNDER3.5SETS,ATP,,UNDER 3.5 SETS,ML,,,,,,,,-110,,win,2026-07-11T01:43:06.335000+00:00,,,,2026-07-10
b0,NHL,,,OU,,,,,,,,,,win,,,,,2026-07-10
2026-07-10_TB_SEA_OU_UNDER9.5,MLB,,UNDER 9.5,OU,,,,,,,,-110,,win,2026-07-11T01:47:28.102000+00:00,,,,2026-07-10
2026-07-10_BAL_KC_OU_UNDER9.5,MLB,,UNDER 9.5,OU,,,,,,,,-110,,win,2026-07-11T01:47:28.095000+00:00,,,,2026-07-10
2026-07-10_TEX_HOU_OU_UNDER8.5,MLB,,UNDER 8.5,OU,,,,,,,,-110,,loss,2026-07-11T02:42:57.766000+00:00,,,,2026-07-10
2026-07-10_MIA_CLE_SPREAD_MIA+1.5,MLB,,MIA +1.5,SPREAD,,,,,,,,-115,,win,2026-07-11T01:54:11.644000+00:00,,,,2026-07-10
2026-07-09_CWS_BOS_ML_CWS,MLB,,CWS,ML,,,,,,,,-114,,loss,2026-07-09T20:58:09.250000+00:00,,,,2026-07-09
2026-07-09_MIN_CLE_SPREAD_CLE+1.5,MLB,,CLE +1.5,SPREAD,,,,,,,,-115,,win,2026-07-09T20:12:12.759000+00:00,,,,2026-07-09
2026-07-09_FRA_MAR_SOC_UNDER2.5,SOC,,UNDER 2.5,ML,,,,,,,,-110,,win,2026-07-11T00:49:01.190000+00:00,,,,2026-07-09
2026-07-09_FRA_MAR_SOC_AHFrance-1,SOC,,AH France -1,ML,,,,,,,,-110,,win,2026-07-11T00:48:56.183000+00:00,,,,2026-07-09
2026-07-09_TB_NYY_SPREAD_TB+1.5,MLB,,TB +1.5,SPREAD,,,,,,,,-115,,loss,2026-07-09T20:11:47.597000+00:00,,,,2026-07-09
2026-07-09_NYM_KC_SPREAD_KC+1.5,MLB,,KC +1.5,SPREAD,,,,,,,,-115,,loss,2026-07-09T20:11:51.213000+00:00,,,,2026-07-09
2026-07-09_BAL_CHC_ML_BAL,MLB,,BAL,ML,,,,,,,,-138,,win,2026-07-09T20:12:55.057000+00:00,,,,2026-07-09
2026-07-09_STL_MIL_SPREAD_STL+1.5,MLB,,STL +1.5,SPREAD,,,,,,,,-115,,loss,2026-07-11T00:50:07.447000+00:00,,,,2026-07-09
2026-07-09_NYM_KC_OU_UNDER8.5,MLB,,UNDER 8.5,OU,,,,,,,,-110,,loss,2026-07-09T20:04:02.960000+00:00,,,,2026-07-09
2026-07-09_PIT_ATL_SPREAD_ATL+1.5,MLB,,ATL +1.5,SPREAD,,,,,,,,-115,,win,2026-07-09T20:11:37.233000+00:00,,,,2026-07-09
2026-07-09_CWS_BOS_OU_UNDER8.5,MLB,,UNDER 8.5,OU,,,,,,,,-110,,win,2026-07-09T20:58:09.254000+00:00,,,,2026-07-09
2026-07-09_CWS_BOS_SPREAD_BOS+1.5,MLB,,BOS +1.5,SPREAD,,,,,,,,-115,,win,2026-07-11T00:49:13.746000+00:00,,,,2026-07-09
2026-07-09_DET_OAK_SPREAD_OAK+1.5,MLB,,OAK +1.5,SPREAD,,,,,,,,-115,,loss,2026-07-11T00:49:18.483000+00:00,,,,2026-07-09
2026-07-09_SF_COL_SPREAD_SF+1.5,MLB,,SF +1.5,SPREAD,,,,,,,,-115,,win,2026-07-11T00:50:35.611000+00:00,,,,2026-07-09
2026-07-09_STL_MIL_ML_MIL,MLB,,MIL,ML,,,,,,,,-136,,win,2026-07-11T00:50:00.844000+00:00,,,,2026-07-09
2026-07-09_MIA_SEA_SPREAD_MIA+1.5,MLB,,MIA +1.5,SPREAD,,,,,,,,-115,,win,2026-07-11T00:49:42.711000+00:00,,,,2026-07-09
2026-07-09_M.Kostyuk_L.Noskova_TEN_UNDER2.5SETS,WTA,,UNDER 2.5 SETS,ML,,,,,,,,-110,,win,2026-07-09T20:10:32.123000+00:00,,,,2026-07-09
2026-07-09_M.Kostyuk_L.Noskova_TEN_UNDER26.5GAMES,WTA,,UNDER 26.5 GAMES,ML,,,,,,,,-110,,win,2026-07-09T20:10:28.200000+00:00,,,,2026-07-09
2026-07-09_SD_ARI_OU_OVER9.5,MLB,,OVER 9.5,OU,,,,,,,,-110,,loss,2026-07-11T00:50:29.458000+00:00,,,,2026-07-09
2026-07-09_MIA_SEA_OU_UNDER8.5,MLB,,UNDER 8.5,OU,,,,,,,,-110,,loss,2026-07-11T00:49:29.725000+00:00,,,,2026-07-09
2026-07-09_CIN_PHI_SPREAD_PHI+1.5,MLB,,PHI +1.5,SPREAD,,,,,,,,-115,,win,2026-07-11T00:49:54.374000+00:00,,,,2026-07-09
2026-07-09_BAL_CHC_SPREAD_CHC+1.5,MLB,,CHC +1.5,SPREAD,,,,,,,,-115,,win,2026-07-09T20:12:52.336000+00:00,,,,2026-07-09
2026-07-09_STL_MIL_OU_OVER7.5,MLB,,OVER 7.5,OU,,,,,,,,-110,,win,2026-07-11T00:50:11.970000+00:00,,,,2026-07-09
2026-07-09_K.Muchova_C.Gauff_TEN_K.Muchova,WTA,,K.Muchova,ML,,,,,,,,-216,,win,2026-07-09T15:38:34.199000+00:00,,,,2026-07-09
2026-07-09_M.Kostyuk_L.Noskova_TEN_M.Kostyuk,WTA,,M.Kostyuk,ML,,,,,,,,-214,,loss,2026-07-09T20:10:37.671000+00:00,,,,2026-07-09
2026-07-09_SF_COL_OU_UNDER13.5,MLB,,UNDER 13.5,OU,,,,,,,,-110,,loss,2026-07-11T00:50:38.781000+00:00,,,,2026-07-09
2026-07-09_CIN_PHI_OU_UNDER10.5,MLB,,UNDER 10.5,OU,,,,,,,,-110,,win,2026-07-11T00:49:49.046000+00:00,,,,2026-07-09
2026-07-09_PIT_ATL_OU_UNDER8.5,MLB,,UNDER 8.5,OU,,,,,,,,-110,,loss,2026-07-09T20:11:53.718000+00:00,,,,2026-07-09
2026-07-09_TEX_LAA_SPREAD_LAA+1.5,MLB,,LAA +1.5,SPREAD,,,,,,,,-115,,win,2026-07-11T00:50:17.970000+00:00,,,,2026-07-09
2026-07-09_SD_ARI_SPREAD_ARI+1.5,MLB,,ARI +1.5,SPREAD,,,,,,,,-115,,win,2026-07-11T00:50:24.441000+00:00,,,,2026-07-09
2026-07-08_LA_IND_OU_OVER181.5,WNBA,,OVER 181.5,OU,,,,,,,,-110,,win,2026-07-09T04:08:56.094000+00:00,,,,2026-07-08
2026-07-08_CIN_PHI_OU_UNDER10.5,MLB,,UNDER 10.5,OU,,,,,,,,-110,,loss,2026-07-09T04:06:15.828000+00:00,,,,2026-07-08
2026-07-08_TOR_GS_OU_OVER165.5,WNBA,,OVER 165.5,OU,,,,,,,,-110,,loss,2026-07-09T04:08:13.703000+00:00,,,,2026-07-08
2026-07-08_NYM_KC_ML_NYM,MLB,,NYM,ML,,,,,,,,-181,,win,2026-07-09T04:06:15.835000+00:00,,,,2026-07-08
2026-07-08_CON_MIN_OU_OVER166.5,WNBA,,OVER 166.5,OU,,,,,,,,-110,,win,2026-07-09T04:08:36.979000+00:00,,,,2026-07-08
2026-07-08_DET_OAK_ML_DET,MLB,,DET,ML,,,,,,,,-137,,win,2026-07-09T04:06:15.778000+00:00,,,,2026-07-08
2026-07-08_BAL_CHC_OU_UNDER10.5,MLB,,UNDER 10.5,OU,,,,,,,,-110,,loss,2026-07-09T04:06:15.771000+00:00,,,,2026-07-08
2026-07-08_LAD_COL_SPREAD_COL+1.5,MLB,,COL +1.5,SPREAD,,,,,,,,-115,,win,2026-07-09T04:50:51.464000+00:00,,,,2026-07-08
2026-07-08_LAD_COL_OU_UNDER8.5,MLB,,UNDER 8.5,OU,,,,,,,,-110,,win,2026-07-09T04:37:31.616000+00:00,,,,2026-07-08
2026-07-08_TOR_GS_SPREAD_TOR+8.5,WNBA,,TOR +8.5,SPREAD,,,,,,,,-115,,win,2026-07-09T04:08:21.003000+00:00,,,,2026-07-08
2026-07-08_CIN_PHI_SPREAD_PHI+1.5,MLB,,PHI +1.5,SPREAD,,,,,,,,-115,,loss,2026-07-09T04:10:13.568000+00:00,,,,2026-07-08
2026-07-08_M.Kostyuk_J.Paolini_TEN_M.Kostyuk,WTA,,M.Kostyuk,ML,,,,,,,,-285,,win,2026-07-08T17:13:16.777000+00:00,,,,2026-07-08
2026-07-08_MIA_SEA_ML_MIA,MLB,,MIA,ML,,,,,,,,79,,win,2026-07-09T04:06:15.808000+00:00,,,,2026-07-08
2026-07-08_WSN_HOU_SPREAD_HOU+1.5,MLB,,HOU +1.5,SPREAD,,,,,,,,-115,,loss,2026-07-09T04:10:08.398000+00:00,,,,2026-07-08
2026-07-08_T.Fritz_A.Zverev_TEN_T.Fritz,ATP,,T.Fritz,ML,,,,,,,,-217,,loss,2026-07-08T17:13:47.492000+00:00,,,,2026-07-08
2026-07-08_L.Noskova_E.Mertens_TEN_UNDER2.5SETS,WTA,,UNDER 2.5 SETS,ML,,,,,,,,-110,,win,2026-07-08T17:13:08.764000+00:00,,,,2026-07-08
2026-07-08_PIT_ATL_OU_OVER8.5,MLB,,OVER 8.5,OU,,,,,,,,-110,,loss,2026-07-09T04:09:48.791000+00:00,,,,2026-07-08
2026-07-08_MIN_CLE_SPREAD_CLE+1.5,MLB,,CLE +1.5,SPREAD,,,,,,,,-115,,win,2026-07-09T04:10:44.131000+00:00,,,,2026-07-08
2026-07-08_CWS_BOS_OU_UNDER8.5,MLB,,UNDER 8.5,OU,,,,,,,,-110,,win,2026-07-09T04:10:25.860000+00:00,,,,2026-07-08
2026-07-08_M.Kostyuk_J.Paolini_TEN_UNDER2.5SETS,WTA,,UNDER 2.5 SETS,ML,,,,,,,,-110,,win,2026-07-08T17:13:20.345000+00:00,,,,2026-07-08
2026-07-08_CIN_PHI_ML_CIN,MLB,,CIN,ML,,,,,,,,-144,,win,2026-07-09T04:06:15.826000+00:00,,,,2026-07-08
2026-07-08_A.Fery_F.Cobolli_TEN_A.Fery,ATP,,A.Fery,ML,,,,,,,,-110,,win,2026-07-08T17:13:23.972000+00:00,,,,2026-07-08
2026-07-08_T.Fritz_A.Zverev_TEN_UNDER47.5GAMES,ATP,,UNDER 47.5 GAMES,ML,,,,,,,,-110,,win,2026-07-08T17:13:30.593000+00:00,,,,2026-07-08
2026-07-08_CWS_BOS_SPREAD_BOS+1.5,MLB,,BOS +1.5,SPREAD,,,,,,,,-115,,win,2026-07-09T04:10:29.659000+00:00,,,,2026-07-08
2026-07-08_MIA_SEA_SPREAD_SEA+1.5,MLB,,SEA +1.5,SPREAD,,,,,,,,-115,,loss,2026-07-09T04:10:00.043000+00:00,,,,2026-07-08
2026-07-08_MIA_SEA_OU_UNDER8.5,MLB,,UNDER 8.5,OU,,,,,,,,-110,,win,2026-07-09T04:06:15.812000+00:00,,,,2026-07-08
2026-07-08_PIT_ATL_ML_ATL,MLB,,ATL,ML,,,,,,,,85,,win,2026-07-09T04:09:54.096000+00:00,,,,2026-07-08
2026-07-08_T.Fritz_A.Zverev_TEN_UNDER3.5SETS,ATP,,UNDER 3.5 SETS,ML,,,,,,,,-110,,win,2026-07-08T17:13:36.615000+00:00,,,,2026-07-08
2026-07-08_WSN_HOU_OU_UNDER9.5,MLB,,UNDER 9.5,OU,,,,,,,,-110,,loss,2026-07-09T04:06:15.820000+00:00,,,,2026-07-08
2026-07-08_WSN_HOU_ML_WSN,MLB,,WSN,ML,,,,,,,,-136,,win,2026-07-09T04:06:15.818000+00:00,,,,2026-07-08
2026-07-08_MIN_CLE_ML_MIN,MLB,,MIN,ML,,,,,,,,-120,,win,2026-07-09T04:06:15.838000+00:00,,,,2026-07-08
2026-07-08_SD_ARI_ML_SD,MLB,,SD,ML,,,,,,,,-143,,win,2026-07-09T04:50:58.643000+00:00,,,,2026-07-08
2026-07-08_CON_MIN_SPREAD_MIN-8.5,WNBA,,MIN -8.5,SPREAD,,,,,,,,-115,,loss,2026-07-09T04:08:27.464000+00:00,,,,2026-07-08
2026-07-08_SF_TOR_ML_TOR,MLB,,TOR,ML,,,,,,,,-106,,win,2026-07-09T04:09:36.314000+00:00,,,,2026-07-08
2026-07-08_L.Noskova_E.Mertens_TEN_UNDER26.5GAMES,WTA,,UNDER 26.5 GAMES,ML,,,,,,,,-110,,win,2026-07-08T17:13:04.652000+00:00,,,,2026-07-08
2026-07-08_L.Noskova_E.Mertens_TEN_L.Noskova,WTA,,L.Noskova,ML,,,,,,,,-210,,win,2026-07-08T17:13:12.706000+00:00,,,,2026-07-08
2026-07-08_BAL_CHC_SPREAD_CHC+1.5,MLB,,CHC +1.5,SPREAD,,,,,,,,-115,,win,2026-07-09T04:09:43.470000+00:00,,,,2026-07-08
2026-07-08_LAD_COL_ML_LAD,MLB,,LAD,ML,,,,,,,,-139,,win,2026-07-09T04:37:31.607000+00:00,,,,2026-07-08
2026-07-08_TB_NYY_OU_OVER7.5,MLB,,OVER 7.5,OU,,,,,,,,-110,,loss,2026-07-09T04:06:15.791000+00:00,,,,2026-07-08
2026-07-08_LA_IND_SPREAD_IND+10.5,WNBA,,IND +10.5,SPREAD,,,,,,,,-115,,loss,2026-07-09T04:09:00.227000+00:00,,,,2026-07-08
2026-07-08_STL_MIL_OU_OVER7.5,MLB,,OVER 7.5,OU,,,,,,,,-110,,loss,2026-07-09T04:06:15.842000+00:00,,,,2026-07-08
2026-07-08_NYM_KC_OU_UNDER8.5,MLB,,UNDER 8.5,OU,,,,,,,,-110,,win,2026-07-09T04:06:15.832000+00:00,,,,2026-07-08
2026-07-07_DET_OAK_OU_UNDER8.5,MLB,,UNDER 8.5,OU,,,,,,,,-110,,win,2026-07-08T01:38:01.731000+00:00,,,,2026-07-07
2026-07-07_MIA_SEA_OU_UNDER8.5,MLB,,UNDER 8.5,OU,,,,,,,,-110,,loss,2026-07-08T02:09:17.958000+00:00,,,,2026-07-07
2026-07-07_J.Pegula_C.Gauff_TEN_OVER2.5SETS,WTA,,OVER 2.5 SETS,ML,,,,,,,,-110,,win,2026-07-07T16:53:51.626000+00:00,,,,2026-07-07
2026-07-07_CIN_PHI_SPREAD_PHI+1.5,MLB,,PHI +1.5,SPREAD,,,,,,,,-115,,win,2026-07-08T03:33:10.205000+00:00,,,,2026-07-07
2026-07-07_WSN_HOU_ML_WSN,MLB,,WSN,ML,,,,,,,,-115,,loss,2026-07-08T02:03:26.781000+00:00,,,,2026-07-07
2026-07-07_TB_NYY_SPREAD_NYY+1.5,MLB,,NYY +1.5,SPREAD,,,,,,,,-115,,loss,2026-07-08T03:32:44.662000+00:00,,,,2026-07-07
2026-07-07_BAL_CHC_SPREAD_CHC+1.5,MLB,,CHC +1.5,SPREAD,,,,,,,,-115,,win,2026-07-08T03:31:47.165000+00:00,,,,2026-07-07
2026-07-07_LAD_COL_ML_LAD,MLB,,LAD,ML,,,,,,,,-139,,loss,2026-07-08T04:45:50.820000+00:00,,,,2026-07-07
2026-07-07_F.Auger-Aliassime_N.Djokovic_TEN_OVER3.5SETS,ATP,,OVER 3.5 SETS,ML,,,,,,,,-110,,win,2026-07-07T20:58:50.774000+00:00,,,,2026-07-07
2026-07-07_NYM_KC_SPREAD_KC+1.5,MLB,,KC +1.5,SPREAD,,,,,,,,-115,,win,2026-07-08T03:33:05.391000+00:00,,,,2026-07-07
2026-07-07_BAL_CHC_OU_UNDER10.5,MLB,,UNDER 10.5,OU,,,,,,,,-110,,win,2026-07-08T02:23:27.154000+00:00,,,,2026-07-07
2026-07-07_J.Pegula_C.Gauff_TEN_OVER26.5GAMES,WTA,,OVER 26.5 GAMES,ML,,,,,,,,-110,,win,2026-07-07T16:54:03.200000+00:00,,,,2026-07-07
2026-07-07_PHX_CHI_SPREAD_CHI+5.5,WNBA,,CHI +5.5,SPREAD,,,,,,,,-115,,win,2026-07-08T05:24:45.192000+00:00,,,,2026-07-07
2026-07-07_J.Sinner_J.Struff_TEN_J.Sinner,ATP,,J.Sinner,ML,,,,,,,,-529,,win,2026-07-07T16:54:16.058000+00:00,,,,2026-07-07
2026-07-07_CWS_BOS_SPREAD_BOS+1.5,MLB,,BOS +1.5,SPREAD,,,,,,,,-115,,win,2026-07-08T03:33:15.553000+00:00,,,,2026-07-07
2026-07-07_EGY_ARG_SOC_Argentina,SOC,,Argentina,ML,,,,,,,,-105,,win,2026-07-08T01:46:57.693000+00:00,,,,2026-07-07
2026-07-07_WSN_HOU_SPREAD_WSN-1.5,MLB,,WSN -1.5,SPREAD,,,,,,,,-115,,loss,2026-07-08T03:32:59.102000+00:00,,,,2026-07-07
2026-07-07_NY_DAL_SPREAD_DAL-8.5,WNBA,,DAL -8.5,SPREAD,,,,,,,,-115,,win,2026-07-08T03:30:04.474000+00:00,,,,2026-07-07
2026-07-07_NY_DAL_OU_OVER175.5,WNBA,,OVER 175.5,OU,,,,,,,,-110,,loss,2026-07-08T03:30:30.929000+00:00,,,,2026-07-07
2026-07-07_MIA_SEA_SPREAD_SEA+1.5,MLB,,SEA +1.5,SPREAD,,,,,,,,-115,,win,2026-07-08T03:32:51.211000+00:00,,,,2026-07-07
2026-07-07_LAD_COL_SPREAD_LAD-1.5,MLB,,LAD -1.5,SPREAD,,,,,,,,-115,,loss,2026-07-08T05:24:35.496000+00:00,,,,2026-07-07
2026-07-07_LAD_COL_OU_OVER7.5,MLB,,OVER 7.5,OU,,,,,,,,-110,,loss,2026-07-08T04:45:50.828000+00:00,,,,2026-07-07
2026-07-07_STL_MIL_SPREAD_MIL+1.5,MLB,,MIL +1.5,SPREAD,,,,,,,,-115,,win,2026-07-08T03:31:21.367000+00:00,,,,2026-07-07
2026-07-07_J.Sinner_J.Struff_TEN_UNDER3.5SETS,ATP,,UNDER 3.5 SETS,ML,,,,,,,,-110,,win,2026-07-07T16:54:12.068000+00:00,,,,2026-07-07
2026-07-07_N.Osaka_K.Muchova_TEN_UNDER2.5SETS,WTA,,UNDER 2.5 SETS,ML,,,,,,,,-110,,win,2026-07-07T16:53:32.170000+00:00,,,,2026-07-07
2026-07-07_F.Auger-Aliassime_N.Djokovic_TEN_OVER46.5GAMES,ATP,,OVER 46.5 GAMES,ML,,,,,,,,-110,,win,2026-07-07T20:59:46.174000+00:00,,,,2026-07-07
2026-07-07_MIN_CLE_ML_MIN,MLB,,MIN,ML,,,,,,,,-110,,win,2026-07-08T02:09:17.964000+00:00,,,,2026-07-07
2026-07-07_MIN_CLE_SPREAD_CLE+1.5,MLB,,CLE +1.5,SPREAD,,,,,,,,-115,,loss,2026-07-08T03:33:22.298000+00:00,,,,2026-07-07
2026-07-07_SUI_COL_SOC_UNDER2.5,SOC,,UNDER 2.5,ML,,,,,,,,-110,,win,2026-07-08T01:46:35.433000+00:00,,,,2026-07-07
2026-07-07_DET_OAK_SPREAD_OAK+1.5,MLB,,OAK +1.5,SPREAD,,,,,,,,-115,,loss,2026-07-08T03:32:38.261000+00:00,,,,2026-07-07
2026-07-07_MIA_SEA_ML_MIA,MLB,,MIA,ML,,,,,,,,-126,,win,2026-07-08T02:09:17.954000+00:00,,,,2026-07-07
2026-07-07_PIT_ATL_SPREAD_ATL+1.5,MLB,,ATL +1.5,SPREAD,,,,,,,,-115,,loss,2026-07-08T03:31:49.963000+00:00,,,,2026-07-07
2026-07-06_SD_ARI_ML_SD,MLB,,SD,ML,,,,,,,,-130,,loss,2026-07-07T16:48:19.996000+00:00,,,,2026-07-06
2026-07-06_TB_NYY_OU_UNDER8.5,MLB,,UNDER 8.5,OU,,,,,,,,-110,,win,2026-07-07T16:46:35.359000+00:00,,,,2026-07-06
2026-07-06_KC_PHI_ML_KC,MLB,,KC,ML,,,,,,,,117,,win,2026-07-06T21:30:17.070000+00:00,,,,2026-07-06
2026-07-06_BEL_USA_SOC_UNDER2.5,SOC,,UNDER 2.5,ML,,,,,,,,-110,,loss,2026-08-27T00:53:37.996000+00:00,,,,2026-07-06
2026-07-06_WSN_HOU_OU_OVER9.5,MLB,,OVER 9.5,OU,,,,,,,,-110,,win,2026-07-07T00:07:31.535000+00:00,,,,2026-07-06
2026-07-06_POR_ESP_OU_UNDER2.5,SOC,,UNDER 2.5,OU,,,,,,,,-110,,win,2026-07-07T16:46:09.629000+00:00,,,,2026-07-06
2026-07-06_LAD_COL_OU_OVER8.0,MLB,,OVER 8.0,OU,,,,,,,,-110,,win,2026-07-07T16:47:34.375000+00:00,,,,2026-07-06
2026-07-06_SF_TOR_OU_UNDER8.5,MLB,,UNDER 8.5,OU,,,,,,,,-110,,loss,2026-07-07T16:47:56.451000+00:00,,,,2026-07-06
2026-07-06_POR_ESP_SOC_UNDER2.5,SOC,,UNDER 2.5,ML,,,,,,,,-110,,win,2026-07-07T00:08:17.640000+00:00,,,,2026-07-06
2026-07-06_STL_MIL_SPREAD_STL+1.5,MLB,,STL +1.5,SPREAD,,,,,,,,-115,,win,2026-07-07T16:47:13.967000+00:00,,,,2026-07-06
2026-07-06_LA_SEA_SPREAD_SEA+5.5,WNBA,,SEA +5.5,SPREAD,,,,,,,,-115,,win,2026-07-07T16:49:37.502000+00:00,,,,2026-07-06
2026-07-06_ATL_NYM_ML_ATL,MLB,,ATL,ML,,,,,,,,-105,,loss,2026-07-07T16:46:54.833000+00:00,,,,2026-07-06
2026-07-06_MIN_CON_OU_OVER164.5,WNBA,,OVER 164.5,OU,,,,,,,,-110,,win,2026-07-07T16:50:00.391000+00:00,,,,2026-07-06
2026-07-06_MIN_CON_SPREAD_MIN8.5,WNBA,,MIN -8.5,SPREAD,,,,,,,,-115,,loss,2026-07-07T16:49:45.336000+00:00,,,,2026-07-06
2026-07-06_USA_BEL_SOC_UNDER2.5,SOC,,UNDER 2.5,ML,,,,,,,,-110,,loss,2026-07-07T16:46:05.971000+00:00,,,,2026-07-06
2026-07-06_LAD_COL_ML_LAD,MLB,,LAD,ML,,,,,,,,-139,,win,2026-07-07T16:47:37.788000+00:00,,,,2026-07-06
2026-07-06_WSN_HOU_ML_WSN,MLB,,WSN,ML,,,,,,,,-114,,win,2026-07-07T16:46:48.324000+00:00,,,,2026-07-06
2026-07-06_SD_ARI_OU_UNDER9.5,MLB,,UNDER 9.5,OU,,,,,,,,-110,,win,2026-07-07T16:47:22.345000+00:00,,,,2026-07-06
2026-07-05_ATL_NYM_OU_OVER9.0,MLB,,OVER 9.0,OU,,,,,,,,-110,,win,2026-07-06T05:54:24.917000+00:00,,,,2026-07-05
2026-07-05_LV_IND_SPREAD_IND+10.5,WNBA,,IND +10.5,SPREAD,,,,,,,,-115,,win,2026-07-06T03:55:41.450000+00:00,,,,2026-07-05
2026-07-05_ARI_MIL_SPREAD_MIL+1.5,MLB,,MIL +1.5,SPREAD,,,,,,,,-115,,win,2026-07-06T02:34:20.580000+00:00,,,,2026-07-05
wim_r4_faa_o445games,ATP,,OVER 44.5 GAMES,PROP,,,,,,,,-110,,win,,,,,2026-07-05
2026-07-05_TEX_DET_OU_UNDER10.0,MLB,,UNDER 10.0,OU,,,,,,,,-110,,win,2026-07-06T02:35:13.223000+00:00,,,,2026-07-05
wc-7,SOC,,,,,,,,,,,,,loss,,,,,2026-07-05
2026-07-05_OAK_MIA_SPREAD_MIA+1.5,MLB,,MIA +1.5,SPREAD,,,,,,,,-115,,win,2026-07-06T02:34:08.190000+00:00,,,,2026-07-05
wc-9,SOC,,,,,,,,,,,,,loss,,,,,2026-07-05
wim_r4_djokovic_o35sets,ATP,,OVER 3.5 SETS,PROP,,,,,,,,-110,,win,,,,,2026-07-05
2026-07-05_OAK_MIA_OU_UNDER10.5,MLB,,UNDER 10.5,OU,,,,,,,,-110,,loss,2026-07-06T02:34:13.735000+00:00,,,,2026-07-05
wc-8,SOC,,,,,,,,,,,,,win,,,,,2026-07-05
2026-07-05_WSN_PIT_OU_OVER8.0,MLB,,OVER 8.0,OU,,,,,,,,-110,,win,2026-07-05T21:29:34.081000+00:00,,,,2026-07-05
2026-07-05_CLE_CWS_SPREAD_CWS+1.5,MLB,,CWS +1.5,SPREAD,,,,,,,,-115,,win,2026-07-06T02:35:44.818000+00:00,,,,2026-07-05
2026-07-05_DAL_TOR_WNBA_DALML,WNBA,,DAL ML,ML,,,,,,,,-384,,win,2026-07-06T03:55:52.482000+00:00,,,,2026-07-05
2026-07-05_COL_SF_OU_OVER10.5,MLB,,OVER 10.5,OU,,,,,,,,-110,,win,2026-07-06T02:34:25.101000+00:00,,,,2026-07-05
2026-07-05_COL_SF_SPREAD_SF+1.5,MLB,,SF +1.5,SPREAD,,,,,,,,-115,,win,2026-07-06T02:34:28.774000+00:00,,,,2026-07-05
2026-07-05_NYY_MIN_SPREAD_MIN+1.5,MLB,,MIN +1.5,SPREAD,,,,,,,,-115,,win,2026-07-06T02:35:53.790000+00:00,,,,2026-07-05
2026-07-05_CIN_BAL_ML_CIN,MLB,,CIN,ML,,,,,,,,-113,,win,2026-07-06T02:30:44.421000+00:00,,,,2026-07-05
2026-07-05_HOU_TB_OU_UNDER8.5,MLB,,UNDER 8.5,OU,,,,,,,,-110,,win,2026-07-06T02:34:55.120000+00:00,,,,2026-07-05
2026-07-05_HOU_TB_ML_HOU,MLB,,HOU,ML,,,,,,,,-128,,win,2026-07-06T02:34:58.848000+00:00,,,,2026-07-05
2026-07-05_COL_SF_ML_COL,MLB,,COL,ML,,,,,,,,132,,win,2026-07-06T02:34:32.557000+00:00,,,,2026-07-05
2026-07-05_CIN_BAL_SPREAD_BAL+1.5,MLB,,BAL +1.5,SPREAD,,,,,,,,-115,,win,2026-07-06T02:36:00.704000+00:00,,,,2026-07-05
2026-07-05_CIN_BAL_OU_UNDER9.5,MLB,,UNDER 9.5,OU,,,,,,,,-110,,win,2026-07-06T02:30:44.426000+00:00,,,,2026-07-05
2026-07-05_CHC_STL_OU_UNDER11.5,MLB,,UNDER 11.5,OU,,,,,,,,-110,,win,2026-07-06T02:35:36.280000+00:00,,,,2026-07-05
2026-07-05_KC_PHI_ML_KC,MLB,,KC,ML,,,,,,,,117,,win,2026-07-06T02:35:25.140000+00:00,,,,2026-07-05
wc_r16_eng_mexico_spread,WC,,England -0.5,SPREAD,,,,,,,,-135,,win,,,,,2026-07-05
2026-07-05_WSN_PIT_ML_WSN,MLB,,WSN,ML,,,,,,,,-139,,loss,2026-07-05T21:29:34.077000+00:00,,,,2026-07-05
wc_r16_nor_brazil_ml,WC,,Norway ML,ML,,,,,,,,+225,,win,,,,,2026-07-05
wc_r16_nor_brazil_spread,WC,,Norway -0.5,SPREAD,,,,,,,,+225,,win,,,,,2026-07-05
2026-07-05_NYY_MIN_OU_UNDER10.0,MLB,,UNDER 10.0,OU,,,,,,,,-110,,win,2026-07-06T02:30:44.432000+00:00,,,,2026-07-05
2026-07-05_CHC_STL_ML_CHC,MLB,,CHC,ML,,,,,,,,-129,,win,2026-07-06T02:35:41.386000+00:00,,,,2026-07-05
2026-07-05_TEX_DET_SPREAD_DET+1.5,MLB,,DET +1.5,SPREAD,,,,,,,,-115,,win,2026-07-06T02:35:09.682000+00:00,,,,2026-07-05
wim_r4_osaka_u25sets,WTA,,UNDER 2.5 SETS,PROP,,,,,,,,-110,,win,,,,,2026-07-05
2026-07-05_KC_PHI_OU_UNDER10.0,MLB,,UNDER 10.0,OU,,,,,,,,-110,,win,2026-07-06T02:35:20.674000+00:00,,,,2026-07-05
2026-07-05_HOU_TB_SPREAD_TB+1.5,MLB,,TB +1.5,SPREAD,,,,,,,,-115,,loss,2026-07-06T02:34:49.109000+00:00,,,,2026-07-05
wc_r16_eng_mexico_ml,WC,,England ML,ML,,,,,,,,-135,,win,,,,,2026-07-05
wim_r4_djokovic_ml,ATP,,N.Djokovic ML,ML,,,,,,,,-110,,win,,,,,2026-07-05
2026-07-04_M.Giron_A.Zverev_TEN_OVER3.5SETS,ATP,,OVER 3.5 SETS,ML,,,,,,,,-110,,loss,2026-07-04T21:30:22.542000+00:00,,,,2026-07-04
2026-07-04_T.Fritz_L.Sonego_TEN_T.Fritz,ATP,,T.Fritz,ML,,,,,,,,-500,,win,2026-07-04T20:58:38.527000+00:00,,,,2026-07-04
2026-07-04_J.Lehecka_J.Munar_TEN_J.Lehecka,ATP,,J.Lehecka,ML,,,,,,,,-320,,win,2026-07-04T20:59:12.789000+00:00,,,,2026-07-04
2026-07-04_L.Samsonova_M.Bouzkova_TEN_L.Samsonova,WTA,,L.Samsonova,ML,,,,,,,,-180,,loss,2026-07-04T21:32:32.507000+00:00,,,,2026-07-04
2026-07-04_L.Samsonova_M.Bouzkova_TEN_UNDER2.5SETS,WTA,,UNDER 2.5 SETS,ML,,,,,,,,-110,,loss,2026-07-04T21:33:20.538000+00:00,,,,2026-07-04
2026-07-04_G.Dimitrov_M.Berrettini_TEN_G.Dimitrov,ATP,,G.Dimitrov,ML,,,,,,,,-160,,win,2026-07-04T21:29:42.908000+00:00,,,,2026-07-04
2026-07-04_A.Anisimova_M.Keys_TEN_OVER2.5SETS,WTA,,OVER 2.5 SETS,ML,,,,,,,,-110,,win,2026-07-04T21:31:49.291000+00:00,,,,2026-07-04
2026-07-04_A.Eala_I.Swiatek_TEN_A.Eala,WTA,,A.Eala,ML,,,,,,,,+420,,win,2026-07-04T21:32:52.491000+00:00,,,,2026-07-04
2026-07-04_E.Mertens_E.Rybakina_TEN_E.Mertens,WTA,,E.Mertens,ML,,,,,,,,+400,,win,2026-07-04T21:31:15.012000+00:00,,,,2026-07-04
2026-07-04_F.Tiafoe_A.Bublik_TEN_OVER3.5SETS,ATP,,OVER 3.5 SETS,ML,,,,,,,,-110,,win,2026-07-04T21:30:02.686000+00:00,,,,2026-07-04
2026-07-04_K.Khachanov_F.Cobolli_TEN_K.Khachanov,ATP,,K.Khachanov,ML,,,,,,,,-200,,loss,2026-07-04T21:29:32.503000+00:00,,,,2026-07-04
2026-07-04_J.Lehecka_J.Munar_TEN_UNDER3.5SETS,ATP,,UNDER 3.5 SETS,ML,,,,,,,,-110,,win,2026-07-04T21:30:14.573000+00:00,,,,2026-07-04
2026-07-04_D.Snigur_A.Krueger_TEN_D.Snigur,WTA,,D.Snigur,ML,,,,,,,,-180,,loss,2026-07-04T21:33:10.063000+00:00,,,,2026-07-04
2026-07-04_M.Kostyuk_E.Navarro_TEN_M.Kostyuk,WTA,,M.Kostyuk,ML,,,,,,,,+168,,win,2026-07-04T21:32:07.504000+00:00,,,,2026-07-04
2026-07-04_S.Cirstea_L.Noskova_TEN_S.Cirstea,WTA,,S.Cirstea,ML,,,,,,,,-160,,loss,2026-07-04T21:32:41.942000+00:00,,,,2026-07-04
2026-07-04_A.Anisimova_M.Keys_TEN_A.Anisimova,WTA,,A.Anisimova,ML,,,,,,,,-200,,loss,2026-07-04T21:31:35.466000+00:00,,,,2026-07-04
2026-07-03_COL_GHA_OU_UNDER2.5,SOC,,UNDER 2.5,OU,,,,,,,,-110,,win,2026-07-04T04:20:43.492000+00:00,,,,2026-07-03
2026-07-03_NY_MIN_OU_OVER174.5,WNBA,,OVER 174.5,OU,,,,,,,,-110,,win,2026-07-04T04:12:34.402000+00:00,,,,2026-07-03
2026-07-03_LAD_SD_OU_UNDER8.5,MLB,,UNDER 8.5,OU,,,,,,,,-110,,win,2026-07-04T06:11:55.163000+00:00,,,,2026-07-03
2026-07-03_LAA_BOS_OU_UNDER8.5,MLB,,UNDER 8.5,OU,,,,,,,,-110,,win,2026-07-04T04:15:31.611000+00:00,,,,2026-07-03
2026-07-03_HOU_TB_OU_UNDER8.5,MLB,,UNDER 8.5,OU,,,,,,,,-110,,win,2026-07-04T04:06:53.625000+00:00,,,,2026-07-03
2026-07-03_CLE_CWS_SPREAD_CWS+1.5,MLB,,CWS +1.5,SPREAD,,,,,,,,-115,,win,2026-07-04T04:14:48.244000+00:00,,,,2026-07-03
2026-07-03_A.Davidovich Fokina_M.Fucsovics_ATP_A.DavidovichFokina,ATP,,A.Davidovich Fokina,ML,,,,,,,,-300,,win,2026-07-03T23:38:01.631000+00:00,,,,2026-07-03
2026-07-03_F.Auger-Aliassime_M.Zheng_ATP_F.Auger-Aliassime,ATP,,F.Auger-Aliassime,ML,,,,,,,,-298,,win,2026-07-03T23:38:06.274000+00:00,,,,2026-07-03
2026-07-03_LV_CHI_WNBA_LVML,WNBA,,LV ML,ML,,,,,,,,-217,,win,2026-07-04T06:11:24.941000+00:00,,,,2026-07-03
2026-07-03_NY_MIN_SPREAD_NY+4.5,WNBA,,NY +4.5,SPREAD,,,,,,,,-115,,win,2026-07-04T04:11:55.753000+00:00,,,,2026-07-03
2026-07-03_COL_GHA_SOC_AHColombia-0.5,SOC,,AH Colombia -0.5,ML,,,,,,,,-110,,win,2026-07-04T04:13:26.529000+00:00,,,,2026-07-03
2026-07-03_LAA_BOS_SPREAD_BOS+1.5,MLB,,BOS +1.5,SPREAD,,,,,,,,-115,,win,2026-07-04T04:15:41.631000+00:00,,,,2026-07-03
2026-07-03_LV_CHI_OU_OVER179.5,WNBA,,OVER 179.5,OU,,,,,,,,-110,,win,2026-07-04T06:11:35.827000+00:00,,,,2026-07-03
2026-07-03_CHC_STL_SPREAD_STL+1.5,MLB,,STL +1.5,SPREAD,,,,,,,,-115,,win,2026-07-03T23:37:38.885000+00:00,,,,2026-07-03
2026-07-03_OAK_MIA_OU_UNDER10.5,MLB,,UNDER 10.5,OU,,,,,,,,-110,,loss,2026-07-04T04:15:51.864000+00:00,,,,2026-07-03
2026-07-03_ATL_NYM_ML_ATL,MLB,,ATL,ML,,,,,,,,-105,,win,2026-07-04T01:58:16.258000+00:00,,,,2026-07-03
2026-07-03_LV_CHI_SPREAD_CHI+4.5,WNBA,,CHI +4.5,SPREAD,,,,,,,,-115,,loss,2026-07-04T06:11:41.865000+00:00,,,,2026-07-03
2026-07-03_OAK_MIA_SPREAD_OAK+1.5,MLB,,OAK +1.5,SPREAD,,,,,,,,-115,,loss,2026-07-04T06:12:14.320000+00:00,,,,2026-07-03
2026-07-03_COL_SF_SPREAD_SF+1.5,MLB,,SF +1.5,SPREAD,,,,,,,,-115,,loss,2026-07-04T04:14:57.408000+00:00,,,,2026-07-03
2026-07-03_NYY_MIN_ML_NYY,MLB,,NYY,ML,,,,,,,,-144,,win,2026-07-04T04:06:53.576000+00:00,,,,2026-07-03
2026-07-03_CIN_BAL_SPREAD_BAL+1.5,MLB,,BAL +1.5,SPREAD,,,,,,,,-115,,win,2026-07-04T04:14:42.910000+00:00,,,,2026-07-03
2026-07-03_NY_MIN_WNBA_NYML,WNBA,,NY ML,ML,,,,,,,,200,,win,2026-07-04T04:12:00.269000+00:00,,,,2026-07-03
2026-07-03_H.Hurkacz_T.Paul_ATP_H.Hurkacz,ATP,,H.Hurkacz,ML,,,,,,,,-212,,win,2026-07-03T23:38:14.862000+00:00,,,,2026-07-03
2026-07-03_WSN_PIT_ML_WSN,MLB,,WSN,ML,,,,,,,,-139,,win,2026-07-04T01:42:18.441000+00:00,,,,2026-07-03
2026-07-03_AUS_EGY_OU_UNDER2.5,SOC,,UNDER 2.5,OU,,,,,,,,-110,,win,2026-07-03T23:39:53.786000+00:00,,,,2026-07-03
2026-07-03_LAD_SD_ML_LAD,MLB,,LAD,ML,,,,,,,,-139,,win,2026-07-04T06:12:00.204000+00:00,,,,2026-07-03
2026-07-03_HOU_TB_ML_HOU,MLB,,HOU,ML,,,,,,,,-128,,loss,2026-07-04T04:06:53.627000+00:00,,,,2026-07-03
2026-07-03_COL_SF_OU_UNDER10.5,MLB,,UNDER 10.5,OU,,,,,,,,-110,,loss,2026-07-04T04:06:53.610000+00:00,,,,2026-07-03
2026-07-03_J.Struff_D.Medvedev_ATP_J.Struff,ATP,,J.Struff,ML,,,,,,,,-230,,win,2026-07-03T23:38:11.289000+00:00,,,,2026-07-03
2026-07-03_CLE_CWS_ML_CLE,MLB,,CLE,ML,,,,,,,,-110,,win,2026-07-04T04:06:53.591000+00:00,,,,2026-07-03
2026-07-03_NY_MIN_SPREAD_MIN2.5,WNBA,,MIN -2.5,SPREAD,,,,,,,,-115,,loss,2026-07-04T04:12:50.781000+00:00,,,,2026-07-03
2026-07-03_ARI_MIL_SPREAD_MIL+1.5,MLB,,MIL +1.5,SPREAD,,,,,,,,-115,,win,2026-07-04T06:12:17.181000+00:00,,,,2026-07-03
2026-07-03_HOU_TB_SPREAD_TB+1.5,MLB,,TB +1.5,SPREAD,,,,,,,,-115,,win,2026-07-04T04:15:09.459000+00:00,,,,2026-07-03
2026-07-03_J.Sinner_A.Vukic_ATP_J.Sinner,ATP,,J.Sinner,ML,,,,,,,,-710,,win,2026-07-03T23:38:18.742000+00:00,,,,2026-07-03
2026-07-03_ARG_CPV_SOC_Argentina,SOC,,Argentina,ML,,,,,,,,-149,,win,2026-07-04T01:07:02.266000+00:00,,,,2026-07-03
2026-07-03_ARG_CPV_SOC_AHArgentina-1.5,SOC,,AH Argentina -1.5,ML,,,,,,,,-110,,loss,2026-07-04T01:07:06.742000+00:00,,,,2026-07-03
2026-07-02_SUI_ALG_OU_UNDER2.5,SOC,,UNDER 2.5,OU,,,,,,,,-110,,win,2026-07-03T23:39:46.016000+00:00,,,,2026-07-02
2026-07-02_ESP_AUT_SOC_AHSpain-1,SOC,,AH Spain -1,ML,,,,,,,,-110,,win,2026-07-03T23:39:27.973000+00:00,,,,2026-07-02
2026-07-01_E.Mertens_B.Haddad Maia_TEN_E.Mertens,WTA,,E.Mertens,ML,,,,,,,,-180,,win,2026-07-03T23:38:59.202000+00:00,,,,2026-07-01
2026-07-01_M.Kostyuk_Y.Starodubtseva_TEN_M.Kostyuk,WTA,,M.Kostyuk,ML,,,,,,,,-250,,win,2026-07-03T23:39:03.265000+00:00,,,,2026-07-01
2026-07-01_A.Gasanova_N.Osaka_TEN_UNDER2.5SETS,WTA,,UNDER 2.5 SETS,ML,,,,,,,,-110,,win,2026-07-01T19:17:25.617000+00:00,,,,2026-07-01
2026-07-01_CHC_SD_OU_UNDER11.5,MLB,,UNDER 11.5,OU,,,,,,,,-110,,loss,2026-07-01T21:03:33.327000+00:00,,,,2026-07-01
2026-07-01_B.Nakashima_J.Struff_TEN_OVER41.5GAMES,ATP,,OVER 41.5 GAMES,ML,,,,,,,,-110,,win,2026-07-01T19:09:41.056000+00:00,,,,2026-07-01
2026-07-01_J.de Jong_J.Fonseca_TEN_UNDER3.5SETS,ATP,,UNDER 3.5 SETS,ML,,,,,,,,-110,,win,2026-07-01T19:21:01.540000+00:00,,,,2026-07-01
2026-07-01_COL_MIA_ML_MIA,MLB,,MIA,ML,,,,,,,,-159,,loss,2026-07-03T23:48:31.099000+00:00,,,,2026-07-01
2026-07-01_J.Mensik_G.Dimitrov_TEN_J.Mensik,ATP,,J.Mensik,ML,,,,,,,,-160,,loss,2026-07-03T23:43:10.769000+00:00,,,,2026-07-01
2026-07-01_BAL_CWS_OU_UNDER10.5,MLB,,UNDER 10.5,OU,,,,,,,,-110,,win,2026-07-01T20:21:30.929000+00:00,,,,2026-07-01
2026-07-01_A.de Minaur_A.Mannarino_TEN_UNDER3.5SETS,ATP,,UNDER 3.5 SETS,ML,,,,,,,,-110,,win,2026-07-03T23:43:00.092000+00:00,,,,2026-07-01
2026-07-01_N.Osaka_A.Gasanova_TEN_N.Osaka,WTA,,N.Osaka,ML,,,,,,,,-340,,win,2026-07-01T19:17:02.091000+00:00,,,,2026-07-01
2026-07-01_A.Vukic_I.Buse_TEN_UNDER3.5SETS,ATP,,UNDER 3.5 SETS,ML,,,,,,,,-110,,win,2026-07-01T19:09:02.900000+00:00,,,,2026-07-01
2026-07-01_K.Siniakova_P.Stearns_TEN_K.Siniakova,WTA,,K.Siniakova,ML,,,,,,,,-160,,loss,2026-07-01T19:17:48.957000+00:00,,,,2026-07-01
2026-07-01_A.Davidovich Fokina_T.Tirante_TEN_A.DavidovichFokina,ATP,,A.Davidovich Fokina,ML,,,,,,,,-200,,win,2026-07-01T19:10:19.887000+00:00,,,,2026-07-01
2026-07-01_A.de Minaur_A.Mannarino_TEN_A.deMinaur,ATP,,A.de Minaur,ML,,,,,,,,-360,,win,2026-07-03T23:40:46.594000+00:00,,,,2026-07-01
2026-07-01_ENG_COD_SOC_AHEngland-1.5,SOC,,AH England -1.5,ML,,,,,,,,-110,,loss,2026-07-01T19:03:39.185000+00:00,,,,2026-07-01
2026-07-01_A.Davidovich Fokina_T.Tirante_ATP_A.DavidovichFokina,ATP,,A.Davidovich Fokina,ML,,,,,,,,-292,,win,2026-07-01T19:34:17.006000+00:00,,,,2026-07-01
2026-07-01_T.Paul_S.Kwon_TEN_T.Paul,ATP,,T.Paul,ML,,,,,,,,-190,,win,2026-07-01T19:07:22.949000+00:00,,,,2026-07-01
2026-07-01_CLE_TEX_ML_CLE,MLB,,CLE,ML,,,,,,,,-110,,win,2026-07-01T20:23:35.376000+00:00,,,,2026-07-01
2026-07-01_J.Pegula_S.Sorribes Tormo_TEN_UNDER2.5SETS,WTA,,UNDER 2.5 SETS,ML,,,,,,,,-110,,win,2026-07-01T19:18:58.288000+00:00,,,,2026-07-01
2026-07-01_BOS_WSN_SPREAD_WSN+1.5,MLB,,WSN +1.5,SPREAD,,,,,,,,-115,,win,2026-07-03T23:46:51.600000+00:00,,,,2026-07-01
2026-07-01_A.Sabalenka_M.Kessler_TEN_A.Sabalenka,WTA,,A.Sabalenka,ML,,,,,,,,-1000,,win,2026-07-01T19:16:37.379000+00:00,,,,2026-07-01
2026-07-01_T.Fritz_P.Kypson_TEN_UNDER45.5GAMES,ATP,,UNDER 45.5 GAMES,ML,,,,,,,,-110,,win,2026-07-03T23:43:32.536000+00:00,,,,2026-07-01
2026-07-01_G.Diallo_L.Sonego_TEN_G.Diallo,ATP,,G.Diallo,ML,,,,,,,,-130,,loss,2026-07-03T23:43:47.970000+00:00,,,,2026-07-01
2026-07-01_BAL_CWS_ML_BAL,MLB,,BAL,ML,,,,,,,,-138,,win,2026-07-01T20:21:30.891000+00:00,,,,2026-07-01
2026-07-01_TOR_NYM_ML_TOR,MLB,,TOR,ML,,,,,,,,-105,,win,2026-07-02T00:10:20.454000+00:00,,,,2026-07-01
2026-07-01_CLE_TEX_OU_UNDER8.5,MLB,,UNDER 8.5,OU,,,,,,,,-110,,loss,2026-07-01T20:22:56.440000+00:00,,,,2026-07-01
2026-07-01_J.Tjen_D.Kasatkina_TEN_J.Tjen,WTA,,J.Tjen,ML,,,,,,,,+200,,loss,2026-07-01T19:17:07.889000+00:00,,,,2026-07-01
2026-07-01_CHC_SD_ML_CHC,MLB,,CHC,ML,,,,,,,,-129,,win,2026-07-01T21:03:33.322000+00:00,,,,2026-07-01
2026-07-01_K.Khachanov_Y.Hanfmann_TEN_K.Khachanov,ATP,,K.Khachanov,ML,,,,,,,,-200,,win,2026-07-03T23:46:12.458000+00:00,,,,2026-07-01
2026-07-01_USA_BIH_SOC_AHUnitedStates-1,SOC,,AH United States -1,ML,,,,,,,,-110,,win,2026-07-03T23:39:24.028000+00:00,,,,2026-07-01
2026-07-01_D.Yastremska_J.Bouzas Maneiro_TEN_D.Yastremska,WTA,,D.Yastremska,ML,,,,,,,,-180,,loss,2026-07-01T19:19:43.099000+00:00,,,,2026-07-01
2026-07-01_H.Hurkacz_S.Ofner_TEN_H.Hurkacz,ATP,,H.Hurkacz,ML,,,,,,,,-320,,win,2026-07-01T19:06:47.653000+00:00,,,,2026-07-01
2026-07-01_J.Fonseca_J.de Jong_TEN_J.Fonseca,ATP,,J.Fonseca,ML,,,,,,,,-220,,win,2026-07-01T19:10:41.430000+00:00,,,,2026-07-01
2026-07-01_R.Jodar_P.Carreno Busta_TEN_R.Jodar,ATP,,R.Jodar,ML,,,,,,,,-150,,win,2026-07-03T23:40:05.364000+00:00,,,,2026-07-01
2026-07-01_D.Medvedev_D.Merida_TEN_D.Medvedev,ATP,,D.Medvedev,ML,,,,,,,,-600,,win,2026-07-01T19:10:12.768000+00:00,,,,2026-07-01
2026-07-01_NYY_DET_ML_NYY,MLB,,NYY,ML,,,,,,,,-144,,loss,2026-07-01T20:58:33.550000+00:00,,,,2026-07-01
2026-07-01_ATL_STL_ML_ATL,MLB,,ATL,ML,,,,,,,,-136,,win,2026-07-03T23:47:04.286000+00:00,,,,2026-07-01
2026-07-01_E.Navarro_O.Selekhmeteva_TEN_E.Navarro,WTA,,E.Navarro,ML,,,,,,,,-280,,win,2026-07-03T23:39:07.592000+00:00,,,,2026-07-01
2026-07-01_A.Sabalenka_M.Kessler_TEN_UNDER2.5SETS,WTA,,UNDER 2.5 SETS,ML,,,,,,,,-110,,win,2026-07-01T19:16:31.644000+00:00,,,,2026-07-01
2026-07-01_M.Berrettini_A.Fils_TEN_M.Berrettini,ATP,,M.Berrettini,ML,,,,,,,,-150,,win,2026-07-03T23:45:42.462000+00:00,,,,2026-07-01
2026-07-01_B.Nakashima_J.Struff_TEN_B.Nakashima,ATP,,B.Nakashima,ML,,,,,,,,-180,,loss,2026-07-03T23:40:30.952000+00:00,,,,2026-07-01
2026-07-01_J.Mensik_G.Dimitrov_TEN_OVER41.5GAMES,ATP,,OVER 41.5 GAMES,ML,,,,,,,,-110,,win,2026-07-03T23:41:46.032000+00:00,,,,2026-07-01
2026-07-01_B.Krejcikova_M.Andreeva_TEN_OVER24.5GAMES,WTA,,OVER 24.5 GAMES,ML,,,,,,,,-110,,win,2026-07-01T19:18:29.778000+00:00,,,,2026-07-01
2026-07-01_A.Fery_O.Virtanen_TEN_OVER3.5SETS,ATP,,OVER 3.5 SETS,ML,,,,,,,,-110,,win,2026-07-03T23:45:26.754000+00:00,,,,2026-07-01
2026-07-01_OAK_LAD_OU_UNDER12.5,MLB,,UNDER 12.5,OU,,,,,,,,-110,,win,2026-07-03T23:48:46.781000+00:00,,,,2026-07-01
2026-07-01_J.Sinner_N.Borges_TEN_J.Sinner,ATP,,J.Sinner,ML,,,,,,,,-700,,win,2026-07-01T19:05:26.763000+00:00,,,,2026-07-01
2026-07-01_T.Fritz_P.Kypson_TEN_T.Fritz,ATP,,T.Fritz,ML,,,,,,,,-550,,win,2026-07-03T23:39:12.969000+00:00,,,,2026-07-01
2026-07-01_J.Sinner_N.Borges_TEN_UNDER3.5SETS,ATP,,UNDER 3.5 SETS,ML,,,,,,,,-110,,win,2026-07-01T19:05:46.448000+00:00,,,,2026-07-01
2026-07-01_Z.Svajda_K.Majchrzak_TEN_Z.Svajda,ATP,,Z.Svajda,ML,,,,,,,,-130,,win,2026-07-03T23:41:13.678000+00:00,,,,2026-07-01
2026-07-01_TOR_NYM_OU_UNDER8.5,MLB,,UNDER 8.5,OU,,,,,,,,-110,,loss,2026-07-02T00:10:20.478000+00:00,,,,2026-07-01
2026-07-01_PHI_PIT_SPREAD_PIT+1.5,MLB,,PIT +1.5,SPREAD,,,,,,,,-115,,loss,2026-07-03T23:47:19.960000+00:00,,,,2026-07-01
2026-07-01_KC_TB_SPREAD_KC+1.5,MLB,,KC +1.5,SPREAD,,,,,,,,-115,,loss,2026-07-03T23:47:37.255000+00:00,,,,2026-07-01
2026-07-01_KC_TB_OU_UNDER10.5,MLB,,UNDER 10.5,OU,,,,,,,,-110,,win,2026-07-03T23:47:29.466000+00:00,,,,2026-07-01
2026-07-01_ENG_COD_SOC_England,SOC,,England,ML,,,,,,,,-118,,win,2026-07-01T19:03:34.835000+00:00,,,,2026-07-01
2026-07-01_HOU_MIN_OU_OVER8.5,MLB,,OVER 8.5,OU,,,,,,,,-110,,win,2026-07-03T23:48:22.489000+00:00,,,,2026-07-01
2026-07-01_MIL_CIN_ML_MIL,MLB,,MIL,ML,,,,,,,,-168,,win,2026-07-03T23:47:53.167000+00:00,,,,2026-07-01
2026-07-01_S.Mochizuki_E.Quinn_TEN_OVER3.5SETS,ATP,,OVER 3.5 SETS,ML,,,,,,,,-110,,loss,2026-07-01T19:06:32.387000+00:00,,,,2026-07-01
2026-07-01_A.Rinderknech_M.Damm_TEN_A.Rinderknech,ATP,,A.Rinderknech,ML,,,,,,,,-200,,win,2026-07-01T19:13:52.778000+00:00,,,,2026-07-01
2026-07-01_D.Merida_D.Medvedev_TEN_UNDER3.5SETS,ATP,,UNDER 3.5 SETS,ML,,,,,,,,-110,,loss,2026-07-01T19:10:07.813000+00:00,,,,2026-07-01
2026-07-01_HOU_MIN_SPREAD_MIN+1.5,MLB,,MIN +1.5,SPREAD,,,,,,,,-115,,win,2026-07-03T23:48:04.132000+00:00,,,,2026-07-01
2026-07-01_M.Berrettini_A.Fils_TEN_OVER41.5GAMES,ATP,,OVER 41.5 GAMES,ML,,,,,,,,-110,,loss,2026-07-03T23:45:59.442000+00:00,,,,2026-07-01
2026-07-01_J.Ostapenko_A.Ruzic_TEN_J.Ostapenko,WTA,,J.Ostapenko,ML,,,,,,,,-200,,win,2026-07-01T19:16:47.682000+00:00,,,,2026-07-01
2026-06-30_J.Paolini_A.Montgomery_TEN_J.Paolini,WTA,,J.Paolini,ML,,,,,,,,-300,,win,2026-06-30T17:47:47.539000+00:00,,,,2026-06-30
2026-06-30_MIL_CIN_OU_UNDER10.5,MLB,,UNDER 10.5,OU,,,,,,,,-110,,win,2026-07-01T03:12:03.657000+00:00,,,,2026-06-30
2026-06-30_NY_LV_OU_OVER171.5,WNBA,,OVER 171.5,OU,,,,,,,,-110,,win,2026-07-01T03:20:30.028000+00:00,,,,2026-06-30
2026-06-30_A.Fils_P.Martinez_TEN_A.Fils,ATP,,A.Fils,ML,,,,,,,,-240,,win,2026-06-30T17:36:08.069000+00:00,,,,2026-06-30
2026-06-30_ATL_STL_OU_OVER7.5,MLB,,OVER 7.5,OU,,,,,,,,-110,,win,2026-07-01T03:12:03.647000+00:00,,,,2026-06-30
2026-06-30_ARI_SF_OU_UNDER9.5,MLB,,UNDER 9.5,OU,,,,,,,,-110,,loss,2026-07-01T04:42:52.050000+00:00,,,,2026-06-30
2026-06-30_CLE_TEX_OU_UNDER8.5,MLB,,UNDER 8.5,OU,,,,,,,,-110,,win,2026-07-01T03:12:03.628000+00:00,,,,2026-06-30
2026-06-30_CLE_TEX_ML_CLE,MLB,,CLE,ML,,,,,,,,81,,loss,2026-07-01T03:12:03.624000+00:00,,,,2026-06-30
2026-06-30_J.Mensik_T.Atmane_TEN_J.Mensik,ATP,,J.Mensik,ML,,,,,,,,-280,,win,2026-06-30T17:48:43.886000+00:00,,,,2026-06-30
2026-06-30_B.Shelton_O.Virtanen_TEN_B.Shelton,ATP,,B.Shelton,ML,,,,,,,,-650,,win,2026-06-30T19:14:34.151000+00:00,,,,2026-06-30
2026-06-30_ATL_STL_ML_ATL,MLB,,ATL,ML,,,,,,,,-144,,loss,2026-07-01T03:12:03.646000+00:00,,,,2026-06-30
2026-06-30_B.Bencic_M.Bouzkova_TEN_B.Bencic,WTA,,B.Bencic,ML,,,,,,,,-280,,win,2026-06-30T17:50:06.804000+00:00,,,,2026-06-30
2026-06-30_MIL_CIN_ML_MIL,MLB,,MIL,ML,,,,,,,,-175,,win,2026-07-01T03:12:03.656000+00:00,,,,2026-06-30
2026-06-30_M.Keys_C.Bucsa_TEN_M.Keys,WTA,,M.Keys,ML,,,,,,,,-280,,win,2026-06-30T17:49:27.025000+00:00,,,,2026-06-30
2026-06-30_KC_TB_SPREAD_KC+1.5,MLB,,KC +1.5,SPREAD,,,,,,,,-115,,loss,2026-07-01T03:17:48.991000+00:00,,,,2026-06-30
2026-06-30_E.Mertens_T.Maria_TEN_E.Mertens,WTA,,E.Mertens,ML,,,,,,,,-200,,win,2026-06-30T17:49:13.381000+00:00,,,,2026-06-30
2026-06-30_F.Tiafoe_M.Fucsovics_TEN_F.Tiafoe,ATP,,F.Tiafoe,ML,,,,,,,,-250,,win,2026-07-01T19:04:45.836000+00:00,,,,2026-06-30
2026-06-30_CIV_NOR_SOC_Norway,SOC,,Norway,ML,,,,,,,,+160,,win,2026-06-30T19:14:50.361000+00:00,,,,2026-06-30
2026-06-30_J.Pegula_A.Vidmanova_TEN_J.Pegula,WTA,,J.Pegula,ML,,,,,,,,-600,,win,2026-06-30T17:49:57.512000+00:00,,,,2026-06-30
2026-06-30_D.Shnaider_P.Marcinko_TEN_D.Shnaider,WTA,,D.Shnaider,ML,,,,,,,,-250,,win,2026-07-01T03:15:20.874000+00:00,,,,2026-06-30
2026-06-30_CHC_SD_ML_CHC,MLB,,CHC,ML,,,,,,,,-156,,win,2026-07-01T03:17:16.876000+00:00,,,,2026-06-30
2026-06-30_M.Kostyuk_L.Siegemund_TEN_UNDER2.5SETS,WTA,,UNDER 2.5 SETS,ML,,,,,,,,-110,,win,2026-07-01T03:15:02.314000+00:00,,,,2026-06-30
2026-06-30_CLE_TEX_SPREAD_TEX+1.5,MLB,,TEX +1.5,SPREAD,,,,,,,,-115,,win,2026-07-01T03:19:08.408000+00:00,,,,2026-06-30
2026-06-30_COL_MIA_OU_OVER8.5,MLB,,OVER 8.5,OU,,,,,,,,-110,,win,2026-07-01T03:17:29.658000+00:00,,,,2026-06-30
2026-06-30_K.Siniakova_M.Joint_TEN_K.Siniakova,WTA,,K.Siniakova,ML,,,,,,,,-180,,win,2026-06-30T17:49:48.004000+00:00,,,,2026-06-30
2026-06-30_TOR_NYM_OU_UNDER8.5,MLB,,UNDER 8.5,OU,,,,,,,,-110,,win,2026-07-01T03:18:25.877000+00:00,,,,2026-06-30
2026-06-30_M.Kostyuk_L.Siegemund_TEN_M.Kostyuk,WTA,,M.Kostyuk,ML,,,,,,,,-280,,win,2026-07-01T03:12:37.804000+00:00,,,,2026-06-30
2026-06-30_L.Noskova_K.Volynets_TEN_L.Noskova,WTA,,L.Noskova,ML,,,,,,,,-380,,win,2026-07-01T03:15:32.293000+00:00,,,,2026-06-30
2026-06-30_FRA_SWE_OU_OVER2.5,SOC,,OVER 2.5,OU,,,,,,,,-110,,win,2026-07-01T03:12:21.260000+00:00,,,,2026-06-30
2026-06-30_TOR_NYM_ML_TOR,MLB,,TOR,ML,,,,,,,,-120,,loss,2026-07-01T03:18:36.418000+00:00,,,,2026-06-30
2026-06-30_E.Rybakina_N.Boisson_TEN_E.Rybakina,WTA,,E.Rybakina,ML,,,,,,,,-800,,win,2026-06-30T17:49:01.319000+00:00,,,,2026-06-30
2026-06-30_ATL_STL_SPREAD_ATL-1.5,MLB,,ATL -1.5,SPREAD,,,,,,,,-115,,loss,2026-07-01T03:18:11.711000+00:00,,,,2026-06-30
2026-06-30_HOU_MIN_SPREAD_MIN+1.5,MLB,,MIN +1.5,SPREAD,,,,,,,,-115,,loss,2026-07-01T03:19:35.283000+00:00,,,,2026-06-30
2026-06-30_MEX_ECU_OU_UNDER2.5,SOC,,UNDER 2.5,OU,,,,,,,,-110,,win,2026-07-01T06:32:38.772000+00:00,,,,2026-06-30
2026-06-30_N.Djokovic_W.Yibing_TEN_N.Djokovic,ATP,,N.Djokovic,ML,,,,,,,,-500,,win,2026-06-30T17:48:35.028000+00:00,,,,2026-06-30
2026-06-30_A.Anisimova_A.Li_TEN_A.Anisimova,WTA,,A.Anisimova,ML,,,,,,,,-380,,win,2026-06-30T17:48:25.865000+00:00,,,,2026-06-30
2026-06-30_PHI_PIT_SPREAD_PIT+1.5,MLB,,PIT +1.5,SPREAD,,,,,,,,-115,,loss,2026-07-01T03:18:49.204000+00:00,,,,2026-06-30
2026-06-30_BAL_CWS_SPREAD_CWS+1.5,MLB,,CWS +1.5,SPREAD,,,,,,,,-115,,win,2026-07-01T03:18:59.721000+00:00,,,,2026-06-30
2026-06-30_SEA_LAA_OU_UNDER9.5,MLB,,UNDER 9.5,OU,,,,,,,,-110,,loss,2026-07-01T04:42:52.031000+00:00,,,,2026-06-30
2026-06-30_FRA_SWE_SOC_AHFrance-1,SOC,,AH France -1,ML,,,,,,,,-110,,win,2026-07-01T03:12:14.366000+00:00,,,,2026-06-30
2026-06-30_T.Fritz_J.Draper_TEN_T.Fritz,ATP,,T.Fritz,ML,,,,,,,,-160,,win,2026-06-30T17:48:49.185000+00:00,,,,2026-06-30
2026-06-30_KC_TB_OU_UNDER9.5,MLB,,UNDER 9.5,OU,,,,,,,,-110,,loss,2026-07-01T03:12:03.668000+00:00,,,,2026-06-30
2026-06-30_I.Swiatek_T.Townsend_TEN_I.Swiatek,WTA,,I.Swiatek,ML,,,,,,,,-450,,win,2026-06-30T17:49:31.985000+00:00,,,,2026-06-30
2026-06-30_T.Paul_B.van de Zandschulp_TEN_T.Paul,ATP,,T.Paul,ML,,,,,,,,-180,,win,2026-06-30T17:50:49.255000+00:00,,,,2026-06-30
2026-06-30_B.Nakashima_A.Cazaux_TEN_B.Nakashima,ATP,,B.Nakashima,ML,,,,,,,,-220,,win,2026-06-30T17:51:28.085000+00:00,,,,2026-06-30
2026-06-30_A.Bublik_M.Purcell_TEN_A.Bublik,ATP,,A.Bublik,ML,,,,,,,,-350,,win,2026-06-30T17:48:38.568000+00:00,,,,2026-06-30
2026-06-30_NYY_DET_ML_NYY,MLB,,NYY,ML,,,,,,,,-119,,loss,2026-07-01T03:12:03.636000+00:00,,,,2026-06-30
2026-06-29_E.Rybakina_N.Boisson_TEN_UNDER2.5SETS,WTA,,UNDER 2.5 SETS,ML,,,,,,,,-110,,loss,2026-06-30T16:48:27.093000+00:00,,,,2026-06-29
2026-06-29_A.de Minaur_R.Burruchaga_TEN_A.deMinaur,ATP,,A.de Minaur,ML,,,,,,,,-700,,win,2026-06-30T16:51:23.643000+00:00,,,,2026-06-29
2026-06-29_K.Siniakova_M.Joint_TEN_K.Siniakova,WTA,,K.Siniakova,ML,,,,,,,,-180,,win,2026-06-30T16:52:42.829000+00:00,,,,2026-06-29
2026-06-29_A.de Minaur_R.Burruchaga_TEN_UNDER3.5SETS,ATP,,UNDER 3.5 SETS,ML,,,,,,,,-110,,win,2026-06-30T16:51:15.180000+00:00,,,,2026-06-29
2026-06-29_HOU_MIN_OU_UNDER9.5,MLB,,UNDER 9.5,OU,,,,,,,,-110,,loss,2026-07-01T06:31:40.124000+00:00,,,,2026-06-29
2026-06-29_I.Swiatek_T.Townsend_TEN_I.Swiatek,WTA,,I.Swiatek,ML,,,,,,,,-450,,win,2026-06-30T15:55:17.274000+00:00,,,,2026-06-29
2026-06-29_BOS_WSN_OU_UNDER8.5,MLB,,UNDER 8.5,OU,,,,,,,,-110,,loss,2026-06-30T02:33:02.972000+00:00,,,,2026-06-29
2026-06-29_N.Osaka_M.Sherif_TEN_UNDER2.5SETS,WTA,,UNDER 2.5 SETS,ML,,,,,,,,-110,,win,2026-06-29T21:24:04.253000+00:00,,,,2026-06-29
2026-06-29_J.Sinner_M.Kecmanovic_TEN_UNDER3.5SETS,ATP,,UNDER 3.5 SETS,ML,,,,,,,,-110,,loss,2026-06-29T17:37:09.226000+00:00,,,,2026-06-29
2026-06-29_E.Mertens_T.Maria_TEN_UNDER2.5SETS,WTA,,UNDER 2.5 SETS,ML,,,,,,,,-110,,win,2026-07-01T06:29:58.859000+00:00,,,,2026-06-29
2026-06-29_TOR_NYM_OU_UNDER8.5,MLB,,UNDER 8.5,OU,,,,,,,,-110,,win,2026-06-30T02:33:02.966000+00:00,,,,2026-06-29
2026-06-29_A.Rublev_R.Safiullin_TEN_UNDER3.5SETS,ATP,,UNDER 3.5 SETS,ML,,,,,,,,-110,,win,2026-06-29T17:37:47.639000+00:00,,,,2026-06-29
2026-06-29_BAL_CWS_OU_UNDER9.5,MLB,,UNDER 9.5,OU,,,,,,,,-110,,loss,2026-06-30T02:33:02.935000+00:00,,,,2026-06-29
2026-06-29_A.Sabalenka_A.Kostovic_TEN_UNDER2.5SETS,WTA,,UNDER 2.5 SETS,ML,,,,,,,,-110,,win,2026-06-29T21:27:26.610000+00:00,,,,2026-06-29
2026-06-29_C.Ruud_H.Hurkacz_TEN_H.Hurkacz,ATP,,H.Hurkacz,ML,,,,,,,,-150,,win,2026-06-29T17:36:36.583000+00:00,,,,2026-06-29
2026-06-29_D.Medvedev_T.Etcheverry_TEN_UNDER3.5SETS,ATP,,UNDER 3.5 SETS,ML,,,,,,,,-110,,win,2026-06-29T17:41:51.543000+00:00,,,,2026-06-29
2026-06-29_CHC_SD_ML_CHC,MLB,,CHC,ML,,,,,,,,-163,,win,2026-07-01T06:31:06.796000+00:00,,,,2026-06-29
2026-06-29_A.Sabalenka_A.Kostovic_TEN_A.Sabalenka,WTA,,A.Sabalenka,ML,,,,,,,,-700,,win,2026-06-29T17:43:14.292000+00:00,,,,2026-06-29
2026-06-29_L.Samsonova_T.Gibson_TEN_UNDER2.5SETS,WTA,,UNDER 2.5 SETS,ML,,,,,,,,-110,,win,2026-07-01T06:30:14.357000+00:00,,,,2026-06-29
2026-06-29_NYY_DET_ML_NYY,MLB,,NYY,ML,,,,,,,,-141,,loss,2026-06-30T02:33:02.958000+00:00,,,,2026-06-29
2026-06-29_D.Vekic_A.Rus_TEN_D.Vekic,WTA,,D.Vekic,ML,,,,,,,,-180,,win,2026-07-01T06:30:38.166000+00:00,,,,2026-06-29
2026-06-29_T.Paul_B.van de Zandschulp_TEN_T.Paul,ATP,,T.Paul,ML,,,,,,,,-180,,win,2026-06-29T21:42:07.998000+00:00,,,,2026-06-29
2026-06-29_A.Zverev_A.Blockx_TEN_A.Zverev,ATP,,A.Zverev,ML,,,,,,,,-700,,win,2026-07-01T03:23:47.196000+00:00,,,,2026-06-29
2026-06-29_COL_MIA_OU_UNDER8.5,MLB,,UNDER 8.5,OU,,,,,,,,-110,,loss,2026-07-01T06:31:49.229000+00:00,,,,2026-06-29
2026-06-29_I.Swiatek_T.Townsend_TEN_UNDER2.5SETS,WTA,,UNDER 2.5 SETS,ML,,,,,,,,-110,,loss,2026-06-30T16:47:40.099000+00:00,,,,2026-06-29
2026-06-29_J.Paolini_A.Montgomery_TEN_J.Paolini,WTA,,J.Paolini,ML,,,,,,,,-300,,win,2026-06-30T15:55:13.076000+00:00,,,,2026-06-29
2026-06-29_NED_MAR_OU_UNDER2.5,SOC,,UNDER 2.5,OU,,,,,,,,-110,,win,2026-06-30T16:50:25.466000+00:00,,,,2026-06-29
2026-06-29_A.Zverev_A.Blockx_TEN_UNDER3.5SETS,ATP,,UNDER 3.5 SETS,ML,,,,,,,,-110,,loss,2026-06-30T16:50:07.417000+00:00,,,,2026-06-29
2026-06-29_D.Medvedev_T.Etcheverry_TEN_D.Medvedev,ATP,,D.Medvedev,ML,,,,,,,,-380,,win,2026-06-29T17:38:01.934000+00:00,,,,2026-06-29
2026-06-29_A.Anisimova_A.Li_TEN_A.Anisimova,WTA,,A.Anisimova,ML,,,,,,,,-380,,win,2026-06-30T16:47:29.433000+00:00,,,,2026-06-29
2026-06-29_GER_PAR_SOC_AHGermany-1.5,SOC,,AH Germany -1.5,ML,,,,,,,,-110,,loss,2026-06-29T23:45:11.153000+00:00,,,,2026-06-29
2026-06-29_M.Andreeva_A.Bondar_TEN_M.Andreeva,WTA,,M.Andreeva,ML,,,,,,,,-450,,win,2026-06-30T00:05:00.801000+00:00,,,,2026-06-29
2026-06-29_T.Fritz_J.Draper_TEN_T.Fritz,ATP,,T.Fritz,ML,,,,,,,,-160,,win,2026-06-29T21:34:04.702000+00:00,,,,2026-06-29
2026-06-29_TOR_NYM_ML_TOR,MLB,,TOR,ML,,,,,,,,-125,,win,2026-06-30T02:33:02.964000+00:00,,,,2026-06-29
2026-06-29_BAL_CWS_SPREAD_CWS+1.5,MLB,,CWS +1.5,SPREAD,,,,,,,,-115,,win,2026-06-30T02:33:43.938000+00:00,,,,2026-06-29
2026-06-29_M.Andreeva_TBD_TEN_M.Andreeva,WTA,,M.Andreeva,ML,,,,,,,,-450,,win,2026-06-30T00:04:32.015000+00:00,,,,2026-06-29
2026-06-29_A.Kalinskaya_J.Bouzas-Maneiro_TEN_A.Kalinskaya,WTA,,A.Kalinskaya,ML,,,,,,,,-250,,win,2026-06-29T21:37:36.906000+00:00,,,,2026-06-29
2026-06-29_B.Bencic_M.Bouzkova_TEN_B.Bencic,WTA,,B.Bencic,ML,,,,,,,,-280,,win,2026-06-30T16:46:01.799000+00:00,,,,2026-06-29
2026-06-29_M.Keys_C.Bucsa_TEN_UNDER2.5SETS,WTA,,UNDER 2.5 SETS,ML,,,,,,,,-110,,loss,2026-06-30T16:47:18.029000+00:00,,,,2026-06-29
2026-06-29_J.Sinner_M.Kecmanovic_TEN_J.Sinner,ATP,,J.Sinner,ML,,,,,,,,-600,,win,2026-06-29T17:35:21.215000+00:00,,,,2026-06-29
2026-06-29_C.Gauff_T.Korpatsch_TEN_C.Gauff,WTA,,C.Gauff,ML,,,,,,,,-500,,win,2026-06-29T21:29:53.860000+00:00,,,,2026-06-29
2026-06-29_BRA_JPN_SOC_AHBrazil-1,SOC,,AH Brazil -1,ML,,,,,,,,-110,,win,2026-06-29T21:22:14.223000+00:00,,,,2026-06-29
2026-06-29_N.Djokovic_W.Yibing_TEN_N.Djokovic,ATP,,N.Djokovic,ML,,,,,,,,-500,,win,2026-06-30T17:31:43.121000+00:00,,,,2026-06-29
2026-06-29_BRA_JPN_OU_UNDER2.5,SOC,,UNDER 2.5,OU,,,,,,,,-110,,loss,2026-06-29T21:22:29.514000+00:00,,,,2026-06-29
2026-06-29_H.Hurkacz_C.Ruud_TEN_H.Hurkacz,ATP,,H.Hurkacz,ML,,,,,,,,-150,,win,2026-06-29T17:42:29.405000+00:00,,,,2026-06-29
2026-06-29_M.Kostyuk_L.Siegemund_TEN_M.Kostyuk,WTA,,M.Kostyuk,ML,,,,,,,,-280,,win,2026-07-01T06:30:17.450000+00:00,,,,2026-06-29
2026-06-29_M.Keys_C.Bucsa_TEN_M.Keys,WTA,,M.Keys,ML,,,,,,,,-280,,win,2026-06-30T16:47:50.255000+00:00,,,,2026-06-29
2026-06-29_CLE_TEX_OU_UNDER8.5,MLB,,UNDER 8.5,OU,,,,,,,,-110,,loss,2026-06-30T02:33:02.951000+00:00,,,,2026-06-29
2026-06-29_CHC_SD_OU_UNDER9.5,MLB,,UNDER 9.5,OU,,,,,,,,-110,,loss,2026-07-01T06:31:25.402000+00:00,,,,2026-06-29
2026-06-29_E.Svitolina_TBD_TEN_E.Svitolina,WTA,,E.Svitolina,ML,,,,,,,,-380,,loss,2026-07-01T03:24:15.794000+00:00,,,,2026-06-29
2026-06-29_BOS_WSN_SPREAD_WSN+1.5,MLB,,WSN +1.5,SPREAD,,,,,,,,-115,,loss,2026-06-30T02:33:58.072000+00:00,,,,2026-06-29
2026-06-29_ARI_SF_ML_ARI,MLB,,ARI,ML,,,,,,,,-144,,win,2026-07-01T06:32:16.800000+00:00,,,,2026-06-29
2026-06-29_SEA_LAA_ML_SEA,MLB,,SEA,ML,,,,,,,,-208,,win,2026-07-01T06:32:07.071000+00:00,,,,2026-06-29
2026-06-29_L.Samsonova_T.Gibson_TEN_L.Samsonova,WTA,,L.Samsonova,ML,,,,,,,,-260,,win,2026-07-01T06:30:03.212000+00:00,,,,2026-06-29
2026-06-29_J.Ostapenko_Y.Starodubtseva_TEN_J.Ostapenko,WTA,,J.Ostapenko,ML,,,,,,,,-260,,win,2026-06-29T21:23:09.896000+00:00,,,,2026-06-29
2026-06-29_J.Fonseca_J.Sousa_TEN_J.Fonseca,ATP,,J.Fonseca,ML,,,,,,,,-200,,win,2026-06-29T17:42:25.837000+00:00,,,,2026-06-29
2026-06-29_CHC_SD_SPREAD_CHC-1.5,MLB,,CHC -1.5,SPREAD,,,,,,,,-115,,win,2026-07-01T06:31:14.616000+00:00,,,,2026-06-29
2026-06-29_I.Jovic_L.Tsurenko_TEN_I.Jovic,WTA,,I.Jovic,ML,,,,,,,,-300,,win,2026-06-29T21:29:11.224000+00:00,,,,2026-06-29
2026-06-29_B.Shelton_O.Virtanen_TEN_B.Shelton,ATP,,B.Shelton,ML,,,,,,,,-650,,loss,2026-06-30T15:55:21.078000+00:00,,,,2026-06-29
2026-06-29_N.Osaka_M.Sherif_TEN_N.Osaka,WTA,,N.Osaka,ML,,,,,,,,-320,,win,2026-06-29T21:23:41.421000+00:00,,,,2026-06-29
2026-06-29_PHI_PIT_OU_OVER8.5,MLB,,OVER 8.5,OU,,,,,,,,-110,,win,2026-06-30T02:33:02.943000+00:00,,,,2026-06-29
2026-06-29_M.Andreeva_A.Bondar_TEN_UNDER2.5SETS,WTA,,UNDER 2.5 SETS,ML,,,,,,,,-110,,win,2026-06-30T00:05:12.087000+00:00,,,,2026-06-29
2026-06-29_C.Gauff_T.Korpatsch_TEN_UNDER2.5SETS,WTA,,UNDER 2.5 SETS,ML,,,,,,,,-110,,win,2026-06-29T21:42:50.972000+00:00,,,,2026-06-29
2026-06-29_CLE_TEX_SPREAD_TEX+1.5,MLB,,TEX +1.5,SPREAD,,,,,,,,-115,,win,2026-06-30T02:33:51.393000+00:00,,,,2026-06-29
2026-06-29_L.Tien_M.Navone_TEN_UNDER3.5SETS,ATP,,UNDER 3.5 SETS,ML,,,,,,,,-110,,loss,2026-06-29T21:43:15.349000+00:00,,,,2026-06-29
2026-06-29_J.Pegula_A.Vidmanova_TEN_J.Pegula,WTA,,J.Pegula,ML,,,,,,,,-600,,win,2026-06-29T21:28:28.202000+00:00,,,,2026-06-29
2026-06-29_L.Tien_M.Navone_TEN_L.Tien,ATP,,L.Tien,ML,,,,,,,,-250,,win,2026-06-29T17:42:17.745000+00:00,,,,2026-06-29
2026-06-29_MIL_CIN_ML_MIL,MLB,,MIL,ML,,,,,,,,-137,,win,2026-06-30T02:34:07.323000+00:00,,,,2026-06-29
2026-06-29_L.Noskova_TBD_TEN_L.Noskova,WTA,,L.Noskova,ML,,,,,,,,-380,,win,2026-07-01T03:23:52.534000+00:00,,,,2026-06-29
2026-06-29_ARI_SF_OU_UNDER9.5,MLB,,UNDER 9.5,OU,,,,,,,,-110,,loss,2026-07-01T06:32:21.667000+00:00,,,,2026-06-29
2026-06-29_E.Rybakina_N.Boisson_TEN_E.Rybakina,WTA,,E.Rybakina,ML,,,,,,,,-800,,win,2026-06-30T16:49:12.598000+00:00,,,,2026-06-29
2026-06-29_J.Pegula_A.Vidmanova_TEN_UNDER2.5SETS,WTA,,UNDER 2.5 SETS,ML,,,,,,,,-110,,win,2026-06-29T21:27:08.320000+00:00,,,,2026-06-29
2026-06-29_B.Krejcikova_D.Yastremska_TEN_B.Krejcikova,WTA,,B.Krejcikova,ML,,,,,,,,-160,,win,2026-06-30T16:53:02.036000+00:00,,,,2026-06-29
2026-06-29_M.Kostyuk_L.Siegemund_TEN_UNDER2.5SETS,WTA,,UNDER 2.5 SETS,ML,,,,,,,,-110,,win,2026-07-01T06:30:22.691000+00:00,,,,2026-06-29
2026-06-29_J.Sinner_M.Kecmanovic_TEN_OVER41.5GAMES,ATP,,OVER 41.5 GAMES,ML,,,,,,,,-110,,win,2026-06-29T17:42:55.798000+00:00,,,,2026-06-29
2026-06-29_E.Mertens_T.Maria_TEN_E.Mertens,WTA,,E.Mertens,ML,,,,,,,,-200,,win,2026-06-30T17:51:01.711000+00:00,,,,2026-06-29
2026-06-29_CLE_TEX_ML_CLE,MLB,,CLE,ML,,,,,,,,-162,,loss,2026-06-30T02:33:02.949000+00:00,,,,2026-06-29
2026-06-29_A.Rublev_R.Safiullin_TEN_A.Rublev,ATP,,A.Rublev,ML,,,,,,,,-280,,loss,2026-06-29T17:36:51.622000+00:00,,,,2026-06-29
2026-06-28_NYM_PHI_OU_UNDER8.5,MLB,,UNDER 8.5,OU,,,,,,,,-110,,loss,2026-06-28T21:38:58.404000+00:00,,,,2026-06-28
2026-06-28_NYM_PHI_SPREAD_PHI+1.5,MLB,,PHI +1.5,SPREAD,,,,,,,,-115,,win,2026-06-28T22:17:17.590000+00:00,,,,2026-06-28
2026-06-28_TB_ARI_OU_UNDER9.5,MLB,,UNDER 9.5,OU,,,,,,,,-110,,win,2026-06-28T20:09:22.520000+00:00,,,,2026-06-28
2026-06-28_TOR_TEX_OU_UNDER8.5,MLB,,UNDER 8.5,OU,,,,,,,,-110,,win,2026-06-28T20:35:35.728000+00:00,,,,2026-06-28
2026-06-28_TOR_TEX_ML_TEX,MLB,,TEX,ML,,,,,,,,-158,,win,2026-06-28T20:35:35.726000+00:00,,,,2026-06-28
2026-06-28_H.Hurkacz_C.Ruud_TEN_H.Hurkacz,ATP,,H.Hurkacz,ML,,,,,,,,-150,,win,2026-06-30T00:57:28.844000+00:00,,,,2026-06-28
2026-06-28_MIN_COL_ML_MIN,MLB,,MIN,ML,,,,,,,,-178,,win,2026-06-28T21:38:58.481000+00:00,,,,2026-06-28
2026-06-28_J.Paolini_A.Montgomery_TEN_J.Paolini,WTA,,J.Paolini,ML,,,,,,,,-300,,win,2026-06-30T15:54:55.466000+00:00,,,,2026-06-28
2026-06-28_MIN_COL_SPREAD_COL+1.5,MLB,,COL +1.5,SPREAD,,,,,,,,-115,,win,2026-06-28T22:18:07.553000+00:00,,,,2026-06-28
2026-06-28_A.Sabalenka_A.Kostovic_TEN_A.Sabalenka,WTA,,A.Sabalenka,ML,,,,,,,,-700,,win,2026-06-30T00:57:36.734000+00:00,,,,2026-06-28
2026-06-28_MIL_CHC_SPREAD_CHC+1.5,MLB,,CHC +1.5,SPREAD,,,,,,,,-115,,win,2026-06-28T22:17:56.934000+00:00,,,,2026-06-28
2026-06-28_CLE_SEA_OU_UNDER9.5,MLB,,UNDER 9.5,OU,,,,,,,,-110,,loss,2026-06-28T21:38:58.436000+00:00,,,,2026-06-28
2026-06-28_CWS_KC_ML_CWS,MLB,,CWS,ML,,,,,,,,-176,,loss,2026-06-28T21:38:58.501000+00:00,,,,2026-06-28
2026-06-28_C.Gauff_T.Korpatsch_TEN_C.Gauff,WTA,,C.Gauff,ML,,,,,,,,-500,,win,2026-06-30T00:57:59.404000+00:00,,,,2026-06-28
2026-06-28_LAA_OAK_SPREAD_OAK+1.5,MLB,,OAK +1.5,SPREAD,,,,,,,,-115,,loss,2026-06-28T22:18:31.907000+00:00,,,,2026-06-28
2026-06-28_J.Sinner_M.Kecmanovic_TEN_J.Sinner,ATP,,J.Sinner,ML,,,,,,,,-600,,win,2026-06-30T00:57:47.422000+00:00,,,,2026-06-28
2026-06-28_STL_MIA_SPREAD_MIA+1.5,MLB,,MIA +1.5,SPREAD,,,,,,,,-115,,win,2026-06-28T22:18:24.069000+00:00,,,,2026-06-28
2026-06-28_E.Rybakina_N.Boisson_TEN_E.Rybakina,WTA,,E.Rybakina,ML,,,,,,,,-800,,win,2026-06-30T16:49:07.674000+00:00,,,,2026-06-28
2026-06-28_SD_LAD_OU_UNDER9.5,MLB,,UNDER 9.5,OU,,,,,,,,-110,,win,2026-06-28T23:08:18.015000+00:00,,,,2026-06-28
2026-06-28_I.Swiatek_T.Townsend_TEN_I.Swiatek,WTA,,I.Swiatek,ML,,,,,,,,-450,,win,2026-06-30T15:55:01.225000+00:00,,,,2026-06-28
2026-06-28_T.Fritz_J.Draper_TEN_T.Fritz,ATP,,T.Fritz,ML,,,,,,,,-160,,win,2026-06-30T15:55:09.344000+00:00,,,,2026-06-28
2026-06-28_CLE_SEA_SPREAD_SEA+1.5,MLB,,SEA +1.5,SPREAD,,,,,,,,-115,,win,2026-06-28T22:17:42.220000+00:00,,,,2026-06-28
2026-06-28_SF_ATL_OU_UNDER8.5,MLB,,UNDER 8.5,OU,,,,,,,,-110,,win,2026-06-28T22:30:32.165000+00:00,,,,2026-06-28
2026-06-28_LAA_OAK_OU_UNDER9.5,MLB,,UNDER 9.5,OU,,,,,,,,-110,,win,2026-06-28T22:15:17.052000+00:00,,,,2026-06-28
2026-06-28_J.Pegula_A.Vidmanova_TEN_J.Pegula,WTA,,J.Pegula,ML,,,,,,,,-600,,win,2026-06-30T16:49:04.059000+00:00,,,,2026-06-28
2026-06-28_WSH_POR_SPREAD_POR+1.5,NHL,,POR +1.5,SPREAD,,,,,,,,-115,,win,2026-06-29T05:22:21.172000+00:00,,,,2026-06-28
2026-06-28_B.Shelton_O.Virtanen_TEN_B.Shelton,ATP,,B.Shelton,ML,,,,,,,,-650,,loss,2026-06-30T15:55:05.775000+00:00,,,,2026-06-28
2026-06-28_MIL_CHC_OU_UNDER7.5,MLB,,UNDER 7.5,OU,,,,,,,,-110,,win,2026-06-28T21:38:58.458000+00:00,,,,2026-06-28
2026-06-28_GS_NY_SPREAD_GS+9.5,WNBA,,GS +9.5,SPREAD,,,,,,,,-115,,win,2026-06-29T05:22:16.062000+00:00,,,,2026-06-28
2026-06-28_BAL_WSN_SPREAD_WSN+1.5,MLB,,WSN +1.5,SPREAD,,,,,,,,-115,,win,2026-06-28T22:16:54.240000+00:00,,,,2026-06-28
2026-06-28_SD_LAD_SPREAD_LAD+1.5,MLB,,LAD +1.5,SPREAD,,,,,,,,-115,,win,2026-06-29T05:22:33.247000+00:00,,,,2026-06-28
2026-06-27_SD_LAD_SPREAD_LAD+1.5,MLB,,LAD +1.5,SPREAD,,,,,,,,-115,,win,2026-06-28T18:34:22.945000+00:00,,,,2026-06-27
2026-06-27_TB_ARI_ML_TB,MLB,,TB,ML,,,,,,,,-148,,win,2026-06-28T18:32:57.763000+00:00,,,,2026-06-27
2026-06-27_TOR_TEX_ML_TOR,MLB,,TOR,ML,,,,,,,,-164,,loss,2026-06-27T22:34:02.419000+00:00,,,,2026-06-27
2026-06-27_MIN_COL_ML_MIN,MLB,,MIN,ML,,,,,,,,-144,,loss,2026-06-28T18:33:51.796000+00:00,,,,2026-06-27
2026-06-27_TOR_TEX_OU_UNDER8.5,MLB,,UNDER 8.5,OU,,,,,,,,-110,,loss,2026-06-27T22:34:02.420000+00:00,,,,2026-06-27
2026-06-27_ARG_JOR_SOC_AHArgentina-1.5,SOC,,AH Argentina -1.5,ML,,,,,,,,-110,,win,2026-06-28T18:35:04.204000+00:00,,,,2026-06-27
2026-06-27_BAL_WSN_SPREAD_WSN+1.5,MLB,,WSN +1.5,SPREAD,,,,,,,,-115,,win,2026-06-28T18:33:14.059000+00:00,,,,2026-06-27
2026-06-27_CWS_KC_ML_CWS,MLB,,CWS,ML,,,,,,,,-128,,win,2026-06-28T18:32:47.287000+00:00,,,,2026-06-27
2026-06-27_ENG_PAN_SOC_AHEngland-1.5,SOC,,AH England -1.5,ML,,,,,,,,-110,,win,2026-06-28T18:35:27.529000+00:00,,,,2026-06-27
2026-06-27_SEA_ATL_OU_OVER168.5,WNBA,,OVER 168.5,OU,,,,,,,,-110,,win,2026-06-28T18:40:04.306000+00:00,,,,2026-06-27
2026-06-27_NYM_PHI_OU_UNDER8.5,MLB,,UNDER 8.5,OU,,,,,,,,-110,,win,2026-06-28T18:32:35.409000+00:00,,,,2026-06-27
2026-06-27_CWS_KC_OU_UNDER9.5,MLB,,UNDER 9.5,OU,,,,,,,,-110,,win,2026-06-28T18:32:50.239000+00:00,,,,2026-06-27
2026-06-27_ENG_PAN_SOC_England,SOC,,England,ML,,,,,,,,-119,,win,2026-06-28T18:35:30.807000+00:00,,,,2026-06-27
2026-06-27_SF_ATL_OU_UNDER8.5,MLB,,UNDER 8.5,OU,,,,,,,,-110,,win,2026-06-28T18:34:36.953000+00:00,,,,2026-06-27
2026-06-27_CLE_SEA_OU_UNDER9.5,MLB,,UNDER 9.5,OU,,,,,,,,-110,,win,2026-06-28T18:33:21.521000+00:00,,,,2026-06-27
2026-06-27_IND_LA_SPREAD_IND8.5,WNBA,,IND -8.5,SPREAD,,,,,,,,-115,,win,2026-06-28T18:40:12.338000+00:00,,,,2026-06-27
2026-06-27_PIT_CIN_ML_PIT,MLB,,PIT,ML,,,,,,,,91,,loss,2026-06-28T18:31:57.156000+00:00,,,,2026-06-27
2026-06-27_BOS_NYY_ML_NYY,MLB,,NYY,ML,,,,,,,,-161,,loss,2026-06-27T19:37:25.948000+00:00,,,,2026-06-27
2026-06-27_TOR_PHX_SPREAD_TOR+1.5,WNBA,,TOR +1.5,SPREAD,,,,,,,,-115,,loss,2026-06-28T18:40:17.528000+00:00,,,,2026-06-27
2026-06-27_CLE_SEA_SPREAD_SEA+1.5,MLB,,SEA +1.5,SPREAD,,,,,,,,-115,,win,2026-06-28T18:33:26.240000+00:00,,,,2026-06-27
2026-06-27_ALG_AUT_OU_UNDER2.5,SOC,,UNDER 2.5,OU,,,,,,,,-110,,loss,2026-06-28T18:35:16.570000+00:00,,,,2026-06-27
2026-06-27_LAA_OAK_ML_LAA,MLB,,LAA,ML,,,,,,,,-114,,win,2026-06-28T18:34:42.864000+00:00,,,,2026-06-27
2026-06-27_SEA_ATL_SPREAD_SEA+9.5,WNBA,,SEA +9.5,SPREAD,,,,,,,,-115,,win,2026-06-28T18:37:41.165000+00:00,,,,2026-06-27
2026-06-27_TB_ARI_SPREAD_ARI+1.5,MLB,,ARI +1.5,SPREAD,,,,,,,,-115,,loss,2026-06-28T18:33:03.244000+00:00,,,,2026-06-27
2026-06-27_PIT_CIN_SPREAD_CIN+1.5,MLB,,CIN +1.5,SPREAD,,,,,,,,-115,,win,2026-06-28T18:32:05.080000+00:00,,,,2026-06-27
2026-06-27_STL_MIA_ML_STL,MLB,,STL,ML,,,,,,,,-137,,loss,2026-06-28T18:34:16.624000+00:00,,,,2026-06-27
2026-06-27_DET_HOU_SPREAD_HOU+1.5,MLB,,HOU +1.5,SPREAD,,,,,,,,-115,,win,2026-06-28T18:31:49.690000+00:00,,,,2026-06-27
2026-06-27_POR_COL_SOC_AHPortugal-0.5,SOC,,AH Portugal -0.5,ML,,,,,,,,-110,,loss,2026-06-28T18:35:22.871000+00:00,,,,2026-06-27
2026-06-27_PHX_TOR_WNBA_PHXML,WNBA,,PHX ML,ML,,,,,,,,-115,,win,2026-06-28T18:40:32.770000+00:00,,,,2026-06-27
2026-06-26_LAA_OAK_SPREAD_OAK+1.5,MLB,,OAK +1.5,SPREAD,,,,,,,,-115,,win,2026-06-28T18:31:05.732000+00:00,,,,2026-06-26
2026-06-26_ESP_URU_SOC_AHSpain-0.5,SOC,,AH Spain -0.5,ML,,,,,,,,-110,,win,2026-06-28T18:36:18.788000+00:00,,,,2026-06-26
2026-06-26_NYM_PHI_SPREAD_PHI+1.5,MLB,,PHI +1.5,SPREAD,,,,,,,,-115,,win,2026-06-28T18:30:09.212000+00:00,,,,2026-06-26
2026-06-26_CLE_SEA_OU_UNDER9.5,MLB,,UNDER 9.5,OU,,,,,,,,-110,,win,2026-06-27T03:11:40.124000+00:00,,,,2026-06-26
2026-06-26_GS_ATL_SPREAD_GS+9.5,WNBA,,GS +9.5,SPREAD,,,,,,,,-115,,win,2026-06-28T18:37:18.224000+00:00,,,,2026-06-26
2026-06-26_SD_LAD_ML_SD,MLB,,SD,ML,,,,,,,,68,,win,2026-06-28T18:31:19.214000+00:00,,,,2026-06-26
2026-06-26_KSA_CPV_SOC_AHSaudiArabia-0.5,SOC,,AH Saudi Arabia -0.5,ML,,,,,,,,-110,,loss,2026-06-28T18:36:12.754000+00:00,,,,2026-06-26
2026-06-26_CHI_POR_SPREAD_CHI3.5,NHL,,CHI -3.5,SPREAD,,,,,,,,-115,,win,2026-06-28T18:37:26.902000+00:00,,,,2026-06-26
2026-06-26_CLE_SEA_ML_CLE,MLB,,CLE,ML,,,,,,,,-110,,loss,2026-06-27T03:11:40.122000+00:00,,,,2026-06-26
2026-06-26_LAA_OAK_OU_UNDER9.5,MLB,,UNDER 9.5,OU,,,,,,,,-110,,loss,2026-06-28T18:30:59.840000+00:00,,,,2026-06-26
2026-06-26_TOR_TEX_OU_UNDER8.5,MLB,,UNDER 8.5,OU,,,,,,,,-110,,loss,2026-06-27T03:11:40.088000+00:00,,,,2026-06-26
2026-06-26_FRA_NOR_OU_UNDER2.5,SOC,,UNDER 2.5,OU,,,,,,,,-110,,loss,2026-06-28T18:36:38.957000+00:00,,,,2026-06-26
2026-06-26_MIN_COL_OU_UNDER9.5,MLB,,UNDER 9.5,OU,,,,,,,,-110,,loss,2026-06-27T03:11:40.145000+00:00,,,,2026-06-26
2026-06-26_TB_ARI_ML_TB,MLB,,TB,ML,,,,,,,,-137,,win,2026-06-27T03:11:40.095000+00:00,,,,2026-06-26
2026-06-26_SD_LAD_OU_UNDER9.5,MLB,,UNDER 9.5,OU,,,,,,,,-110,,win,2026-06-28T18:31:29.573000+00:00,,,,2026-06-26
2026-06-26_MIL_CHC_OU_OVER7.5,MLB,,OVER 7.5,OU,,,,,,,,-110,,win,2026-06-27T03:11:40.140000+00:00,,,,2026-06-26
2026-06-26_CON_WSH_SPREAD_CON+1.5,WNBA,,CON +1.5,SPREAD,,,,,,,,-115,,win,2026-06-28T18:37:32.972000+00:00,,,,2026-06-26
2026-06-26_MIL_CHC_ML_MIL,MLB,,MIL,ML,,,,,,,,-245,,win,2026-06-27T03:11:40.139000+00:00,,,,2026-06-26
2026-06-26_CWS_KC_OU_OVER9.5,MLB,,OVER 9.5,OU,,,,,,,,-110,,win,2026-06-27T03:11:40.133000+00:00,,,,2026-06-26
2026-06-26_TOR_TEX_SPREAD_TEX+1.5,MLB,,TEX +1.5,SPREAD,,,,,,,,-115,,win,2026-06-28T18:30:03.222000+00:00,,,,2026-06-26
2026-06-26_STL_MIA_OU_UNDER8.5,MLB,,UNDER 8.5,OU,,,,,,,,-110,,win,2026-06-28T18:30:53.899000+00:00,,,,2026-06-26
2026-06-26_STL_MIA_SPREAD_MIA+1.5,MLB,,MIA +1.5,SPREAD,,,,,,,,-115,,win,2026-06-28T18:30:50.773000+00:00,,,,2026-06-26
2026-06-26_CLE_SEA_SPREAD_SEA+1.5,MLB,,SEA +1.5,SPREAD,,,,,,,,-115,,win,2026-06-28T18:30:17.677000+00:00,,,,2026-06-26
2026-06-26_MIN_COL_ML_MIN,MLB,,MIN,ML,,,,,,,,-180,,win,2026-06-27T03:11:40.148000+00:00,,,,2026-06-26
2026-06-26_NYM_PHI_OU_UNDER8.5,MLB,,UNDER 8.5,OU,,,,,,,,-110,,win,2026-06-27T03:11:40.112000+00:00,,,,2026-06-26
2026-06-26_PIT_CIN_ML_PIT,MLB,,PIT,ML,,,,,,,,-193,,loss,2026-06-27T03:11:40.061000+00:00,,,,2026-06-26
2026-06-26_STL_MIA_ML_STL,MLB,,STL,ML,,,,,,,,-112,,loss,2026-06-28T18:30:34.843000+00:00,,,,2026-06-26
2026-06-26_DET_HOU_SPREAD_HOU+1.5,MLB,,HOU +1.5,SPREAD,,,,,,,,-115,,loss,2026-06-28T18:29:41.834000+00:00,,,,2026-06-26
2026-06-26_DET_HOU_OU_UNDER8.5,MLB,,UNDER 8.5,OU,,,,,,,,-110,,win,2026-06-27T03:11:40.073000+00:00,,,,2026-06-26
2026-06-26_FRA_NOR_SOC_AHFrance-1,SOC,,AH France -1,ML,,,,,,,,-110,,win,2026-06-28T18:36:35.132000+00:00,,,,2026-06-26
2026-06-26_ESP_URU_OU_UNDER2.5,SOC,,UNDER 2.5,OU,,,,,,,,-110,,win,2026-06-28T18:36:06.652000+00:00,,,,2026-06-26
2026-06-26_SF_ATL_ML_ATL,MLB,,ATL,ML,,,,,,,,-120,,win,2026-06-28T18:31:37.191000+00:00,,,,2026-06-26
2026-06-26_IRN_EGY_OU_UNDER2.5,SOC,,UNDER 2.5,OU,,,,,,,,-110,,win,2026-06-28T18:35:59.518000+00:00,,,,2026-06-26
2026-06-26_ATL_GS_WNBA_ATLML,WNBA,,ATL ML,ML,,,,,,,,-175,,loss,2026-06-28T18:37:13.273000+00:00,,,,2026-06-26
2026-06-25_TOR_LA_SPREAD_TOR+1.5,WNBA,,TOR +1.5,SPREAD,,,,,,,,-115,,win,2026-06-26T03:56:08.678000+00:00,,,,2026-06-25
2026-06-25_TOR_LA_OU_OVER180.5,WNBA,,OVER 180.5,OU,,,,,,,,-110,,win,2026-06-26T03:56:33.183000+00:00,,,,2026-06-25
2026-06-25_SEA_NY_SPREAD_SEA+9.5,WNBA,,SEA +9.5,SPREAD,,,,,,,,-115,,win,2026-06-26T04:00:38.529000+00:00,,,,2026-06-25
2026-06-25_WSN_PHI_SPREAD_PHI+1.5,MLB,,PHI +1.5,SPREAD,,,,,,,,-115,,win,2026-06-26T04:00:24.192000+00:00,,,,2026-06-25
2026-06-25_SF_OAK_SPREAD_OAK+1.5,MLB,,OAK +1.5,SPREAD,,,,,,,,-115,,win,2026-06-26T04:01:10.252000+00:00,,,,2026-06-25
2026-06-25_GER_ECU_SOC_AHGermany-1,SOC,,AH Germany -1,ML,,,,,,,,-110,,loss,2026-06-25T22:27:24.574000+00:00,,,,2026-06-25
2026-06-25_TOR_TEX_SPREAD_TEX+1.5,MLB,,TEX +1.5,SPREAD,,,,,,,,-115,,win,2026-06-26T04:01:01.175000+00:00,,,,2026-06-25
2026-06-25_SEA_NY_OU_OVER168.5,WNBA,,OVER 168.5,OU,,,,,,,,-110,,win,2026-06-26T03:56:52.024000+00:00,,,,2026-06-25
prop_1782418855037,NBA,,Aja Wilson OVER PRA O34.5,PROP,,,,,,,,-257,,win,2026-06-26T03:59:28.732000+00:00,,,,2026-06-25
2026-06-25_SWE_JPN_OU_UNDER2.5,SOC,,UNDER 2.5,OU,,,,,,,,-110,,win,2026-06-26T03:55:14.082000+00:00,,,,2026-06-25
2026-06-25_AUS_PAR_OU_UNDER2.5,SOC,,UNDER 2.5,OU,,,,,,,,-110,,win,2026-06-26T04:17:58.496000+00:00,,,,2026-06-25
2026-06-25_TOR_TEX_ML_TOR,MLB,,TOR,ML,,,,,,,,-144,,loss,2026-06-26T03:54:52.084000+00:00,,,,2026-06-25
2026-06-25_SF_OAK_OU_UNDER8.5,MLB,,UNDER 8.5,OU,,,,,,,,-110,,loss,2026-06-25T22:49:53.098000+00:00,,,,2026-06-25
2026-06-25_PIT_SEA_OU_UNDER8.5,MLB,,UNDER 8.5,OU,,,,,,,,-110,,win,2026-06-25T20:17:43.579000+00:00,,,,2026-06-25
prop_1782418894502,NBA,,Natisha Hiedeman OVER PTS O14.5,PROP,,,,,,,,-223,,loss,2026-06-26T04:00:06.787000+00:00,,,,2026-06-25
2026-06-25_WSN_PHI_ML_WSN,MLB,,WSN,ML,,,,,,,,56,,loss,2026-06-26T03:54:52.074000+00:00,,,,2026-06-25
2026-06-25_PIT_SEA_ML_PIT,MLB,,PIT,ML,,,,,,,,-147,,win,2026-06-25T22:32:42.159000+00:00,,,,2026-06-25
2026-06-25_TOR_TEX_OU_UNDER9.5,MLB,,UNDER 9.5,OU,,,,,,,,-110,,loss,2026-06-26T03:54:52.090000+00:00,,,,2026-06-25
prop_1782418848915,NBA,,Aja Wilson OVER PTS O22.5,PROP,,,,,,,,-257,,win,2026-06-26T03:59:09.839000+00:00,,,,2026-06-25
2026-06-25_USA_TUR_SOC_AHUnitedStates-0.5,SOC,,AH United States -0.5,ML,,,,,,,,-110,,loss,2026-06-26T04:02:36.567000+00:00,,,,2026-06-25
2026-06-25_CIV_CUW_SOC_AHIvoryCoast-1.5,SOC,,AH Ivory Coast -1.5,ML,,,,,,,,-110,,win,2026-06-25T22:33:17.137000+00:00,,,,2026-06-25
2026-06-25_TOR_TEX_OU_UNDER8.5,MLB,,UNDER 8.5,OU,,,,,,,,-110,,loss,2026-06-26T03:54:52.086000+00:00,,,,2026-06-25
2026-06-25_DET_HOU_ML_DET,MLB,,DET,ML,,,,,,,,-115,,loss,2026-06-26T03:54:52.030000+00:00,,,,2026-06-25
prop_1782418886547,NBA,,Jackie Young OVER PRA O24.5,PROP,,,,,,,,-233,,win,2026-06-26T03:59:49.924000+00:00,,,,2026-06-25
prop_1782418819954,NBA,,Marina Mabrey OVER PTS O17.5,PROP,,,,,,,,-245,,win,2026-06-26T03:57:18.685000+00:00,,,,2026-06-25
2026-06-25_GER_ECU_SOC_Germany,SOC,,Germany,ML,,,,,,,,+107,,loss,2026-06-25T22:33:08.764000+00:00,,,,2026-06-25
2026-06-25_NED_TUN_SOC_AHNetherlands-1,SOC,,AH Netherlands -1,ML,,,,,,,,-110,,win,2026-06-26T03:55:21.539000+00:00,,,,2026-06-25
2026-06-24_MAR_HAI_OU_UNDER3.5,SOC,,UNDER 3.5,OU,,,,,,,,-110,,loss,2026-06-25T03:11:11.083000+00:00,,,,2026-06-24
2026-06-24_KOR_RSA_OU_UNDER2.5,SOC,,UNDER 2.5,OU,,,,,,,,-110,,win,2026-06-25T03:14:58.165000+00:00,,,,2026-06-24
2026-06-24_TOR_HOU_OU_UNDER8.5,MLB,,UNDER 8.5,OU,,,,,,,,-110,,win,2026-06-25T03:09:42.325000+00:00,,,,2026-06-24
2026-06-24_DET_NYY_OU_UNDER8.5,MLB,,UNDER 8.5,OU,,,,,,,,-110,,win,2026-06-25T03:09:42.287000+00:00,,,,2026-06-24
2026-06-24_MIN_LAD_SPREAD_LAD+1.5,MLB,,LAD +1.5,SPREAD,,,,,,,,-115,,win,2026-06-25T03:11:50.192000+00:00,,,,2026-06-24
2026-06-24_WSH_MIN_SPREAD_MIN-8.5,WNBA,,MIN -8.5,SPREAD,,,,,,,,-115,,loss,2026-06-25T03:13:25.204000+00:00,,,,2026-06-24
2026-06-24_MIA_TEX_OU_UNDER8.5,MLB,,UNDER 8.5,OU,,,,,,,,-110,,win,2026-06-24T18:41:59.299000+00:00,,,,2026-06-24
2026-06-24_PIT_SEA_OU_UNDER8.5,MLB,,UNDER 8.5,OU,,,,,,,,-110,,loss,2026-06-25T03:09:42.299000+00:00,,,,2026-06-24
2026-06-24_SD_ATL_OU_UNDER9.5,MLB,,UNDER 9.5,OU,,,,,,,,-110,,win,2026-06-25T03:23:41.159000+00:00,,,,2026-06-24
2026-06-24_COL_BOS_OU_UNDER8.5,MLB,,UNDER 8.5,OU,,,,,,,,-110,,loss,2026-06-24T22:04:31.090000+00:00,,,,2026-06-24
2026-06-24_STL_ARI_SPREAD_ARI+1.5,MLB,,ARI +1.5,SPREAD,,,,,,,,-115,,win,2026-06-25T03:11:44.404000+00:00,,,,2026-06-24
2026-06-24_IND_PHX_OU_OVER175.5,WNBA,,OVER 175.5,OU,,,,,,,,-110,,win,2026-06-25T03:13:11.415000+00:00,,,,2026-06-24
2026-06-24_WSH_MIN_SPREAD_MIN-1.5,WNBA,,MIN -1.5,SPREAD,,,,,,,,-115,,win,2026-06-25T03:13:17.838000+00:00,,,,2026-06-24
2026-06-24_CHI_POR_SPREAD_CHI3.5,NHL,,CHI -3.5,SPREAD,,,,,,,,-115,,win,2026-06-25T18:16:51.584000+00:00,,,,2026-06-24
2026-06-24_NYM_CHC_OU_UNDER8.5,MLB,,UNDER 8.5,OU,,,,,,,,-110,,loss,2026-06-24T19:55:48.027000+00:00,,,,2026-06-24
2026-06-24_MEX_CZE_OU_UNDER2.5,SOC,,UNDER 2.5,OU,,,,,,,,-110,,loss,2026-06-25T03:14:53.183000+00:00,,,,2026-06-24
2026-06-24_COL_BOS_SPREAD_BOS+1.5,MLB,,BOS +1.5,SPREAD,,,,,,,,-115,,loss,2026-06-24T22:35:29.543000+00:00,,,,2026-06-24
2026-06-24_TB_KC_OU_UNDER9.5,MLB,,UNDER 9.5,OU,,,,,,,,-110,,win,2026-06-25T03:09:42.263000+00:00,,,,2026-06-24
2026-06-24_LAA_BAL_OU_UNDER9.5,MLB,,UNDER 9.5,OU,,,,,,,,-110,,loss,2026-06-25T03:09:42.252000+00:00,,,,2026-06-24
2026-06-24_MAR_HAI_SOC_AHMorocco-1.5,SOC,,AH Morocco -1.5,ML,,,,,,,,-110,,win,2026-06-25T03:11:23.464000+00:00,,,,2026-06-24
2026-06-24_CWS_CLE_SPREAD_CLE+1.5,MLB,,CLE +1.5,SPREAD,,,,,,,,-115,,win,2026-06-25T03:12:21.907000+00:00,,,,2026-06-24
2026-06-24_MIA_TEX_SPREAD_TEX+1.5,MLB,,TEX +1.5,SPREAD,,,,,,,,-115,,loss,2026-06-24T22:34:44.234000+00:00,,,,2026-06-24
2026-06-24_DET_NYY_SPREAD_NYY+1.5,MLB,,NYY +1.5,SPREAD,,,,,,,,-115,,win,2026-06-25T03:11:05.031000+00:00,,,,2026-06-24
prop_1782331093098,NBA,,Aliyah Boston OVER PRA O25.5,PROP,,,,,,,,-245,,win,2026-06-25T03:10:32.851000+00:00,,,,2026-06-24
2026-06-24_WSN_PHI_OU_UNDER9.5,MLB,,UNDER 9.5,OU,,,,,,,,-110,,win,2026-06-25T03:09:42.310000+00:00,,,,2026-06-24
2026-06-24_DET_NYY_ML_DET,MLB,,DET,ML,,,,,,,,-132,,loss,2026-06-25T03:09:42.285000+00:00,,,,2026-06-24
2026-06-24_PIT_SEA_SPREAD_SEA+1.5,MLB,,SEA +1.5,SPREAD,,,,,,,,-115,,loss,2026-06-25T03:12:38.812000+00:00,,,,2026-06-24
2026-06-24_PIT_SEA_ML_PIT,MLB,,PIT,ML,,,,,,,,-118,,win,2026-06-25T03:09:42.296000+00:00,,,,2026-06-24
2026-06-24_LAA_BAL_SPREAD_BAL+1.5,MLB,,BAL +1.5,SPREAD,,,,,,,,-115,,win,2026-06-25T03:12:12.834000+00:00,,,,2026-06-24
2026-06-24_CWS_CLE_OU_UNDER8.5,MLB,,UNDER 8.5,OU,,,,,,,,-110,,win,2026-06-25T03:09:42.216000+00:00,,,,2026-06-24
2026-06-24_WSH_MIN_OU_OVER169.5,WNBA,,OVER 169.5,OU,,,,,,,,-110,,loss,2026-06-25T03:14:00.372000+00:00,,,,2026-06-24
2026-06-24_ATL_GS_WNBA_ATLML,WNBA,,ATL ML,ML,,,,,,,,-193,,loss,2026-06-25T18:16:44.362000+00:00,,,,2026-06-24
2026-06-24_WSN_PHI_SPREAD_PHI+1.5,MLB,,PHI +1.5,SPREAD,,,,,,,,-115,,win,2026-06-25T03:12:01.831000+00:00,,,,2026-06-24
2026-06-24_STL_ARI_OU_UNDER9.5,MLB,,UNDER 9.5,OU,,,,,,,,-110,,loss,2026-06-25T03:09:42.371000+00:00,,,,2026-06-24
2026-06-24_TB_KC_ML_TB,MLB,,TB,ML,,,,,,,,-156,,win,2026-06-25T03:09:42.261000+00:00,,,,2026-06-24
2026-06-24_IND_PHX_WNBA_INDML,WNBA,,IND ML,ML,,,,,,,,-211,,loss,2026-06-25T03:13:02.950000+00:00,,,,2026-06-24
2026-06-24_NYM_CHC_SPREAD_CHC+1.5,MLB,,CHC +1.5,SPREAD,,,,,,,,-115,,win,2026-06-24T22:34:56.149000+00:00,,,,2026-06-24
2026-06-24_TOR_HOU_ML_TOR,MLB,,TOR,ML,,,,,,,,-145,,loss,2026-06-25T03:09:42.323000+00:00,,,,2026-06-24
prop_1782331083030,NBA,,Caitlin Clark OVER PRA O31,PROP,,,,,,,,-257,,loss,2026-06-25T03:10:43.306000+00:00,,,,2026-06-24
2026-06-24_GS_ATL_OU_OVER165.5,WNBA,,OVER 165.5,OU,,,,,,,,-110,,loss,2026-06-25T03:14:05.736000+00:00,,,,2026-06-24
2026-06-24_SCO_BRA_SOC_AHBrazil1.5,SOC,,AH Brazil 1.5,ML,,,,,,,,-110,,win,2026-06-25T03:15:01.458000+00:00,,,,2026-06-24
2026-06-24_CHI_POR_OU_OVER171.5,NHL,,OVER 171.5,OU,,,,,,,,-110,,win,2026-06-25T03:13:39.874000+00:00,,,,2026-06-24
2026-06-24_CHI_POR_WNBA_CHIML,WNBA,,CHI ML,ML,,,,,,,,-143,,win,2026-06-25T03:13:30.651000+00:00,,,,2026-06-24
2026-06-24_SCO_BRA_OU_UNDER3.5,SOC,,UNDER 3.5,OU,,,,,,,,-110,,win,2026-06-25T03:11:17.528000+00:00,,,,2026-06-24
2026-06-24_SF_OAK_OU_UNDER8.5,MLB,,UNDER 8.5,OU,,,,,,,,-110,,win,2026-06-25T18:16:32.343000+00:00,,,,2026-06-24
2026-06-24_CWS_CLE_ML_CWS,MLB,,CWS,ML,,,,,,,,89,,loss,2026-06-25T03:09:42.213000+00:00,,,,2026-06-24
prop_1782261750976,NBA,,Aja Wilson OVER PTS O23.5,PROP,,,,,,,,-257,,loss,2026-06-24T04:22:58.537000+00:00,,,,2026-06-23
2026-06-23_COL_BOS_OU_UNDER10.5,MLB,,UNDER 10.5,OU,,,,,,,,-110,,win,2026-06-24T03:13:23.201000+00:00,,,,2026-06-23
2026-06-23_NYM_CHC_SPREAD_CHC+1.5,MLB,,CHC +1.5,SPREAD,,,,,,,,-115,,win,2026-06-24T02:53:17.931000+00:00,,,,2026-06-23
2026-06-23_LAA_BAL_ML_LAA,MLB,,LAA,ML,,,,,,,,70,,win,2026-06-24T04:20:00.545000+00:00,,,,2026-06-23
2026-06-23_DET_NYY_OU_UNDER8.5,MLB,,UNDER 8.5,OU,,,,,,,,-110,,win,2026-06-24T01:34:10.355000+00:00,,,,2026-06-23
2026-06-23_SF_OAK_OU_UNDER8.5,MLB,,UNDER 8.5,OU,,,,,,,,-110,,win,2026-06-24T04:30:47.820000+00:00,,,,2026-06-23
2026-06-23_MIA_TEX_SPREAD_TEX+1.5,MLB,,TEX +1.5,SPREAD,,,,,,,,-115,,loss,2026-06-24T02:53:03.947000+00:00,,,,2026-06-23
2026-06-23_DET_NYY_SPREAD_DET+1.5,MLB,,DET +1.5,SPREAD,,,,,,,,-115,,win,2026-06-24T02:52:40.702000+00:00,,,,2026-06-23
2026-06-23_COL_BOS_OU_UNDER8.5,MLB,,UNDER 8.5,OU,,,,,,,,-110,,win,2026-06-24T03:13:23.197000+00:00,,,,2026-06-23
prop_1782261910581,NBA,,Jackie Young OVER PRA O24.5,PROP,,,,,,,,-233,,win,2026-06-24T04:23:02.638000+00:00,,,,2026-06-23
2026-06-23_CWS_CLE_OU_UNDER8.5,MLB,,UNDER 8.5,OU,,,,,,,,-110,,win,2026-06-24T02:00:31.650000+00:00,,,,2026-06-23
2026-06-23_PIT_SEA_OU_UNDER8.5,MLB,,UNDER 8.5,OU,,,,,,,,-110,,win,2026-06-24T01:29:03.313000+00:00,,,,2026-06-23
2026-06-23_TB_KC_OU_UNDER9.5,MLB,,UNDER 9.5,OU,,,,,,,,-110,,loss,2026-06-24T01:29:03.299000+00:00,,,,2026-06-23
2026-06-23_MIA_TEX_OU_UNDER8.5,MLB,,UNDER 8.5,OU,,,,,,,,-110,,loss,2026-06-24T01:34:10.387000+00:00,,,,2026-06-23
2026-06-23_SD_ATL_SPREAD_ATL+1.5,MLB,,ATL +1.5,SPREAD,,,,,,,,-115,,win,2026-06-24T04:57:50.516000+00:00,,,,2026-06-23
2026-06-23_WSN_PHI_ML_WSN,MLB,,WSN,ML,,,,,,,,-135,,loss,2026-06-24T01:47:14.694000+00:00,,,,2026-06-23
2026-06-23_CIN_MIL_OU_UNDER10.0,MLB,,UNDER 10.0,OU,,,,,,,,-110,,win,2026-06-24T02:53:27.589000+00:00,,,,2026-06-23
2026-06-23_SD_ATL_OU_UNDER9.5,MLB,,UNDER 9.5,OU,,,,,,,,-110,,loss,2026-06-24T04:55:20.259000+00:00,,,,2026-06-23
2026-06-23_COL_BOS_SPREAD_BOS+1.5,MLB,,BOS +1.5,SPREAD,,,,,,,,-115,,win,2026-06-24T04:20:24.239000+00:00,,,,2026-06-23
2026-06-23_LAA_BAL_OU_UNDER9.5,MLB,,UNDER 9.5,OU,,,,,,,,-110,,win,2026-06-24T04:20:00.549000+00:00,,,,2026-06-23
2026-06-22_CWS_CLE_OU_UNDER8.5,MLB,,UNDER 8.5,OU,,,,,,,,-110,,loss,2026-06-23T23:57:22.293000+00:00,,,,2026-06-22
2026-06-22_MIA_TEX_SPREAD_TEX+1.5,MLB,,TEX +1.5,SPREAD,,,,,,,,-115,,win,2026-06-23T23:54:07.021000+00:00,,,,2026-06-22
2026-06-22_MIA_TEX_ML_MIA,MLB,,MIA,ML,,,,,,,,-131,,loss,2026-06-23T23:54:02.993000+00:00,,,,2026-06-22
2026-06-22_CWS_CLE_ML_CWS,MLB,,CWS,ML,,,,,,,,89,,win,2026-06-23T23:57:00.912000+00:00,,,,2026-06-22
2026-06-22_COL_BOS_SPREAD_BOS+1.5,MLB,,BOS +1.5,SPREAD,,,,,,,,-115,,win,2026-06-23T23:58:20.870000+00:00,,,,2026-06-22
2026-06-22_DET_NYY_OU_UNDER8.5,MLB,,UNDER 8.5,OU,,,,,,,,-110,,win,2026-06-23T23:52:59.729000+00:00,,,,2026-06-22
2026-06-22_TB_KC_OU_UNDER9.5,MLB,,UNDER 9.5,OU,,,,,,,,-110,,win,2026-06-23T23:53:16.853000+00:00,,,,2026-06-22
2026-06-22_STL_ARI_SPREAD_ARI+1.5,MLB,,ARI +1.5,SPREAD,,,,,,,,-115,,win,2026-06-23T23:58:01.754000+00:00,,,,2026-06-22
2026-06-22_CWS_CLE_SPREAD_CLE+1.5,MLB,,CLE +1.5,SPREAD,,,,,,,,-115,,win,2026-06-23T23:57:12.754000+00:00,,,,2026-06-22
2026-06-22_WSN_PHI_OU_UNDER7.5,MLB,,UNDER 7.5,OU,,,,,,,,-110,,win,2026-06-23T23:54:41.513000+00:00,,,,2026-06-22
2026-06-22_TOR_HOU_SPREAD_HOU+1.5,MLB,,HOU +1.5,SPREAD,,,,,,,,-115,,loss,2026-06-23T23:55:32.639000+00:00,,,,2026-06-22
2026-06-22_TOR_HOU_ML_TOR,MLB,,TOR,ML,,,,,,,,-126,,win,2026-06-23T23:55:23.283000+00:00,,,,2026-06-22
2026-06-22_MIA_TEX_OU_UNDER8.5,MLB,,UNDER 8.5,OU,,,,,,,,-110,,win,2026-06-23T23:54:14.469000+00:00,,,,2026-06-22
2026-06-22_SD_ATL_SPREAD_ATL+1.5,MLB,,ATL +1.5,SPREAD,,,,,,,,-115,,win,2026-06-23T23:58:34.399000+00:00,,,,2026-06-22
2026-06-22_CIN_MIL_SPREAD_MIL+1.5,MLB,,MIL +1.5,SPREAD,,,,,,,,-115,,win,2026-06-23T23:56:49.163000+00:00,,,,2026-06-22
2026-06-22_DET_NYY_SPREAD_NYY+1.5,MLB,,NYY +1.5,SPREAD,,,,,,,,-115,,loss,2026-06-23T23:52:51.621000+00:00,,,,2026-06-22
2026-06-22_WSN_PHI_ML_WSN,MLB,,WSN,ML,,,,,,,,-125,,win,2026-06-23T23:54:35.408000+00:00,,,,2026-06-22
2026-06-22_MIN_LAD_SPREAD_LAD+1.5,MLB,,LAD +1.5,SPREAD,,,,,,,,-115,,win,2026-06-23T23:57:36.921000+00:00,,,,2026-06-22
2026-06-22_TOR_HOU_OU_UNDER8.5,MLB,,UNDER 8.5,OU,,,,,,,,-110,,win,2026-06-23T23:56:14.088000+00:00,,,,2026-06-22
2026-06-22_STL_ARI_OU_UNDER9.5,MLB,,UNDER 9.5,OU,,,,,,,,-110,,win,2026-06-23T23:58:09.786000+00:00,,,,2026-06-22
2026-06-22_STL_ARI_ML_STL,MLB,,STL,ML,,,,,,,,-144,,win,2026-06-23T23:57:52.846000+00:00,,,,2026-06-22
2026-06-20_DET_CWS_ML_DET,MLB,,DET,ML,,,,,,,,-130,,win,2026-06-22T16:50:50.137000+00:00,,,,2026-06-20
2026-06-20_DET_CWS_SPREAD_CWS+1.5,MLB,,CWS +1.5,SPREAD,,,,,,,,-115,,loss,2026-06-22T16:51:07.462000+00:00,,,,2026-06-20
2026-06-20_DET_CWS_OU_UNDER8.5,MLB,,UNDER 8.5,OU,,,,,,,,-110,,win,2026-06-22T16:51:03.447000+00:00,,,,2026-06-20
2026-06-20_NYY_CIN_ML_NYY,MLB,,NYY,ML,,,,,,,,-201,,loss,2026-06-22T16:51:14.013000+00:00,,,,2026-06-20
2026-06-20_CHC_TOR_ML_CHC,MLB,,CHC,ML,,,,,,,,-136,,loss,2026-06-22T16:51:19.714000+00:00,,,,2026-06-20
2026-06-20_NYY_CIN_OU_UNDER10.5,MLB,,UNDER 10.5,OU,,,,,,,,-110,,loss,2026-06-22T16:51:27.030000+00:00,,,,2026-06-20
2026-06-20_CHC_TOR_OU_UNDER8.5,MLB,,UNDER 8.5,OU,,,,,,,,-110,,loss,2026-06-22T16:51:34.295000+00:00,,,,2026-06-20
2026-06-20_ATL_MIL_OU_UNDER8.5,MLB,,UNDER 8.5,OU,,,,,,,,-110,,win,2026-06-22T16:51:53.855000+00:00,,,,2026-06-20
2026-06-20_ARI_MIN_SPREAD_MIN+1.5,MLB,,MIN +1.5,SPREAD,,,,,,,,-115,,win,2026-06-22T16:53:10.467000+00:00,,,,2026-06-20
2026-06-20_LAD_BAL_OU_UNDER9.5,MLB,,UNDER 9.5,OU,,,,,,,,-110,,win,2026-06-22T16:53:03.147000+00:00,,,,2026-06-20
2026-06-20_ATL_MIL_ML_ATL,MLB,,ATL,ML,,,,,,,,-142,,win,2026-06-22T16:52:00.177000+00:00,,,,2026-06-20
2026-06-20_MIA_SF_ML_MIA,MLB,,MIA,ML,,,,,,,,-143,,win,2026-06-22T16:52:08.593000+00:00,,,,2026-06-20
2026-06-20_ATL_IND_SPREAD_ATL+8.5,WNBA,,ATL +8.5,SPREAD,,,,,,,,-115,,win,2026-06-22T16:54:15.790000+00:00,,,,2026-06-20
2026-06-20_ATL_MIL_SPREAD_MIL+1.5,MLB,,MIL +1.5,SPREAD,,,,,,,,-115,,win,2026-06-22T16:51:56.766000+00:00,,,,2026-06-20
2026-06-20_MIA_SF_OU_UNDER8.5,MLB,,UNDER 8.5,OU,,,,,,,,-110,,loss,2026-06-22T16:52:15.196000+00:00,,,,2026-06-20
2026-06-20_DAL_CHI_WNBA_DALML,WNBA,,DAL ML,ML,,,,,,,,-125,,win,2026-06-22T16:54:08.958000+00:00,,,,2026-06-20
2026-06-20_ARI_MIN_OU_UNDER9.5,MLB,,UNDER 9.5,OU,,,,,,,,-110,,loss,2026-06-22T16:53:16.990000+00:00,,,,2026-06-20
2026-06-20_ARI_MIN_ML_ARI,MLB,,ARI,ML,,,,,,,,-131,,loss,2026-06-22T16:53:13.982000+00:00,,,,2026-06-20
2026-06-20_TB_WSN_ML_TB,MLB,,TB,ML,,,,,,,,-125,,loss,2026-06-22T16:52:21.678000+00:00,,,,2026-06-20
2026-06-20_SEA_BOS_SPREAD_BOS+1.5,MLB,,BOS +1.5,SPREAD,,,,,,,,-115,,win,2026-06-22T16:53:32.793000+00:00,,,,2026-06-20
2026-06-19_CON_TOR_WNBA_CONML,WNBA,,CON ML,ML,,,,,,,,-139,,loss,2026-06-22T16:53:53.012000+00:00,,,,2026-06-19
2026-06-19_MIN_GS_WNBA_MINML,WNBA,,MIN ML,ML,,,,,,,,-193,,win,2026-06-22T16:54:02.607000+00:00,,,,2026-06-19
2026-06-19_TB_WSN_OU_UNDER9.5,MLB,,UNDER 9.5,OU,,,,,,,,-110,,win,2026-06-20T02:06:32.058000+00:00,,,,2026-06-19
2026-06-19_TB_WSN_ML_TB,MLB,,TB,ML,,,,,,,,-131,,win,2026-06-20T02:06:32.059000+00:00,,,,2026-06-19
2026-06-19_NYY_CIN_OU_UNDER10.5,MLB,,UNDER 10.5,OU,,,,,,,,-110,,win,2026-06-20T02:06:32.048000+00:00,,,,2026-06-19
2026-06-19_KC_STL_ML_KC,MLB,,KC,ML,,,,,,,,83,,win,2026-06-22T16:50:03.547000+00:00,,,,2026-06-19
2026-06-19_MIA_SF_OU_UNDER8.5,MLB,,UNDER 8.5,OU,,,,,,,,-110,,win,2026-06-20T02:06:32.054000+00:00,,,,2026-06-19
2026-06-19_COL_PIT_SPREAD_PIT+1.5,MLB,,PIT +1.5,SPREAD,,,,,,,,-115,,win,2026-06-22T16:50:09.641000+00:00,,,,2026-06-19
2026-06-19_SEA_BOS_OU_UNDER9.5,MLB,,UNDER 9.5,OU,,,,,,,,-110,,win,2026-06-22T16:50:34.598000+00:00,,,,2026-06-19
2026-06-19_COL_PIT_OU_UNDER8.5,MLB,,UNDER 8.5,OU,,,,,,,,-110,,win,2026-06-22T16:50:12.485000+00:00,,,,2026-06-19
2026-06-19_ATL_MIL_SPREAD_MIL+1.5,MLB,,MIL +1.5,SPREAD,,,,,,,,-115,,win,2026-06-22T16:49:42.385000+00:00,,,,2026-06-19
2026-06-19_TEX_SD_OU_UNDER9.5,MLB,,UNDER 9.5,OU,,,,,,,,-110,,loss,2026-06-22T16:49:54.498000+00:00,,,,2026-06-19
2026-06-19_OAK_LAA_SPREAD_LAA+1.5,MLB,,LAA +1.5,SPREAD,,,,,,,,-115,,win,2026-06-22T16:50:22.503000+00:00,,,,2026-06-19
2026-06-19_MIA_SF_ML_MIA,MLB,,MIA,ML,,,,,,,,-120,,win,2026-06-20T02:06:32.052000+00:00,,,,2026-06-19
2026-06-19_CHC_TOR_ML_CHC,MLB,,CHC,ML,,,,,,,,-160,,win,2026-06-20T02:06:29.167000+00:00,,,,2026-06-19
2026-06-19_DET_CWS_SPREAD_CWS+1.5,MLB,,CWS +1.5,SPREAD,,,,,,,,-115,,win,2026-06-22T16:49:17.254000+00:00,,,,2026-06-19
2026-06-19_CHC_TOR_OU_UNDER8.5,MLB,,UNDER 8.5,OU,,,,,,,,-110,,loss,2026-06-20T02:06:29.170000+00:00,,,,2026-06-19
2026-06-19_SEA_BOS_SPREAD_BOS+1.5,MLB,,BOS +1.5,SPREAD,,,,,,,,-115,,win,2026-06-22T16:50:39.952000+00:00,,,,2026-06-19
2026-06-19_DET_CWS_OU_UNDER9.5,MLB,,UNDER 9.5,OU,,,,,,,,-110,,win,2026-06-20T02:11:42.473000+00:00,,,,2026-06-19
2026-06-19_SEA_BOS_ML_SEA,MLB,,SEA,ML,,,,,,,,-112,,loss,2026-06-22T16:50:28.903000+00:00,,,,2026-06-19
2026-06-19_NY_WSH_WNBA_NYML,WNBA,,NY ML,ML,,,,,,,,-193,,loss,2026-06-22T16:53:58.531000+00:00,,,,2026-06-19
2026-06-19_DET_CWS_OU_UNDER8.5,MLB,,UNDER 8.5,OU,,,,,,,,-110,,win,2026-06-20T02:06:32.044000+00:00,,,,2026-06-19
2026-06-19_MIA_SF_SPREAD_SF+1.5,MLB,,SF +1.5,SPREAD,,,,,,,,-115,,win,2026-06-22T16:49:37.347000+00:00,,,,2026-06-19
2026-06-18_KC_STL_SPREAD_STL+1.5,MLB,,STL +1.5,SPREAD,,,,,,,,-115,,loss,2026-06-19T20:46:07.380000+00:00,,,,2026-06-18
2026-06-18_KC_STL_OU_UNDER9.5,MLB,,UNDER 9.5,OU,,,,,,,,-110,,loss,2026-06-22T16:48:59.166000+00:00,,,,2026-06-18
2026-06-18_BOS_TOR_SPREAD_TOR+1.5,MLB,,TOR +1.5,SPREAD,,,,,,,,-115,,win,2026-06-22T16:47:25.970000+00:00,,,,2026-06-18
2026-06-18_SEA_BAL_OU_UNDER9.5,MLB,,UNDER 9.5,OU,,,,,,,,-110,,win,2026-06-22T16:47:37.902000+00:00,,,,2026-06-18
2026-06-18_PHI_NYM_OU_UNDER8.5,MLB,,UNDER 8.5,OU,,,,,,,,-110,,loss,2026-06-22T16:47:51.856000+00:00,,,,2026-06-18
2026-06-18_SEA_BAL_ML_SEA,MLB,,SEA,ML,,,,,,,,-148,,win,2026-06-22T16:47:30.771000+00:00,,,,2026-06-18
2026-06-18_MIL_CLE_OU_UNDER8.5,MLB,,UNDER 8.5,OU,,,,,,,,-110,,win,2026-06-18T21:21:14.149000+00:00,,,,2026-06-18
2026-06-18_BOS_TOR_OU_UNDER8.5,MLB,,UNDER 8.5,OU,,,,,,,,-110,,win,2026-06-18T20:03:41.328000+00:00,,,,2026-06-18
2026-06-18_NYY_CWS_OU_UNDER8.5,MLB,,UNDER 8.5,OU,,,,,,,,-110,,win,2026-06-22T16:48:00.545000+00:00,,,,2026-06-18
2026-06-18_NYY_CWS_ML_NYY,MLB,,NYY,ML,,,,,,,,-171,,loss,2026-06-22T16:47:56.682000+00:00,,,,2026-06-18
2026-06-18_TEX_MIN_ML_TEX,MLB,,TEX,ML,,,,,,,,81,,loss,2026-06-18T21:41:16.276000+00:00,,,,2026-06-18
2026-06-18_MIL_CLE_ML_MIL,MLB,,MIL,ML,,,,,,,,-150,,loss,2026-06-18T21:21:14.146000+00:00,,,,2026-06-18
2026-06-18_IND_ATL_WNBA_INDML,WNBA,,IND ML,ML,,,,,,,,-130,,loss,2026-06-19T18:57:15.877000+00:00,,,,2026-06-18
2026-06-18_TEX_MIN_OU_UNDER8.5,MLB,,UNDER 8.5,OU,,,,,,,,-110,,loss,2026-06-18T21:41:16.278000+00:00,,,,2026-06-18
2026-06-18_SEA_BAL_SPREAD_BAL+1.5,MLB,,BAL +1.5,SPREAD,,,,,,,,-115,,loss,2026-06-22T16:47:42.668000+00:00,,,,2026-06-18
2026-06-17_PHI_MIA_SPREAD_MIA+1.5,MLB,,MIA +1.5,SPREAD,,,,,,,,-115,,win,2026-06-18T17:27:21.218000+00:00,,,,2026-06-17
2026-06-17_MIN_LA_WNBA_MINML,WNBA,,MIN ML,ML,,,,,,,,-191,,win,2026-06-18T17:26:34.467000+00:00,,,,2026-06-17
prop_1781749144521,NBA,,A'ja Wilson OVER PTS O24.5,PROP,,,,,,,,-120,,win,2026-06-18T17:25:22.119000+00:00,,,,2026-06-17
2026-06-17_GS_DAL_SPREAD_GS+3.5,NHL,,GS +3.5,SPREAD,,,,,,,,-115,,win,2026-06-18T17:26:21.196000+00:00,,,,2026-06-17
prop_1781749084001,NBA,,Natisha Hiedeman OVER PTS O13.5,PROP,,,,,,,,-105,,win,2026-06-18T17:25:55.437000+00:00,,,,2026-06-17
2026-06-17_MIL_CLE_ML_MIL,MLB,,MIL,ML,,,,,,,,-126,,win,2026-06-18T03:52:56.729000+00:00,,,,2026-06-17
2026-06-17_SEA_BAL_ML_SEA,MLB,,SEA,ML,,,,,,,,-131,,loss,2026-06-18T17:27:53.149000+00:00,,,,2026-06-17
2026-06-17_PHI_MIA_OU_UNDER8.5,MLB,,UNDER 8.5,OU,,,,,,,,-110,,loss,2026-06-18T03:52:56.700000+00:00,,,,2026-06-17
2026-06-17_CIN_NYM_ML_CIN,MLB,,CIN,ML,,,,,,,,74,,loss,2026-06-18T03:52:56.687000+00:00,,,,2026-06-17
2026-06-17_CIN_NYM_OU_UNDER10.0,MLB,,UNDER 10.0,OU,,,,,,,,-110,,loss,2026-06-18T03:52:56.689000+00:00,,,,2026-06-17
2026-06-17_LAD_TB_SPREAD_TB+1.5,MLB,,TB +1.5,SPREAD,,,,,,,,-115,,win,2026-06-18T17:27:26.586000+00:00,,,,2026-06-17
2026-06-17_LAD_TB_OU_UNDER9.5,MLB,,UNDER 9.5,OU,,,,,,,,-110,,win,2026-06-18T03:52:56.715000+00:00,,,,2026-06-17
prop_1781748996653,NBA,,Sonia Citron OVER PTS O16.5,PROP,,,,,,,,-103,,win,2026-06-18T17:26:11.697000+00:00,,,,2026-06-17
2026-06-17_STL_SD_OU_UNDER9.5,MLB,,UNDER 9.5,OU,,,,,,,,-110,,win,2026-06-18T03:52:56.710000+00:00,,,,2026-06-17
2026-06-17_BOS_TOR_OU_UNDER8.5,MLB,,UNDER 8.5,OU,,,,,,,,-110,,win,2026-06-18T17:27:39.026000+00:00,,,,2026-06-17
2026-06-17_ARI_LAA_OU_UNDER9.5,MLB,,UNDER 9.5,OU,,,,,,,,-110,,win,2026-06-18T03:52:56.720000+00:00,,,,2026-06-17
2026-06-17_NY_CHI_WNBA_NYML,WNBA,,NY ML,ML,,,,,,,,-149,,win,2026-06-18T17:26:41.296000+00:00,,,,2026-06-17
2026-06-17_HOU_DET_OU_UNDER8.5,MLB,,UNDER 8.5,OU,,,,,,,,-110,,win,2026-06-18T03:52:56.706000+00:00,,,,2026-06-17
2026-06-17_CIN_NYM_SPREAD_NYM+1.5,MLB,,NYM +1.5,SPREAD,,,,,,,,-115,,win,2026-06-18T17:27:11.937000+00:00,,,,2026-06-17
prop_1781749153231,NBA,,Olivia Miles OVER AST O5.5,PROP,,,,,,,,-115,,loss,2026-06-18T17:24:47.665000+00:00,,,,2026-06-17
prop_1781749159750,NBA,,Aliyah Coffey OVER REB O5.5,PROP,,,,,,,,-118,,win,2026-06-18T17:25:03.578000+00:00,,,,2026-06-17
2026-06-17_OAK_PIT_OU_UNDER8.5,MLB,,UNDER 8.5,OU,,,,,,,,-110,,loss,2026-06-18T17:27:02.529000+00:00,,,,2026-06-17
2026-06-17_WSN_KC_SPREAD_KC+1.5,MLB,,KC +1.5,SPREAD,,,,,,,,-115,,win,2026-06-18T17:27:16.767000+00:00,,,,2026-06-17
2026-06-17_POR_COD_SOC_AHPortugal-1.5,SOC,,AH Portugal -1.5,ML,,,,,,,,-110,,loss,2026-06-18T17:24:21.501000+00:00,,,,2026-06-17
2026-06-17_WSN_KC_ML_WSN,MLB,,WSN,ML,,,,,,,,-132,,loss,2026-06-18T03:52:56.693000+00:00,,,,2026-06-17
2026-06-17_WSN_KC_OU_UNDER9.5,MLB,,UNDER 9.5,OU,,,,,,,,-110,,win,2026-06-18T03:52:56.694000+00:00,,,,2026-06-17
2026-06-17_PHI_MIA_ML_PHI,MLB,,PHI,ML,,,,,,,,-124,,loss,2026-06-18T03:52:56.699000+00:00,,,,2026-06-17
2026-06-17_SEA_BAL_OU_UNDER9.5,MLB,,UNDER 9.5,OU,,,,,,,,-110,,win,2026-06-18T17:27:46.503000+00:00,,,,2026-06-17
2026-06-17_ENG_CRO_SOC_AHEngland-0.5,SOC,,AH England -0.5,ML,,,,,,,,-110,,win,2026-06-18T17:24:15.931000+00:00,,,,2026-06-17
mlb_027,MLB,,DET +1.5,RL,,,,,,,,-130,,win,,,,,2026-06-15
mlb_037,MLB,,SEA/WSH Under 9.5,OU,,,,,,,,-110,,loss,,,,,2026-06-15
2026-06-15_WSN_KC_ML_KC,MLB,,KC,ML,,,,,,,,+135,,loss,2026-06-16T05:16:27.896000+00:00,,,,2026-06-15
mlb_029,MLB,,TEX ML,ML,,,,,,,,-145,,loss,,,,,2026-06-15
mlb_031,MLB,,STL ML,ML,,,,,,,,+115,,win,,,,,2026-06-15
mlb_035,MLB,,NYM/CIN Under 10.0,OU,,,,,,,,-110,,loss,,,,,2026-06-15
mlb_028,MLB,,MIN/TEX Under 8.5,OU,,,,,,,,-110,,win,,,,,2026-06-15
mlb_025,MLB,,LAA/ARI Under 9.5,OU,,,,,,,,-110,,win,,,,,2026-06-15
mlb_026,MLB,,LAA +1.5,RL,,,,,,,,-125,,win,,,,,2026-06-15
mlb_038,MLB,,WSH ML,ML,,,,,,,,+130,,win,,,,,2026-06-15
mlb_033,MLB,,OAK ML,ML,,,,,,,,-130,,win,,,,,2026-06-15
mlb_030,MLB,,SD/STL Under 9.5,OU,,,,,,,,-110,,win,,,,,2026-06-15
mlb_039,MLB,,MIA/PHI Under 8.5,OU,,,,,,,,-115,,win,,,,,2026-06-15
mlb_032,MLB,,PIT +1.5,RL,,,,,,,,-120,,loss,,,,,2026-06-15
mlb_036,MLB,,CIN ML,ML,,,,,,,,+105,,win,,,,,2026-06-15
mlb_034,MLB,,ARI ML,ML,,,,,,,,-155,,win,,,,,2026-06-15
2026-06-15_PHI_MIA_ML_PHI,MLB,,PHI,ML,,,,,,,,-126,,win,2026-06-16T05:16:27.894000+00:00,,,,2026-06-15
2026-06-14_OAK_COL_ML_OAK,MLB,,OAK,ML,,,,,,,,-164,,loss,2026-06-14T23:09:40.567000+00:00,,,,2026-06-14
2026-06-14_ATL_TOR_WNBA_ATLML,WNBA,,ATL ML,ML,,,,,,,,-127,,win,2026-06-15T21:59:50.938000+00:00,,,,2026-06-14
2026-06-14_PIT_MIA_ML_PIT,MLB,,PIT,ML,,,,,,,,-143,,loss,2026-06-14T19:56:08.928000+00:00,,,,2026-06-14
2026-06-14_NY_WSH_WNBA_NYML,WNBA,,NY ML,ML,,,,,,,,-193,,win,2026-06-15T21:59:41.095000+00:00,,,,2026-06-14
2026-06-14_WSN_SEA_ML_WSN,MLB,,WSN,ML,,,,,,,,-129,,win,2026-06-14T19:56:05.240000+00:00,,,,2026-06-14
2026-06-14_MIL_PHI_ML_MIL,MLB,,MIL,ML,,,,,,,,-163,,win,2026-06-14T20:43:30.056000+00:00,,,,2026-06-14
2026-06-14_CIN_ARI_ML_CIN,MLB,,CIN,ML,,,,,,,,-127,,loss,2026-06-14T23:09:40.563000+00:00,,,,2026-06-14
2026-06-14_KC_HOU_ML_KC,MLB,,KC,ML,,,,,,,,-138,,win,2026-06-14T20:38:33.636000+00:00,,,,2026-06-14
prop_1781386828398,NBA,,Jalen Brunson OVER 3PM O1.5,PROP,,,,,,,,-112,,win,2026-06-14T19:56:00.185000+00:00,,,,2026-06-13
2026-06-13_OAK_COL_ML_OAK,MLB,,OAK,ML,,,,,,,,-157,,win,2026-06-14T19:54:48.667000+00:00,,,,2026-06-13
2026-06-13_SA_NY_NBA_SA,NBA,,SA,ML,,,,,,,,-194,,loss,2026-06-14T19:52:31.249000+00:00,,,,2026-06-13
2026-06-13_IND_CON_WNBA_INDML,WNBA,,IND ML,ML,,,,,,,,-130,,win,2026-06-14T19:55:14.404000+00:00,,,,2026-06-13
2026-06-13_SA_NYK_PROP_VictorWembanyama3PMOVER1.5,NBA,,Victor Wembanyama 3PM OVER 1.5,PROP,,,,,,,,-120,,loss,2026-06-14T19:55:29.908000+00:00,,,,2026-06-13
2026-06-13_SA_NYK_PROP_VictorWembanyamaBLKOVER2.5,NBA,,Victor Wembanyama BLK OVER 2.5,PROP,,,,,,,,-162,,win,2026-06-14T19:55:57.154000+00:00,,,,2026-06-13
2026-06-13_QAT_SUI_SOC_Switzerland,SOC,,Switzerland,ML,,,,,,,,-104,,loss,2026-06-13T21:39:51.201000+00:00,,,,2026-06-13
2026-06-13_PIT_MIA_ML_PIT,MLB,,PIT,ML,,,,,,,,-145,,win,2026-06-13T23:24:02.307000+00:00,,,,2026-06-13
2026-06-13_TOR_NYY_ML_NYY,MLB,,NYY,ML,,,,,,,,+107,,win,2026-06-13T21:46:37.671000+00:00,,,,2026-06-13
2026-06-13_BAL_SD_ML_BAL,MLB,,BAL,ML,,,,,,,,-125,,loss,2026-06-13T22:55:56.582000+00:00,,,,2026-06-13
2026-06-13_SA_NYK_PROP_JalenBrunson3PMOVER2.5,NBA,,Jalen Brunson 3PM OVER 2.5,PROP,,,,,,,,-112,,win,2026-06-14T19:55:37.894000+00:00,,,,2026-06-13
j13_slip1_wc_nba,NBA,,6-Pick WC+NBA: Vinícius O1.5 Shots / Harper O22.5 PRA / Brunson O33.5 PRA / OG O16.5 PTS / Castle O11.5 PTS / Wemby O34.5 PRA,PARLAY,,,,,,,,+1100,,loss,2026-06-15T22:00:23.860000+00:00,,,,2026-06-13
2026-06-13_KC_HOU_ML_KC,MLB,,KC,ML,,,,,,,,-126,,loss,2026-06-14T19:54:58.999000+00:00,,,,2026-06-13
j13_slip2_wnba,WNBA,,4-Pick WNBA: A.Boston O24.5 PRA / A.Wilson O38.5 PRA / J.Young O33 FS / O.Miles O16.5 PTS,PARLAY,,,,,,,,+575,,loss,2026-06-15T22:00:20.198000+00:00,,,,2026-06-13
2026-06-13_WSN_SEA_ML_WSN,MLB,,WSN,ML,,,,,,,,-124,,win,2026-06-13T23:23:48.519000+00:00,,,,2026-06-13
2026-06-13_SA_NYK_PROP_DevinVassell3PMOVER2.5,NBA,,Devin Vassell 3PM OVER 2.5,PROP,,,,,,,,-108,,loss,2026-06-14T19:55:45.412000+00:00,,,,2026-06-13
2026-06-13_CWS_LAD_ML_LAD,MLB,,LAD,ML,,,,,,,,+111,,win,2026-06-13T23:00:55.957000+00:00,,,,2026-06-13
2026-06-13_SA_NYK_PROP_OGAnunobyPTSOVER17.5,NBA,,OG Anunoby PTS OVER 17.5,PROP,,,,,,,,-115,,loss,2026-06-14T19:55:41.469000+00:00,,,,2026-06-13
2026-06-13_MIN_LV_WNBA_MINML,WNBA,,MIN ML,ML,,,,,,,,-137,,loss,2026-06-14T19:55:06.771000+00:00,,,,2026-06-13
2026-06-13_CLE_DET_ML_CLE,MLB,,CLE,ML,,,,,,,,74,,win,2026-06-13T23:23:38.011000+00:00,,,,2026-06-13
2026-06-13_MIN_STL_SPREAD_STL+1.5,NHL,,STL +1.5,SPREAD,,,,,,,,-115,,win,2026-06-13T21:44:57.506000+00:00,,,,2026-06-13
j12_gsv_sea_slip1,WNBA,,4-Pick WNBA Slip 1: Flau'jae O9.5 PTS / G.Williams O24.5 PRA / Thornton O1.5 3PTM / Hiedeman O17.5 PRA — GSV 76 SEA 72,PARLAY,,,,,,,,+575,,loss,,,,,2026-06-12
cvpar_mlb_1781296842960,MLB,,ML PIT|ML BAL|ML CLE,PARLAY,,,,,,,,+700,,loss,2026-06-13T02:13:06.757000+00:00,,,,2026-06-12
2026-06-12_WSH_TOR_WNBA_SPREADWSH-2.5,WNBA,,SPREAD WSH -2.5,ML,,,,,,,,-125,,loss,2026-06-13T02:13:13.815000+00:00,,,,2026-06-12
j12_gsv_sea_s2_flaujae_pts,WNBA,,Flau'jae Johnson OVER PTS 9.5,PROP,,,,,,,,-110,,loss,,,,,2026-06-12
j12_tor_was_slip,WNBA,,3-Pick WNBA TOR@WAS: Sykes O17.5 PTS / Mabrey O19.5 PRA / Citron O14.5 PTS,PARLAY,,,,,,,,+200,,win,,,,,2026-06-12
2026-06-12_CAN_BIH_SOC_UNDER2.5,SOC,,UNDER 2.5,ML,,,,,,,,-110,,win,2026-06-12T21:38:58.494000+00:00,,,,2026-06-12
j12_tor_was_sykes_pts,WNBA,,Brittney Sykes OVER PTS 17.5,PROP,,,,,,,,-110,,win,,,,,2026-06-12
2026-06-12_BAL_SD_ML_BAL,MLB,,BAL,ML,,,,,,,,-131,,win,2026-06-13T01:54:49.522000+00:00,,,,2026-06-12
j12_gsv_sea_s2_gwilliams_pra195,WNBA,,Gabby Williams OVER PRA 19.5,PROP,,,,,,,,-110,,win,,,,,2026-06-12
j12_gsv_sea_s1_flaujae_pts,WNBA,,Flau'jae Johnson OVER PTS 9.5,PROP,,,,,,,,-110,,loss,,,,,2026-06-12
j12_gsv_sea_s2_thornton_3pm,WNBA,,Kayla Thornton OVER 3PTM 1.5,PROP,,,,,,,,-110,,loss,,,,,2026-06-12
2026-06-12_SF_CHC_OU_OVER8.5,MLB,,OVER 8.5,OU,,,,,,,,-110,,loss,2026-06-13T05:05:20.968000+00:00,,,,2026-06-12
j12_gsv_sea_s1_gwilliams_pra245,WNBA,,Gabby Williams OVER PRA 24.5,PROP,,,,,,,,-110,,loss,,,,,2026-06-12
j12_gsv_sea_s1_hiedeman_pra,WNBA,,Natisha Hiedeman OVER PRA 17.5,PROP,,,,,,,,-110,,win,,,,,2026-06-12
j12_gsv_sea_slip2,WNBA,,3-Pick WNBA Slip 2: Flau'jae O9.5 PTS / G.Williams O19.5 PRA / Thornton O1.5 3PTM — GSV 76 SEA 72,PARLAY,,,,,,,,+200,,loss,,,,,2026-06-12
2026-06-12_USA_PAR_OU_UNDER2.5,SOC,,UNDER 2.5,OU,,,,,,,,-110,,loss,2026-06-13T02:12:59.686000+00:00,,,,2026-06-12
j12_tor_was_mabrey_pra,WNBA,,Marina Mabrey OVER PRA 19.5,PROP,,,,,,,,-110,,win,,,,,2026-06-12
j12_tor_was_citron_pts,WNBA,,Sonia Citron OVER PTS 14.5,PROP,,,,,,,,-110,,win,,,,,2026-06-12
j12_gsv_sea_s1_thornton_3pm,WNBA,,Kayla Thornton OVER 3PTM 1.5,PROP,,,,,,,,-110,,loss,,,,,2026-06-12
2026-06-12_USA_PAR_SOC_UnitedStates,SOC,,United States,ML,,,,,,,,-102,,win,2026-06-13T03:52:44.492000+00:00,,,,2026-06-12
2026-06-12_PIT_MIA_ML_PIT,MLB,,PIT,ML,,,,,,,,-144,,loss,2026-06-13T02:13:20.229000+00:00,,,,2026-06-12
2026-06-12_CIN_ARI_ML_CIN,MLB,,CIN,ML,,,,,,,,-115,,loss,2026-06-13T05:05:28.813000+00:00,,,,2026-06-12
2026-06-12_USA_PAR_OU_UNDER3.5,SOC,,UNDER 3.5,OU,,,,,,,,-110,,loss,2026-06-13T02:42:24.222000+00:00,,,,2026-06-12
j11_mitchell_pra,WNBA,,Kelsey Mitchell OVER PRA 24.5,PROP,,,,,,,,-110,,loss,,,,,2026-06-11
j11_wc_montes_pass,SOC,,César Montes OVER Passes 0.5,PROP,,,,,,,,-110,,win,,,,,2026-06-11
j11_wc_rwilliams_saves,SOC,,Ronwen Williams OVER Saves 3.5,PROP,,,,,,,,-110,,loss,,,,,2026-06-11
nhl_prop_1781218536926,NHL,,Nikolaj Ehlers Points OVER 0.5 (-145),PROP,,,,,,,,-145,,win,2026-06-12T01:57:07.351000+00:00,,,,2026-06-11
cvpar_xp_1781217523601,XP,,WNBA ML IND|WNBA ML DAL|WNBA ML LV,PARLAY,,,,,,,,+471,,win,2026-06-12T05:57:25.809000+00:00,,,,2026-06-11
j11_astier_pra,WNBA,,Pauline Astier OVER PRA 27.5,PROP,,,,,,,,-110,,win,,,,,2026-06-11
j11_stankoven_hits,NHL,,Logan Stankoven OVER Hits 2.5,PROP,,,,,,,,-110,,loss,,,,,2026-06-11
j11_wc_quinones_shots,SOC,,Julián Quiñones OVER Shots 2.5,PROP,,,,,,,,-110,,win,,,,,2026-06-11
j11_bueckers_pra_265,WNBA,,Paige Bueckers OVER PRA 26.5,PROP,,,,,,,,-110,,win,,,,,2026-06-11
j11_car_ml,NHL,,Carolina Hurricanes ML,ML,,,,,,,,-155,,win,,,,,2026-06-11
j11_reese_pr,WNBA,,Angel Reese OVER Pts+Rebs 30.5,PROP,,,,,,,,-110,,win,,,,,2026-06-11
j11_fudd_ast,WNBA,,Azzi Fudd OVER AST 3.5,PROP,,,,,,,,-110,,win,,,,,2026-06-11
j11_aho_pts,NHL,,Sebastian Aho OVER PTS 0.5,PROP,,,,,,,,-110,,win,,,,,2026-06-11
j11_wilson_pra_395,WNBA,,A'ja Wilson OVER PRA 39.5,PROP,,,,,,,,-110,,win,,,,,2026-06-11
j11_held_pts,WNBA,,Lexi Held OVER PTS 14.5,PROP,,,,,,,,-110,,win,,,,,2026-06-11
nhl_prop_1781243973673,NHL,,Mitch Marner Points OVER 0.5 (-138),PROP,,,,,,,,-138,,loss,2026-06-12T05:59:41.201000+00:00,,,,2026-06-11
2026-06-11_KOR_CZE_SOC_UNDER2.5,SOC,,UNDER 2.5,ML,,,,,,,,-110,,win,2026-06-12T21:51:03.731000+00:00,,,,2026-06-11
j11_bueckers_3pm,WNBA,,Paige Bueckers OVER 3PTM 2.5,PROP,,,,,,,,-110,,win,,,,,2026-06-11
2026-06-11_MIA_ARI_ML_MIA,MLB,,MIA,ML,,,,,,,,-131,,win,2026-06-11T21:03:00.797000+00:00,,,,2026-06-11
j11_pp6_nhl_loss_par,NHL,,6-Pick NHL: J.Staal O0.5 PTS / Stankoven O2.5 Hits / Marner O0.5 PTS / Ehlers O0.5 PTS / S.Aho O0.5 PTS / T.Hall O1.5 SOG — VGK 2 CAR 4,PARLAY,,,,,,,,+625,,loss,,,,,2026-06-11
2026-06-11_MEX_RSA_SOC_Mexico,SOC,,Mexico,ML,,,,,,,,-102,,win,2026-06-11T21:11:30.554000+00:00,,,,2026-06-11
2026-06-11_LV_POR_WNBA_LVML,WNBA,,LV ML,ML,,,,,,,,-119,,win,2026-06-12T05:57:17.330000+00:00,,,,2026-06-11
j11_wilson_ra_135,WNBA,,A'ja Wilson OVER Rebs+Asts 13.5,PROP,,,,,,,,-110,,loss,,,,,2026-06-11
j11_ehlers_pts,NHL,,Nikolaj Ehlers OVER PTS 0.5,PROP,,,,,,,,-110,,win,,,,,2026-06-11
prop_1781216188993,NBA,,Kelsey Mitchell OVER PTS O14.5,PROP,,,,,,,,-122,,win,2026-06-12T01:56:55.015000+00:00,,,,2026-06-11
2026-06-11_KC_TEX_ML_KC,MLB,,KC,ML,,,,,,,,-120,,loss,2026-06-11T22:57:02.060000+00:00,,,,2026-06-11
j11_boston_pts,WNBA,,Aliyah Boston OVER PTS 20.5,PROP,,,,,,,,-110,,win,,,,,2026-06-11
j11_wc_jimenez_shots,SOC,,Raúl Jiménez OVER Shots 3,PROP,,,,,,,,-110,,win,,,,,2026-06-11
j11_hall_sog,NHL,,Taylor Hall OVER SOG 1.5,PROP,,,,,,,,-110,,win,,,,,2026-06-11
j11_wc_mex_rsa_slip,SOC,,4-Pick WC: Montes O0.5 Passes / Quiñones O2.5 Shots / Jiménez O3 Shots / R.Williams O3.5 Saves — MEX vs RSA,PARLAY,,,,,,,,+575,,loss,,,,,2026-06-11
j11_pp4_wnba_win_par,WNBA,,4-Pick WNBA: A.Fudd O3.5 AST / L.Held O14.5 PTS / Bueckers O2.5 3PTM / A.Wilson O39.5 PRA,PARLAY,,,,,,,,+575,,win,,,,,2026-06-11
j11_staal_pts,NHL,,Jordan Staal OVER PTS 0.5,PROP,,,,,,,,-110,,win,,,,,2026-06-11
2026-06-11_CAR_VGK_ML_CAR,NHL,,CAR,ML,,,,,,,,-155,,win,2026-06-12T05:57:31.752000+00:00,,,,2026-06-11
2026-06-11_DET_MIN_ML_DET,NHL,,DET,ML,,,,,,,,-131,,win,2026-06-11T21:02:52.039000+00:00,,,,2026-06-11
2026-06-11_IND_CHI_WNBA_INDML,WNBA,,IND ML,ML,,,,,,,,-156,,win,2026-06-12T01:56:41.614000+00:00,,,,2026-06-11
j11_pp6_wnba_loss_par,WNBA,,6-Pick WNBA: A.Boston O20.5 PTS / K.Mitchell O24.5 PRA / A.Reese O30.5 PR / P.Astier O27.5 PRA / Bueckers O26.5 PRA / A.Wilson O13.5 RA,PARLAY,,,,,,,,+625,,loss,,,,,2026-06-11
j11_dal_wings_ml,WNBA,,Dallas Wings ML,ML,,,,,,,,-260,,win,,,,,2026-06-11
j11_marner_pts,NHL,,Mitch Marner OVER PTS 0.5,PROP,,,,,,,,-110,,loss,,,,,2026-06-11
j11_ud_3leg_par_win,WNBA,,3-Leg Parlay: CAR Hurricanes ML -155 / Dallas Wings ML -260 / Las Vegas Aces -10.5 -115,PARLAY,,,,,,,,+326,,win,,,,,2026-06-11
j11_lva_spread,WNBA,,Las Vegas Aces -10.5,SPREAD,,,,,,,,-115,,win,,,,,2026-06-11
j10_pp5a_nba_brunson_pra,NBA,,Jalen Brunson OVER PRA 29.5,PROP,,,,,,,,-110,,win,,,,,2026-06-10
j10_pp5a_nba_wemby_pra,NBA,,Victor Wembanyama OVER PRA 32.5,PROP,,,,,,,,-110,,win,,,,,2026-06-10
2026-06-10_SA_NYK_PROP_VictorWembanyamaPTSOVER26.5,NBA,,Victor Wembanyama PTS OVER 26.5,PROP,,,,,,,,-115,,loss,2026-06-11T04:32:33.591000+00:00,,,,2026-06-10
j10_pp5b_nba_castle_pts2,NBA,,Stephon Castle OVER PTS 15.5,PROP,,,,,,,,-110,,loss,,,,,2026-06-10
2026-06-10_KC_TEX_ML_KC,MLB,,KC,ML,,,,,,,,83,,loss,2026-06-11T04:31:26.716000+00:00,,,,2026-06-10
j10_pp3_nba_flex_slip,NBA,,3-Pick Flex NBA: Alvarado O6.5 PRA / K.Johnson U9.5 PRA / OG O24 PRA — SAS 106 NYK 107,PARLAY,,,,,,,,+200,,win,,,,,2026-06-10
j10_pp5b_nba_harper_pra2,NBA,,Dylan Harper OVER PRA 22.5,PROP,,,,,,,,-110,,win,,,,,2026-06-10
2026-06-10_MIA_ARI_ML_MIA,MLB,,MIA,ML,,,,,,,,87,,win,2026-06-11T01:36:50.254000+00:00,,,,2026-06-10
j10_pp5a_nba_harper_pra,NBA,,Dylan Harper OVER PRA 19.5,PROP,,,,,,,,-110,,win,,,,,2026-06-10
j10_pp3_nba_og_pra,NBA,,OG Anunoby OVER PRA 24,PROP,,,,,,,,-110,,win,,,,,2026-06-10
j10_pp3_nba_kjohnson_pra,NBA,,Keldon Johnson UNDER PRA 9.5,PROP,,,,,,,,-110,,win,,,,,2026-06-10
j10_pp5b_nba_og_pts2,NBA,,OG Anunoby OVER PTS 16.5,PROP,,,,,,,,-110,,win,,,,,2026-06-10
j10_pp5a_nba_og_pts,NBA,,OG Anunoby OVER PTS 12.5,PROP,,,,,,,,-110,,win,,,,,2026-06-10
2026-06-10_SA_NYK_PROP_OGAnunobyPTS+REB+ASTOVER24.5,NBA,,OG Anunoby PTS+REB+AST OVER 24.5,PROP,,,,,,,,-112,,win,2026-06-11T04:33:31.210000+00:00,,,,2026-06-10
j10_pp4_wnba_sykes_pts,WNBA,,Brittney Sykes OVER PTS 14.5,PROP,,,,,,,,-110,,win,,,,,2026-06-10
j10_pp5b_nba_kat_pts,NBA,,Karl-Anthony Towns OVER PTS 16.5,PROP,,,,,,,,-110,,loss,,,,,2026-06-10
2026-06-10_SA_NYK_PROP_VictorWembanyama3PMOVER1.5,NBA,,Victor Wembanyama 3PM OVER 1.5,PROP,,,,,,,,-118,,win,2026-06-11T04:33:27.563000+00:00,,,,2026-06-10
2026-06-10_SA_NYK_PROP_VictorWembanyamaREBOVER11.5,NBA,,Victor Wembanyama REB OVER 11.5,PROP,,,,,,,,-115,,win,2026-06-11T04:33:05.263000+00:00,,,,2026-06-10
j10_pp5b_nba_slip,NBA,,5-Pick NBA: Harper O22.5 PRA / Brunson O27.5 PTS / KAT O16.5 PTS / OG O16.5 PTS / Castle O15.5 PTS — SAS 106 NYK 107,PARLAY,,,,,,,,+2175,,loss,,,,,2026-06-10
2026-06-10_CLE_NYY_ML_NYY,NBA,,NYY,ML,,,,,,,,+111,,win,2026-06-10T22:42:50.067000+00:00,,,,2026-06-10
j10_pp5b_nba_brunson_pts,NBA,,Jalen Brunson OVER PTS 27.5,PROP,,,,,,,,-110,,win,,,,,2026-06-10
j10_pp5a_nba_slip,NBA,,5-Pick NBA: Harper O19.5 PRA / Brunson O29.5 PRA / OG O12.5 PTS / Castle O10.5 PTS / Wemby O32.5 PRA — SAS 106 NYK 107,PARLAY,,,,,,,,+325,,win,,,,,2026-06-10
2026-06-10_SA_NYK_PROP_VictorWembanyamaBLKOVER2.5,NBA,,Victor Wembanyama BLK OVER 2.5,PROP,,,,,,,,-155,,win,2026-06-11T04:32:55.663000+00:00,,,,2026-06-10
2026-06-10_TOR_PHI_ML_TOR,NHL,,TOR,ML,,,,,,,,76,,loss,2026-06-11T04:31:10.061000+00:00,,,,2026-06-10
2026-06-10_SF_WSN_ML_SF,MLB,,SF,ML,,,,,,,,-110,,win,2026-06-10T22:52:05.233000+00:00,,,,2026-06-10
2026-06-10_TB_BOS_ML_TB,MLB,,TB,ML,,,,,,,,-178,,win,2026-06-10T22:42:34.821000+00:00,,,,2026-06-10
2026-06-10_LAA_HOU_ML_LAA,MLB,,LAA,ML,,,,,,,,-120,,win,2026-06-11T04:31:31.946000+00:00,,,,2026-06-10
j10_pp4_wnba_slip,WNBA,,4-Pick WNBA: Sykes O14.5 PTS / Mabrey O16.5 PTS / Brink O9.5 PRA / Plum O33 Fantasy Score,PARLAY,,,,,,,,+325,,win,,,,,2026-06-10
2026-06-10_SA_NYK_PROP_VictorWembanyamaPTS+REBOVER37.5,NBA,,Victor Wembanyama PTS+REB OVER 37.5,PROP,,,,,,,,-122,,loss,2026-06-11T04:33:23.181000+00:00,,,,2026-06-10
2026-06-10_SA_NYK_PROP_OGAnunobyPTSOVER17.5,NBA,,OG Anunoby PTS OVER 17.5,PROP,,,,,,,,-112,,win,2026-06-11T04:33:34.680000+00:00,,,,2026-06-10
2026-06-10_SA_NYK_PROP_JalenBrunsonPTSOVER29.5,NBA,,Jalen Brunson PTS OVER 29.5,PROP,,,,,,,,-138,,win,2026-06-11T04:32:41.109000+00:00,,,,2026-06-10
j10_pp4_wnba_brink_pra,WNBA,,Cameron Brink OVER PRA 9.5,PROP,,,,,,,,-110,,win,,,,,2026-06-10
j10_pp3_nba_alvarado_pra,NBA,,Jose Alvarado OVER PRA 6.5,PROP,,,,,,,,-110,,win,,,,,2026-06-10
2026-06-10_PIT_LAD_ML_LAD,MLB,,LAD,ML,,,,,,,,-207,,loss,2026-06-11T01:44:50.687000+00:00,,,,2026-06-10
j10_pp4_wnba_mabrey_pts,WNBA,,Marina Mabrey OVER PTS 16.5,PROP,,,,,,,,-110,,win,,,,,2026-06-10
j10_pp5a_nba_castle_pts,NBA,,Stephon Castle OVER PTS 10.5,PROP,,,,,,,,-110,,win,,,,,2026-06-10
j10_pp4_wnba_plum_fs,WNBA,,Kelsey Plum OVER Fantasy Score 33,PROP,,,,,,,,-110,,win,,,,,2026-06-10
j9_pp6_wnba_miles_pts,WNBA,,Olivia Miles OVER PTS 11.5,PROP,,,,,,,,-110,,win,,,,,2026-06-09
j9_pp5_wnba_cardoso_pts,WNBA,,Kamilla Cardoso OVER PTS 9.5,PROP,,,,,,,,-110,,win,,,,,2026-06-09
2026-06-09_KC_TEX_ML_KC,MLB,,KC,ML,,,,,,,,81,,win,2026-06-10T02:19:07.256000+00:00,,,,2026-06-09
j9_pp5_nhl_eichel_pts,NHL,,Jack Eichel OVER PTS 0.5,PROP,,,,,,,,-110,,loss,,,,,2026-06-09
2026-06-09_PIT_LAD_ML_PIT,MLB,,PIT,ML,,,,,,,,-117,,loss,2026-06-10T02:10:10.707000+00:00,,,,2026-06-09
nhl_prop_1781058737407,NHL,,Shea Theodore Points OVER 0.5 (+100),PROP,,,,,,,,100,,win,2026-06-10T02:36:12.753000+00:00,,,,2026-06-09
j9_pp6_slip,NHL,,6-Pick NHL+WNBA: Miles PTS / Howden SOG / Staal SOG / Marner SOG / Walker Hits / Hall SOG,PARLAY,,,,,,,,+625,,loss,,,,,2026-06-09
j9_pp5_nhl_staal_fow,NHL,,Jordan Staal OVER Faceoffs Won 11.5,PROP,,,,,,,,-110,,win,,,,,2026-06-09
j9_hrb_sgp_miles_pts,WNBA,,Olivia Miles OVER PTS 16.5,PROP,,,,,,,,-110,,win,,,,,2026-06-09
j9_hrb_wnba_gsv_ml,WNBA,,Golden State Valkyries ML,ML,,,,,,,,-375,,win,,,,,2026-06-09
j9_pp6_nhl_marner_sog,NHL,,Mitch Marner OVER SOG 1.5,PROP,,,,,,,,-110,,loss,,,,,2026-06-09
j9_pp5_nhl_howden_sog,NHL,,Brett Howden OVER SOG 1.5,PROP,,,,,,,,-110,,loss,,,,,2026-06-09
j9_pp5_wnba_slip,WNBA,,5-Pick WNBA: Reese REB / Cardoso PTS / Diggins PR / Miles PTS / Bueckers 3PM,PARLAY,,,,,,,,+475,,win,,,,,2026-06-09
nhl_prop_1781058760556,NHL,,Jack Eichel Assists OVER 0.5 (-140),PROP,,,,,,,,-140,,loss,2026-06-10T03:01:54.142000+00:00,,,,2026-06-09
nhl_prop_1781058747534,NHL,,Brandon Bussi Saves UNDER 29.5 (-112),PROP,,,,,,,,-112,,win,2026-06-10T03:01:45.768000+00:00,,,,2026-06-09
j9_hrb_sgp_parlay,WNBA,,WNBA SGP: Miles O16.5 pts / Bueckers O18.5 pts / Reese O12.5 reb,PARLAY,,,,,,,,+583,,win,,,,,2026-06-09
2026-06-09_SF_WSN_ML_SF,MLB,,SF,ML,,,,,,,,89,,loss,2026-06-10T17:23:50.703000+00:00,,,,2026-06-09
j9_pp5_wnba_reese_reb,WNBA,,Angel Reese OVER REB 11.5,PROP,,,,,,,,-110,,win,,,,,2026-06-09
j9_hrb_wnba_min_ml,WNBA,,Minnesota Lynx ML,ML,,,,,,,,-185,,win,,,,,2026-06-09
nhl_prop_1781058756674,NHL,,Mitch Marner Points OVER 0.5 (-162),PROP,,,,,,,,-162,,win,2026-06-10T02:36:30.704000+00:00,,,,2026-06-09
j9_pp5_wnba_miles_pts,WNBA,,Olivia Miles OVER PTS 11.5,PROP,,,,,,,,-110,,win,,,,,2026-06-09
2026-06-09_TB_BOS_ML_TB,MLB,,TB,ML,,,,,,,,80,,win,2026-06-10T02:10:08.193000+00:00,,,,2026-06-09
j9_pp5_nhl_slip,NHL,,5-Pick NHL: Howden SOG / Eichel PTS / Staal FOW / Stankoven PTS / Marner PTS,PARLAY,,,,,,,,+900,,loss,,,,,2026-06-09
j9_hrb_wnba_parlay,WNBA,,WNBA 3-leg ML Parlay: ATL Dream -400 / MIN Lynx -185 / GSV Valkyries -375,PARLAY,,,,,,,,+144,,win,,,,,2026-06-09
j9_pp5_nhl_marner_pts,NHL,,Mitch Marner OVER PTS 1.5,PROP,,,,,,,,-110,,loss,,,,,2026-06-09
j9_pp6_nhl_howden_sog,NHL,,Brett Howden OVER SOG 0.5,PROP,,,,,,,,-110,,win,,,,,2026-06-09
j9_hrb_sgp_reese_reb,WNBA,,Angel Reese OVER REB 12.5,PROP,,,,,,,,-110,,win,,,,,2026-06-09
2026-06-09_DET_MIN_ML_DET,NHL,,DET,ML,,,,,,,,-136,,win,2026-06-10T03:51:59.422000+00:00,,,,2026-06-09
j9_pp5_nhl_stankoven_pts,NHL,,Logan Stankoven OVER PTS 0.5,PROP,,,,,,,,-110,,win,,,,,2026-06-09
j9_pp6_nhl_walker_hits,NHL,,Sean Walker OVER Hits 3.5,PROP,,,,,,,,-110,,win,,,,,2026-06-09
j9_pp5_wnba_diggins_pr,WNBA,,Skylar Diggins OVER PTS+REB 14.5,PROP,,,,,,,,-110,,win,,,,,2026-06-09
p_2026-06-09_1781043349215,MLB,,ML TB|ML PIT,PARLAY,,,,,,,,+191,,loss,2026-06-10T02:10:00.613000+00:00,,,,2026-06-09
nhl_prop_1781058730100,NHL,,Nikolaj Ehlers Points OVER 0.5 (-135),PROP,,,,,,,,-135,,win,2026-06-10T02:35:28.722000+00:00,,,,2026-06-09
j9_hrb_sgp_bueckers_pts,WNBA,,Paige Bueckers OVER PTS 18.5,PROP,,,,,,,,-110,,win,,,,,2026-06-09
nhl_prop_1781058733455,NHL,,Brett Howden Shots OVER 1.5 (-120),PROP,,,,,,,,-120,,loss,2026-06-10T03:02:01.734000+00:00,,,,2026-06-09
j9_pp6_nhl_staal_sog,NHL,,Jordan Staal OVER SOG 0.5,PROP,,,,,,,,-110,,win,,,,,2026-06-09
2026-06-09_CAR_VGK_ML_CAR,NHL,,CAR,ML,,,,,,,,+105,,win,2026-06-10T03:02:15.070000+00:00,,,,2026-06-09
j9_pp6_nhl_hall_sog,NHL,,Taylor Hall OVER SOG 1.5,PROP,,,,,,,,-110,,win,,,,,2026-06-09
2026-06-09_TOR_PHI_ML_TOR,NHL,,TOR,ML,,,,,,,,-114,,win,2026-06-10T02:10:30.924000+00:00,,,,2026-06-09
2026-06-09_LAA_HOU_ML_LAA,NBA,,LAA,ML,,,,,,,,80,,win,2026-06-10T05:01:18.014000+00:00,,,,2026-06-09
j9_pp5_wnba_bueckers_3pm,WNBA,,Paige Bueckers OVER 3PTM 0.5,PROP,,,,,,,,-110,,win,,,,,2026-06-09
j9_hrb_wnba_atl_ml,WNBA,,Atlanta Dream ML,ML,,,,,,,,-400,,win,,,,,2026-06-09
2026-06-08_SD_CIN_ML_SD,MLB,,SD,ML,,,,,,,,-136,,win,2026-06-09T04:50:41.067000+00:00,,,,2026-06-08
nba_2026-06-08_NY_SA_SAML,NBA,,SA ML,ML,,,,,,,,,,win,2026-06-09T03:32:35.151000+00:00,,,,2026-06-08
nba_g3_kat_pra_295,NBA,,Karl-Anthony Towns OVER PTS+REB+AST 29.5,PROP,,,,,,,,-125,,win,,,,,2026-06-08
nba_g3_wemby_pts_265,NBA,,Victor Wembanyama OVER PTS 26.5,PROP,,,,,,,,-120,,loss,,,,,2026-06-08
nba_g3_harper_pra_195,NBA,,Dylan Harper OVER PTS+REB+AST 19.5,PROP,,,,,,,,-115,,win,,,,,2026-06-08
2026-06-08_SA_NYK_PROP_VictorWembanyamaBLKOVER2.5,NBA,,Victor Wembanyama BLK OVER 2.5,PROP,,,,,,,,-120,,win,2026-06-09T03:33:14.442000+00:00,,,,2026-06-08
2026-06-08_SA_NYK_PROP_Karl-AnthonyTownsPTS+REB+ASTOVER33.5,NBA,,Karl-Anthony Towns PTS+REB+AST OVER 33.5,PROP,,,,,,,,-120,,loss,2026-06-09T03:33:35.761000+00:00,,,,2026-06-08
2026-06-08_SA_NYK_PROP_OGAnunobyPTSOVER14.5,NBA,,OG Anunoby PTS OVER 14.5,PROP,,,,,,,,-115,,win,2026-06-09T03:33:04.676000+00:00,,,,2026-06-08
2026-06-08_SA_NYK_PROP_JalenBrunsonPTSOVER31.5,NBA,,Jalen Brunson PTS OVER 31.5,PROP,,,,,,,,-118,,win,2026-06-09T03:33:21.946000+00:00,,,,2026-06-08
2026-06-08_SA_NYK_PROP_VictorWembanyamaPTS+ASTOVER29.5,NBA,,Victor Wembanyama PTS+AST OVER 29.5,PROP,,,,,,,,-112,,win,2026-06-09T03:32:55.283000+00:00,,,,2026-06-08
2026-06-08_TOR_PHI_ML_TOR,MLB,,TOR,ML,,,,,,,,-133,,loss,2026-06-09T01:48:55.522000+00:00,,,,2026-06-08
MLB_1780959354480,MLB,,NYY ML -159,ML,,,,,,,,-159,,win,2026-06-09T02:27:39.655000+00:00,,,,2026-06-08
nba_g3_brunson_pts_245,NBA,,Jalen Brunson OVER PTS 24.5,PROP,,,,,,,,-160,,win,,,,,2026-06-08
nba_g3_fox_pra_195,NBA,,De'Aaron Fox OVER PTS+REB+AST 19.5,PROP,,,,,,,,-160,,win,,,,,2026-06-08
2026-06-08_LAA_HOU_ML_LAA,MLB,,LAA,ML,,,,,,,,79,,loss,2026-06-09T04:50:30.263000+00:00,,,,2026-06-08
MLB_1780960913982,MLB,,TOR ML -104,ML,,,,,,,,-104,,loss,2026-06-09T03:32:15.528000+00:00,,,,2026-06-08
2026-06-08_SA_NYK_PROP_Karl-AnthonyTownsREBOVER10.5,NBA,,Karl-Anthony Towns REB OVER 10.5,PROP,,,,,,,,-115,,loss,2026-06-09T03:33:38.074000+00:00,,,,2026-06-08
nba_g3_brunson_pts_265,NBA,,Jalen Brunson OVER PTS 26.5,PROP,,,,,,,,-140,,win,,,,,2026-06-08
nba_g3_og_pts_125,NBA,,OG Anunoby OVER PTS 12.5,PROP,,,,,,,,-145,,win,,,,,2026-06-08
nba_g3_wemby_pts_255,NBA,,Victor Wembanyama OVER PTS 25.5,PROP,,,,,,,,-130,,win,,,,,2026-06-08
MLB_1780959341749,MLB,,UNDER 8.0 (wind 19mph in),ML,,,,,,,,-110,,win,2026-06-09T04:49:49.927000+00:00,,,,2026-06-08
nba_g3_brunson_pts_285,NBA,,Jalen Brunson OVER PTS 28.5,PROP,,,,,,,,-118,,win,,,,,2026-06-08
nba_g3_fox_pra_225,NBA,,De'Aaron Fox OVER PTS+REB+AST 22.5,PROP,,,,,,,,-130,,win,,,,,2026-06-08
2026-06-07_ATL_PIT_ML_ATL,MLB,,ATL,ML,,,,,,,,-165,,win,2026-06-07T20:54:24.145000+00:00,,,,2026-06-07
2026-06-07_PHI_CWS_ML_PHI,MLB,,PHI,ML,,,,,,,,-125,,win,2026-06-07T21:02:54.633000+00:00,,,,2026-06-07
2026-06-07_TEX_CLE_ML_TEX,MLB,,TEX,ML,,,,,,,,-132,,win,2026-06-07T21:15:18.101000+00:00,,,,2026-06-07
2026-06-07_TOR_BAL_ML_TOR,MLB,,TOR,ML,,,,,,,,-143,,win,2026-06-07T20:54:22.876000+00:00,,,,2026-06-07
2026-06-07_NYY_BOS_ML_NYY,MLB,,NYY,ML,,,,,,,,-183,,win,2026-06-07T20:54:08.362000+00:00,,,,2026-06-07
2026-06-07_CHC_SF_ML_CHC,MLB,,CHC,ML,,,,,,,,-132,,win,2026-06-07T20:54:22.875000+00:00,,,,2026-06-07
2026-06-07_STL_CIN_ML_STL,MLB,,STL,ML,,,,,,,,-157,,win,2026-06-07T20:54:22.875000+00:00,,,,2026-06-07
2026-06-07_M.Andreeva_M.Chwalinska_TEN_M.Andreeva,WTA,,M.Andreeva,TEN,,,,,,,,-350,,win,2026-06-07T21:15:53.290000+00:00,,,,2026-06-07
2026-06-07_LAD_LAA_ML_LAD,MLB,,LAD,ML,,,,,,,,-194,,loss,2026-06-08T18:16:09.692000+00:00,,,,2026-06-07
2026-06-07_ARI_WSN_ML_ARI,MLB,,ARI,ML,,,,,,,,-124,,win,2026-06-08T18:16:02.252000+00:00,,,,2026-06-07
2026-06-07_A.Zverev_F.Cobolli_TEN_A.Zverev,ATP,,A.Zverev,TEN,,,,,,,,-220,,win,2026-06-07T21:15:54.699000+00:00,,,,2026-06-07
2026-06-06_DET_SEA_ML_SEA,MLB,,SEA,ML,,,,,,,,-105,,win,2026-06-06T21:39:02.175000+00:00,,,,2026-06-06
2026-06-06_TEX_CLE_ML_TEX,MLB,,TEX,ML,,,,,,,,-125,,loss,2026-06-07T20:52:10.347000+00:00,,,,2026-06-06
2026-06-06_TOR_BAL_ML_TOR,MLB,,TOR,ML,,,,,,,,-140,,win,2026-06-06T23:31:51.931000+00:00,,,,2026-06-06
ten_rg_wta_final_andreeva,WTA,,M.Andreeva ML,ML,,,,,,,,-350,,win,,,,,2026-06-06
2026-06-06_CHC_SF_ML_CHC,MLB,,CHC,ML,,,,,,,,-148,,win,2026-06-06T21:35:21.942000+00:00,,,,2026-06-06
2026-06-06_NYY_BOS_ML_NYY,MLB,,NYY,ML,,,,,,,,-120,,win,2026-06-07T20:51:38.426000+00:00,,,,2026-06-06
2026-06-06_CAR_VGK_PROP_MitchMarnerPoints(O/U0.5),NHL,,Mitch Marner Points (O/U 0.5),PROP,,,,,,,,-148,,win,2026-06-07T19:19:58.240000+00:00,,,,2026-06-06
2026-06-06_CAR_VGK_PROP_PavelDorofeyevAnytimeGoal,NHL,,Pavel Dorofeyev Anytime Goal,PROP,,,,,,,,+145,,loss,2026-06-07T19:20:02.389000+00:00,,,,2026-06-06
2026-06-06_ATL_PIT_ML_ATL,MLB,,ATL,ML,,,,,,,,-117,,win,2026-06-06T23:13:03.002000+00:00,,,,2026-06-06
2026-06-06_STL_CIN_ML_STL,MLB,,STL,ML,,,,,,,,-153,,win,2026-06-06T23:31:51.930000+00:00,,,,2026-06-06
2026-06-06_CAR_VGK_PROP_CarterHartSaves(O/U22.5),NHL,,Carter Hart Saves (O/U 22.5),PROP,,,,,,,,-118,,win,2026-06-07T19:19:59.817000+00:00,,,,2026-06-06
2026-06-05_SA_NYK_PROP_JulianChampagniePTSOVER9.5,NBA,,Julian Champagnie PTS OVER 9.5,PROP,,,,,,,,+100,,loss,2026-06-06T19:32:46.879000+00:00,,,,2026-06-05
2026-06-05_SA_NYK_PROP_StephonCastlePTSOVER15.5,NBA,,Stephon Castle PTS OVER 15.5,PROP,,,,,,,,-110,,loss,2026-06-06T19:32:41.852000+00:00,,,,2026-06-05
finals_g2_champagnie_pts,NBA,,Julian Champagnie OVER PTS 9.5,PROP,,,,,,,,+100,,loss,,,,,2026-06-05
2026-06-05_SA_NYK_PROP_OGAnunobyPTSOVER14.5,NBA,,OG Anunoby PTS OVER 14.5,PROP,,,,,,,,-110,,win,2026-06-06T19:32:34.049000+00:00,,,,2026-06-05
2026-06-05_SA_NYK_PROP_JalenBrunsonPTSOVER27.5,NBA,,Jalen Brunson PTS OVER 27.5,PROP,,,,,,,,-112,,loss,2026-06-06T19:32:59.955000+00:00,,,,2026-06-05
finals_g2_fox_pts,NBA,,De'Aaron Fox OVER PTS 18.5,PROP,,,,,,,,-108,,win,,,,,2026-06-05
finals_g2_wemby_pts,NBA,,Victor Wembanyama OVER PTS 25.5,PROP,,,,,,,,-115,,win,,,,,2026-06-05
ten_rg_wta_sf_andreeva,WTA,,M.Andreeva ML,ML,,,,,,,,+280,,win,,,,,2026-06-05
finals_g2_wemby_reb,NBA,,Victor Wembanyama OVER REB 10.5,PROP,,,,,,,,-118,,win,,,,,2026-06-05
2026-06-05_SA_NY_ML_SA,NBA,,SA,ML,,,,,,,,-139,,loss,2026-06-06T19:31:54.052000+00:00,,,,2026-06-05
2026-06-05_NYY_BOS_ML_NYY,MLB,,NYY,ML,,,,,,,,-149,,loss,2026-06-06T19:31:34.825000+00:00,,,,2026-06-05
finals_g2_brunson_ast_u,NBA,,Jalen Brunson UNDER AST 5.5,PROP,,,,,,,,-110,,loss,,,,,2026-06-05
finals_g2_castle_ast,NBA,,Stephon Castle OVER AST 5.5,PROP,,,,,,,,-110,,win,,,,,2026-06-05
finals_g2_brunson_pts,NBA,,Jalen Brunson OVER PTS 27.5,PROP,,,,,,,,-112,,win,,,,,2026-06-05
finals_g2_og_pts,NBA,,OG Anunoby OVER PTS 14.5,PROP,,,,,,,,-110,,win,,,,,2026-06-05
finals_g2_castle_pts,NBA,,Stephon Castle OVER PTS 15.5,PROP,,,,,,,,-110,,win,,,,,2026-06-05
2026-06-05_SA_NYK_PROP_VictorWembanyamaPTSOVER25.5,NBA,,Victor Wembanyama PTS OVER 25.5,PROP,,,,,,,,-115,,win,2026-06-06T19:32:26.723000+00:00,,,,2026-06-05
2026-06-05_ATL_PIT_ML_ATL,MLB,,ATL,ML,,,,,,,,-148,,win,2026-06-06T19:31:41.008000+00:00,,,,2026-06-05
2026-06-05_LAD_LAA_ML_LAD,MLB,,LAD,ML,,,,,,,,-171,,win,2026-06-06T19:31:48.952000+00:00,,,,2026-06-05
finals_g2_wemby_blk,NBA,,Victor Wembanyama OVER BLK 2.5,PROP,,,,,,,,-110,,win,,,,,2026-06-05
2026-06-05_SA_NYK_PROP_VictorWembanyamaREBOVER10.5,NBA,,Victor Wembanyama REB OVER 10.5,PROP,,,,,,,,-118,,loss,2026-06-06T19:32:52.608000+00:00,,,,2026-06-05
nhl_scf_g2_car_ml,NHL,,CAR ML,ML,,,,,,,,+118,,win,,,,,2026-06-04
2026-06-04_CHC_OAK_ML_CHC,MLB,,CHC,ML,,,,,,,,-143,,win,2026-06-05T02:46:15.713000+00:00,,,,2026-06-04
ten_rg_qf_andreeva_kostyuk,WTA,,M.Andreeva ML,ML,,,,,,,,-155,,win,,,,,2026-06-04
2026-06-04_MIL_SF_ML_MIL,MLB,,MIL,ML,,,,,,,,-172,,loss,2026-06-04T21:37:13.738000+00:00,,,,2026-06-04
MLB_1780609406314,MLB,,LAD ML -132,ML,,,,,,,,-132,,loss,2026-06-05T19:28:42.062000+00:00,,,,2026-06-04
2026-06-04_NYY_CLE_ML_NYY,MLB,,NYY,ML,,,,,,,,-148,,win,2026-06-04T20:02:13.524000+00:00,,,,2026-06-04
2026-06-04_ARI_LAD_RL_LAD-1.5,MLB,,LAD -1.5,RL,,,,,,,,-115,,loss,2026-06-05T19:28:38.813000+00:00,,,,2026-06-04
2026-06-04_HOU_PIT_ML_PIT,MLB,,PIT,ML,,,,,,,,-128,,win,2026-06-05T03:14:20.839000+00:00,,,,2026-06-04
finals_g1_castle_pts,NBA,,Stephon Castle OVER PTS 13.5,PROP,,,,,,,,-115,,win,,,,,2026-06-03
finals_g1_brunson_ast,NBA,,Jalen Brunson OVER AST 6.5,PROP,,,,,,,,-128,,loss,,,,,2026-06-03
finals_g1_champagnie_pts,NBA,,Julian Champagnie OVER PTS 9.5,PROP,,,,,,,,-125,,win,,,,,2026-06-03
finals_g1_wemby_3pm,NBA,,Victor Wembanyama OVER 3PM 1.5,PROP,,,,,,,,-170,,win,,,,,2026-06-03
finals_g1_brunson_pts,NBA,,Jalen Brunson OVER PTS 21.5,PROP,,,,,,,,-118,,win,,,,,2026-06-03
finals_g1_wemby_pts,NBA,,Victor Wembanyama OVER PTS 24.5,PROP,,,,,,,,-113,,win,,,,,2026-06-03
mlb_024,MLB,,LAD ML,ML,,,,,,,,-145,,win,,,,,2026-06-03
ten_rg_qf_zverev_machac,ATP,,A.Zverev ML,ML,,,,,,,,-270,,win,,,,,2026-06-03
ten_rg_qf_ruud_medjedovic,ATP,,C.Ruud ML,ML,,,,,,,,-420,,win,,,,,2026-06-03
finals_g1_og_pts,NBA,,OG Anunoby OVER PTS 12.5,PROP,,,,,,,,-112,,win,,,,,2026-06-03
finals_g1_wemby_pts_265,NBA,,Victor Wembanyama OVER PTS 26.5,PROP,,,,,,,,-110,,loss,,,,,2026-06-03
finals_g1_bridges_pts,NBA,,Mikal Bridges OVER PTS 14.5,PROP,,,,,,,,-108,,loss,,,,,2026-06-03
finals_g1_wemby_reb,NBA,,Victor Wembanyama OVER REB 9.5,PROP,,,,,,,,-115,,win,,,,,2026-06-03
ten_rg_r4_kostyuk_svitolina,WTA,,M.Kostyuk ML,ML,,,,,,,,+195,,win,,,,,2026-06-02
nhl_scf_g1_vgk_rl,NHL,,VGK +1.5,RL,,,,,,,,-118,,win,,,,,2026-06-02
mlb_023,MLB,,NYY ML,ML,,,,,,,,-135,,win,,,,,2026-06-02
ten_rg_r3_kostyuk_volynets,WTA,,M.Kostyuk ML,ML,,,,,,,,-165,,win,,,,,2026-06-01
nba_pl_015,NBA,,SA ML,ML,,,,,,,,+136,,win,,,,,2026-06-01
rg_atp_r3_001,ATP,,C.Alcaraz ML (RG R3),ML,,,,,,,,-380,,win,,,,,2026-05-31
mlb_022,MLB,,ATL ML,ML,,,,,,,,-180,,win,,,,,2026-05-30
rg_wta_r2_002,WTA,,A.Sabalenka ML (RG R2),ML,,,,,,,,-450,,win,,,,,2026-05-29
2026-05-28_TEX_HOU_ML_TEX,MLB,,TEX,ML,,,,,,,,-136,,loss,2026-05-29T03:35:17.373000+00:00,,,,2026-05-28
rg_wta_r2_001,WTA,,I.Swiatek ML (RG R2),ML,,,,,,,,-600,,win,,,,,2026-05-28
2026-05-28_DET_LAA_ML_DET,MLB,,DET,ML,,,,,,,,-131,,loss,2026-05-28T22:09:37.176000+00:00,,,,2026-05-28
rg_atp_r2_001,ATP,,C.Alcaraz ML (RG R2),ML,,,,,,,,-400,,win,,,,,2026-05-28
nba_pl_013,NBA,,NY ML,ML,,,,,,,,-130,,win,,,,,2026-05-26
rg_atp_r1_003,ATP,,A.Zverev ML (RG R1),ML,,,,,,,,-350,,win,,,,,2026-05-26
ten_rg_r1_keys_vandewinkel,WTA,,M.Keys ML,ML,,,,,,,,-310,,win,,,,,2026-05-26
nba_pl_wcf_g5_fox,NBA,,De'Aaron Fox OVER AST 7.5,PROP,,,,,,,,-108,,win,,,,,2026-05-26
nba_pl_021,NBA,,NY ML,ML,,,,,,,,-130,,win,,,,,2026-05-26
ten_rg_r1_rybakina_erjavec,WTA,,E.Rybakina ML,ML,,,,,,,,-500,,win,,,,,2026-05-26
ten_rg_r1_osaka_siegemund,WTA,,N.Osaka ML,ML,,,,,,,,-195,,win,,,,,2026-05-26
ten_rg_r1_sabalenka_bouzas,WTA,,A.Sabalenka ML,ML,,,,,,,,-600,,win,,,,,2026-05-26
2026-05-26_BOS_ATL_ML_ATL,MLB,,ATL,ML,,,,,,,,91,,win,2026-05-29T03:35:17.373000+00:00,,,,2026-05-26
ten_rg_r1_svitolina_bondar,WTA,,E.Svitolina ML,ML,,,,,,,,-280,,win,,,,,2026-05-25
rg_atp_r1_002,ATP,,J.Sinner ML (RG R1),ML,,,,,,,,-450,,win,,,,,2026-05-25
rg_atp_r1_001,ATP,,C.Alcaraz ML (RG R1),ML,,,,,,,,-500,,win,,,,,2026-05-25
ten_rg_r1_paolini_yastremska,WTA,,J.Paolini ML,ML,,,,,,,,-220,,win,,,,,2026-05-25
mlb_021,MLB,,NYY ML,ML,,,,,,,,-125,,win,,,,,2026-05-25
ten_rg_r1_swiatek_jones,WTA,,I.Swiatek ML,ML,,,,,,,,-700,,win,,,,,2026-05-25
ten_rg_r1_sakkari_noskova,WTA,,M.Sakkari ML,ML,,,,,,,,+142,,win,,,,,2026-05-24
nba_pl_wcf_g3_wemby,NBA,,Victor Wembanyama OVER PTS 28.5,PROP,,,,,,,,-112,,win,,,,,2026-05-22
mlb_020,MLB,,LAD ML,ML,,,,,,,,-155,,win,,,,,2026-05-22
nba_pl_020,NBA,,NY ML,ML,,,,,,,,-125,,win,,,,,2026-05-22
nhl_pl_015,NHL,,VGK ML,ML,,,,,,,,-150,,win,,,,,2026-05-18
prop_hist_jwill_pts_g1,NBA,,Jalen Williams OVER PTS 21.5,PROP,,,,,,,,-115,,win,,,,,2026-05-18
nhl_pl_010,NHL,,VGK ML,ML,,,,,,,,-150,,win,,,,,2026-05-18
nba_pl_012,NBA,,NY ML,ML,,,,,,,,-120,,loss,,,,,2026-05-18
nba_pl_019,NBA,,NY ML,ML,,,,,,,,-120,,loss,,,,,2026-05-18
mlb_019,MLB,,ATL ML,ML,,,,,,,,-115,,loss,,,,,2026-05-18
prop_hist_wemby_pra_g1,NBA,,Victor Wembanyama OVER PTS+REB+AST 37.5,PROP,,,,,,,,-115,,win,,,,,2026-05-18
nba_pl_014,NBA,,SA ML,ML,,,,,,,,+210,,win,,,,,2026-05-18
nba_pl_011,NBA,,NY ML,ML,,,,,,,,-115,,win,,,,,2026-05-16
nhl_pl_088,NHL,,CAR ML,ML,,,,,,,,+120,,win,,,,,2026-05-16
nhl_pl_089,NHL,,VGK ML,ML,,,,,,,,+130,,loss,,,,,2026-05-16
nba_pl_018,NBA,,NY ML,ML,,,,,,,,-115,,win,,,,,2026-05-16
nhl_pl_012,NHL,,CAR ML,ML,,,,,,,,-165,,win,,,,,2026-05-15
mlb_018,MLB,,NYY ML,ML,,,,,,,,-130,,win,,,,,2026-05-15
nhl_pl_008,NHL,,CAR ML,ML,,,,,,,,-165,,win,,,,,2026-05-15
nhl_pl_087,NHL,,VGK ML,ML,,,,,,,,-140,,win,,,,,2026-05-14
nhl_pl_086,NHL,,CAR ML,ML,,,,,,,,-130,,win,,,,,2026-05-14
mlb_017,MLB,,LAD ML,ML,,,,,,,,-210,,win,,,,,2026-05-13
nhl_pl_084,NHL,,CAR ML,ML,,,,,,,,+110,,win,,,,,2026-05-12
nhl_pl_085,NHL,,VGK ML,ML,,,,,,,,+105,,win,,,,,2026-05-12
nba_pl_007,NBA,,NY ML,ML,,,,,,,,-125,,win,,,,,2026-05-12
nhl_pl_083,NHL,,CAR ML,ML,,,,,,,,-115,,loss,,,,,2026-05-10
nhl_pl_011,NHL,,CAR ML,ML,,,,,,,,-155,,win,,,,,2026-05-10
mlb_016,MLB,,NYM ML,ML,,,,,,,,+125,,win,,,,,2026-05-10
ten_h_070,ATP,,C.Alcaraz ML,ML,,,,,,,,-130,,win,,,,,2026-05-10
nhl_pl_014,NHL,,VGK ML,ML,,,,,,,,-145,,win,,,,,2026-05-09
nba_pl_103,NBA,,OKC ML,ML,,,,,,,,-175,,win,,,,,2026-05-09
nhl_pl_081,NHL,,CAR ML,ML,,,,,,,,-120,,win,,,,,2026-05-08
nhl_pl_007,NHL,,CAR ML,ML,,,,,,,,-160,,win,,,,,2026-05-08
nhl_pl_082,NHL,,VGK ML,ML,,,,,,,,-125,,win,,,,,2026-05-08
nba_pl_017,NBA,,SA ML,ML,,,,,,,,-140,,win,,,,,2026-05-08
mlb_015,MLB,,HOU ML,ML,,,,,,,,-125,,win,,,,,2026-05-08
nhl_pl_013,NHL,,VGK ML,ML,,,,,,,,-140,,win,,,,,2026-05-07
nhl_pl_009,NHL,,VGK ML,ML,,,,,,,,-140,,win,,,,,2026-05-07
nba_pl_101,NBA,,SA ML,ML,,,,,,,,+195,,win,,,,,2026-05-07
nba_pl_102,NBA,,NY ML,ML,,,,,,,,-115,,win,,,,,2026-05-07
mlb_014,MLB,,LAD ML,ML,,,,,,,,-140,,win,,,,,2026-05-05
nba_pl_016,NBA,,SA ML,ML,,,,,,,,-130,,win,,,,,2026-05-05
nba_pl_010,NBA,,SA ML,ML,,,,,,,,-130,,win,,,,,2026-05-05
nba_pl_006,NBA,,NY ML,ML,,,,,,,,-115,,loss,,,,,2026-05-05
nba_pl_008,NBA,,CLE ML,ML,,,,,,,,-130,,win,,,,,2026-05-04
nba_pl_005,NBA,,NY ML,ML,,,,,,,,-110,,win,,,,,2026-05-03
nba_pl_009,NBA,,OKC ML,ML,,,,,,,,-150,,win,,,,,2026-05-03
nhl_pl_006,NHL,,VGK ML,ML,,,,,,,,-130,,win,,,,,2026-05-01
mlb_013,MLB,,ATL ML,ML,,,,,,,,-120,,win,,,,,2026-04-30
ten_h_069,WTA,,I.Swiatek ML,ML,,,,,,,,-220,,win,,,,,2026-04-29
nba_pl_100,NBA,,NY ML,ML,,,,,,,,-230,,win,,,,,2026-04-28
mlb_012,MLB,,NYY ML,ML,,,,,,,,-145,,win,,,,,2026-04-28
nhl_pl_079,NHL,,FLA ML,ML,,,,,,,,+125,,win,,,,,2026-04-28
nhl_pl_080,NHL,,CAR ML,ML,,,,,,,,+115,,win,,,,,2026-04-28
nba_pl_099,NBA,,SA ML,ML,,,,,,,,+140,,win,,,,,2026-04-26
nba_pl_098,NBA,,OKC ML,ML,,,,,,,,-380,,win,,,,,2026-04-26
ten_h_068,ATP,,C.Alcaraz ML,ML,,,,,,,,-175,,win,,,,,2026-04-26
mlb_011,MLB,,LAD ML,ML,,,,,,,,-130,,win,,,,,2026-04-25
nhl_pl_078,NHL,,VGK ML,ML,,,,,,,,-135,,win,,,,,2026-04-25
nhl_pl_077,NHL,,FLA ML,ML,,,,,,,,-140,,win,,,,,2026-04-25
nba_pl_096,NBA,,SA ML,ML,,,,,,,,-200,,win,,,,,2026-04-24
nba_pl_097,NBA,,CLE ML,ML,,,,,,,,+165,,loss,,,,,2026-04-24
nhl_pl_005,NHL,,VGK ML,ML,,,,,,,,-120,,win,,,,,2026-04-23
nhl_pl_075,NHL,,FLA ML,ML,,,,,,,,-150,,loss,,,,,2026-04-23
nhl_pl_076,NHL,,CAR ML,ML,,,,,,,,-160,,win,,,,,2026-04-23
mlb_010,MLB,,ATL ML,ML,,,,,,,,-160,,loss,,,,,2026-04-23
nhl_pl_002,NHL,,FLA ML,ML,,,,,,,,-145,,win,,,,,2026-04-22
nba_pl_095,NBA,,NY ML,ML,,,,,,,,-250,,win,,,,,2026-04-22
nba_pl_094,NBA,,OKC ML,ML,,,,,,,,-320,,win,,,,,2026-04-22
nhl_pl_074,NHL,,COL ML,ML,,,,,,,,-155,,win,,,,,2026-04-21
nhl_pl_073,NHL,,VGK ML,ML,,,,,,,,-130,,win,,,,,2026-04-21
mlb_009,MLB,,HOU ML,ML,,,,,,,,-175,,win,,,,,2026-04-21
nhl_pl_003,NHL,,CAR ML,ML,,,,,,,,-125,,win,,,,,2026-04-21
nba_pl_093,NBA,,SA ML,ML,,,,,,,,-185,,win,,,,,2026-04-20
nba_pl_092,NBA,,BOS ML,ML,,,,,,,,-400,,win,,,,,2026-04-20
nba_pl_003,NBA,,SA ML,ML,,,,,,,,-120,,win,,,,,2026-04-20
nhl_pl_001,NHL,,FLA ML,ML,,,,,,,,-140,,win,,,,,2026-04-20
nhl_pl_004,NHL,,VGK ML,ML,,,,,,,,-115,,win,,,,,2026-04-20
nhl_pl_072,NHL,,CAR ML,ML,,,,,,,,-145,,win,,,,,2026-04-20
nba_pl_002,NBA,,NY ML,ML,,,,,,,,-140,,win,,,,,2026-04-20
nhl_pl_071,NHL,,FLA ML,ML,,,,,,,,-165,,win,,,,,2026-04-20
nba_pl_091,NBA,,CLE ML,ML,,,,,,,,-280,,win,,,,,2026-04-19
nba_pl_001,NBA,,CLE ML,ML,,,,,,,,-160,,win,,,,,2026-04-19
nba_pl_090,NBA,,OKC ML,ML,,,,,,,,-350,,win,,,,,2026-04-19
nba_pl_004,NBA,,OKC ML,ML,,,,,,,,-220,,win,,,,,2026-04-19
ten_h_067,ATP,,J.Sinner ML,ML,,,,,,,,-115,,loss,,,,,2026-04-19
mlb_008,MLB,,NYY ML,ML,,,,,,,,-140,,win,,,,,2026-04-18
mlb_007,MLB,,LAD ML,ML,,,,,,,,-200,,win,,,,,2026-04-16
ten_h_066,WTA,,I.Swiatek ML,ML,,,,,,,,-200,,win,,,,,2026-04-15
mlb_006,MLB,,BAL ML,ML,,,,,,,,-115,,win,,,,,2026-04-14
ten_h_065,ATP,,C.Alcaraz ML,ML,,,,,,,,-120,,win,,,,,2026-04-12
mlb_005,MLB,,ATL ML,ML,,,,,,,,-185,,win,,,,,2026-04-11
mlb_004,MLB,,NYM ML,ML,,,,,,,,+115,,win,,,,,2026-04-09
mlb_003,MLB,,HOU ML,ML,,,,,,,,-120,,loss,,,,,2026-04-07
mlb_002,MLB,,LAD ML,ML,,,,,,,,-150,,win,,,,,2026-04-05
mlb_001,MLB,,NYY ML,ML,,,,,,,,-130,,win,,,,,2026-04-03
ten_h_064,WTA,,A.Sabalenka ML,ML,,,,,,,,-165,,win,,,,,2026-03-25
ten_h_063,ATP,,C.Alcaraz ML,ML,,,,,,,,-155,,win,,,,,2026-03-22
ten_h_062,WTA,,I.Swiatek ML,ML,,,,,,,,-135,,loss,,,,,2026-03-18
ten_h_061,ATP,,C.Alcaraz ML,ML,,,,,,,,-225,,win,,,,,2026-03-15
nba_h_050,NBA,,CLE ML,ML,,,,,,,,-120,,win,,,,,2026-02-04
nhl_rs_025,NHL,,BOS ML,ML,,,,,,,,-155,,win,,,,,2026-02-03
nba_h_049,NBA,,Nikola Jokic OVER PTS 26.5,PROP,,,,,,,,-130,,win,,,,,2026-01-30
nba_h_048,NBA,,BOS ML,ML,,,,,,,,-160,,win,,,,,2026-01-26
nba_h_047,NBA,,OKC ML,ML,,,,,,,,-125,,win,,,,,2026-01-22
nhl_rs_024,NHL,,NYR ML,ML,,,,,,,,-130,,win,,,,,2026-01-20
nba_h_046,NBA,,DEN ML,ML,,,,,,,,-150,,loss,,,,,2026-01-17
nhl_rs_023,NHL,,CAR ML,ML,,,,,,,,-135,,win,,,,,2026-01-13
nba_h_045,NBA,,CLE ML,ML,,,,,,,,+115,,win,,,,,2026-01-13
nba_h_044,NBA,,Jalen Williams OVER PTS 22.5,PROP,,,,,,,,-115,,win,,,,,2026-01-09
nba_h_043,NBA,,OKC ML,ML,,,,,,,,-135,,win,,,,,2026-01-05
nhl_rs_022,NHL,,BOS ML,ML,,,,,,,,-200,,win,,,,,2026-01-05
nhl_rs_021,NHL,,VGK ML,ML,,,,,,,,-125,,win,,,,,2025-12-30
nhl_h_028,NHL,,BOS ML,ML,,,,,,,,+105,,win,,,,,2025-12-28
nhl_rs_020,NHL,,WPG ML,ML,,,,,,,,-115,,loss,,,,,2025-12-27
nba_h_042,NBA,,DEN ML,ML,,,,,,,,-115,,win,,,,,2025-12-22
nhl_h_027,NHL,,COL ML,ML,,,,,,,,-125,,win,,,,,2025-12-21
nba_h_041,NBA,,BOS ML,ML,,,,,,,,-145,,loss,,,,,2025-12-17
nhl_h_026,NHL,,FLA ML,ML,,,,,,,,-110,,loss,,,,,2025-12-17
nhl_rs_019,NHL,,TOR ML,ML,,,,,,,,-145,,win,,,,,2025-12-16
nhl_h_025,NHL,,EDM ML,ML,,,,,,,,+115,,win,,,,,2025-12-14
nba_h_040,NBA,,OKC ML,ML,,,,,,,,-200,,win,,,,,2025-12-13
nhl_rs_018,NHL,,VGK ML,ML,,,,,,,,-220,,win,,,,,2025-12-12
nhl_h_024,NHL,,Auston Matthews OVER Goals 0.5,PROP,,,,,,,,-130,,win,,,,,2025-12-10
nhl_rs_017,NHL,,COL ML,ML,,,,,,,,-140,,win,,,,,2025-12-09
nba_h_039,NBA,,CLE ML,ML,,,,,,,,-175,,win,,,,,2025-12-09
nhl_h_023,NHL,,CAR ML,ML,,,,,,,,-150,,win,,,,,2025-12-07
nhl_rs_016,NHL,,CAR ML,ML,,,,,,,,+130,,win,,,,,2025-12-05
nba_h_038,NBA,,SGA OVER PTS 28.5,PROP,,,,,,,,-125,,win,,,,,2025-12-05
nhl_h_022,NHL,,VGK ML,ML,,,,,,,,-185,,win,,,,,2025-12-03
nba_h_037,NBA,,DEN ML,ML,,,,,,,,-140,,win,,,,,2025-12-01
nba_h_036,NBA,,LAL ML,ML,,,,,,,,-120,,loss,,,,,2025-11-26
nhl_h_021,NHL,,FLA ML,ML,,,,,,,,-115,,loss,,,,,2025-11-26
nhl_rs_015,NHL,,VGK ML,ML,,,,,,,,-250,,win,,,,,2025-11-24
nhl_h_020,NHL,,COL ML,ML,,,,,,,,-130,,win,,,,,2025-11-22
nba_h_035,NBA,,BOS -5.5,SPREAD,,,,,,,,-110,,win,,,,,2025-11-22
nhl_rs_014,NHL,,WPG ML,ML,,,,,,,,-110,,win,,,,,2025-11-21
nhl_h_019,NHL,,BOS ML,ML,,,,,,,,-155,,win,,,,,2025-11-19
nba_h_034,NBA,,OKC ML,ML,,,,,,,,-120,,loss,,,,,2025-11-19
nhl_rs_013,NHL,,CAR ML,ML,,,,,,,,-125,,win,,,,,2025-11-18
nhl_h_018,NHL,,TOR ML,ML,,,,,,,,-120,,win,,,,,2025-11-15
nba_h_033,NBA,,CLE ML,ML,,,,,,,,-155,,win,,,,,2025-11-15
nhl_rs_012,NHL,,TOR ML,ML,,,,,,,,+120,,loss,,,,,2025-11-14
nba_h_032,NBA,,Nikola Jokic OVER PRA 47.5,PROP,,,,,,,,-115,,win,,,,,2025-11-12
nhl_h_017,NHL,,NYR ML,ML,,,,,,,,-140,,loss,,,,,2025-11-12
nhl_rs_011,NHL,,VGK ML,ML,,,,,,,,-130,,win,,,,,2025-11-10
nba_h_031,NBA,,DEN ML,ML,,,,,,,,-130,,win,,,,,2025-11-08
nhl_h_016,NHL,,VGK ML,ML,,,,,,,,-145,,win,,,,,2025-11-08
nhl_rs_010,NHL,,FLA ML,ML,,,,,,,,-115,,win,,,,,2025-11-07
nhl_h_015,NHL,,CAR ML,ML,,,,,,,,-135,,win,,,,,2025-11-05
nhl_rs_009,NHL,,BOS ML,ML,,,,,,,,-145,,win,,,,,2025-11-04
nba_h_030,NBA,,BOS ML,ML,,,,,,,,-165,,win,,,,,2025-11-04
nhl_h_014,NHL,,FLA ML,ML,,,,,,,,-125,,win,,,,,2025-11-02
nba_h_029,NBA,,OKC ML,ML,,,,,,,,-145,,win,,,,,2025-11-01
mlb_h_013,MLB,,LAD ML,ML,,,,,,,,-140,,win,,,,,2025-10-31
nhl_rs_008,NHL,,EDM ML,ML,,,,,,,,+110,,loss,,,,,2025-10-31
mlb_h_012,MLB,,LAD ML,ML,,,,,,,,+110,,win,,,,,2025-10-29
mlb_h_011,MLB,,NYY ML,ML,,,,,,,,-130,,loss,,,,,2025-10-28
nhl_rs_007,NHL,,VGK ML,ML,,,,,,,,-160,,win,,,,,2025-10-28
mlb_h_010,MLB,,LAD ML,ML,,,,,,,,-115,,win,,,,,2025-10-26
nhl_rs_006,NHL,,CAR ML,ML,,,,,,,,-140,,win,,,,,2025-10-25
mlb_h_009,MLB,,LAD ML,ML,,,,,,,,-120,,win,,,,,2025-10-25
nhl_rs_005,NHL,,FLA ML,ML,,,,,,,,-120,,loss,,,,,2025-10-22
nhl_rs_004,NHL,,TOR ML,ML,,,,,,,,-175,,win,,,,,2025-10-18
mlb_h_008,MLB,,LAD ML,ML,,,,,,,,-130,,loss,,,,,2025-10-16
nhl_rs_003,NHL,,VGK ML,ML,,,,,,,,+140,,win,,,,,2025-10-14
mlb_h_006,MLB,,Walker Buehler OVER K 5.5,PROP,,,,,,,,-115,,win,,,,,2025-10-14
mlb_h_005,MLB,,LAD ML,ML,,,,,,,,-145,,win,,,,,2025-10-14
mlb_h_007,MLB,,NYY ML,ML,,,,,,,,-160,,win,,,,,2025-10-14
nhl_rs_002,NHL,,NYR ML,ML,,,,,,,,-130,,win,,,,,2025-10-12
nhl_rs_001,NHL,,BOS ML,ML,,,,,,,,-155,,win,,,,,2025-10-10
mlb_h_003,MLB,,LAD ML,ML,,,,,,,,-165,,win,,,,,2025-10-07
mlb_h_004,MLB,,HOU ML,ML,,,,,,,,-130,,loss,,,,,2025-10-07
mlb_h_002,MLB,,NYY ML,ML,,,,,,,,-175,,win,,,,,2025-10-05
mlb_h_001,MLB,,LAD ML,ML,,,,,,,,-155,,win,,,,,2025-10-05
wnba_h_060,WNBA,,NYL ML,ML,,,,,,,,-175,,win,,,,,2025-06-18
wnba_h_059,WNBA,,LAS ML,ML,,,,,,,,-140,,loss,,,,,2025-06-15
wnba_h_058,WNBA,,Napheesa Collier OVER PTS 20.5,PROP,,,,,,,,-115,,win,,,,,2025-06-12
wnba_h_057,WNBA,,MIN ML,ML,,,,,,,,-150,,win,,,,,2025-06-08
wnba_h_056,WNBA,,NYL ML,ML,,,,,,,,-130,,win,,,,,2025-06-04
wnba_h_055,WNBA,,CHI ML,ML,,,,,,,,+120,,loss,,,,,2025-05-31
wnba_h_054,WNBA,,MIN ML,ML,,,,,,,,-185,,win,,,,,2025-05-27
wnba_h_053,WNBA,,Breanna Stewart OVER PTS 18.5,PROP,,,,,,,,-120,,win,,,,,2025-05-23
wnba_h_052,WNBA,,LAS ML,ML,,,,,,,,-165,,win,,,,,2025-05-20
wnba_h_051,WNBA,,NYL ML,ML,,,,,,,,-155,,win,,,,,2025-05-17
